id,title,authors,summary,categories
http://arxiv.org/abs/cs/9308101v1,Dynamic Backtracking,['M. L. Ginsberg'],"Because of their occasional need to return to shallow points in a search
tree, existing backtracking methods can sometimes erase meaningful progress
toward solving a search problem. In this paper, we present a method by which
backtrack points can be moved deeper in the search space, thereby avoiding this
difficulty. The technique developed is a variant of dependency-directed
backtracking that uses only polynomial space while still providing useful
control information and retaining the completeness guarantees provided by
earlier approaches.",['cs.AI']
http://arxiv.org/abs/cs/9308102v1,"A Market-Oriented Programming Environment and its Application to
  Distributed Multicommodity Flow Problems",['M. P. Wellman'],"Market price systems constitute a well-understood class of mechanisms that
under certain conditions provide effective decentralization of decision making
with minimal communication overhead. In a market-oriented programming approach
to distributed problem solving, we derive the activities and resource
allocations for a set of computational agents by computing the competitive
equilibrium of an artificial economy. WALRAS provides basic constructs for
defining computational market structures, and protocols for deriving their
corresponding price equilibria. In a particular realization of this approach
for a form of multicommodity flow problem, we see that careful construction of
the decision process according to economic principles can lead to efficient
distributed resource allocation, and that the behavior of the system can be
meaningfully analyzed in economic terms.",['cs.AI']
http://arxiv.org/abs/cs/9309101v1,An Empirical Analysis of Search in GSAT,"['I. P. Gent', 'T. Walsh']","We describe an extensive study of search in GSAT, an approximation procedure
for propositional satisfiability. GSAT performs greedy hill-climbing on the
number of satisfied clauses in a truth assignment. Our experiments provide a
more complete picture of GSAT's search than previous accounts. We describe in
detail the two phases of search: rapid hill-climbing followed by a long plateau
search. We demonstrate that when applied to randomly generated 3SAT problems,
there is a very simple scaling with problem size for both the mean number of
satisfied clauses and the mean branching rate. Our results allow us to make
detailed numerical conjectures about the length of the hill-climbing phase, the
average gradient of this phase, and to conjecture that both the average score
and average branching rate decay exponentially during plateau search. We end by
showing how these results can be used to direct future theoretical analysis.
This work provides a case study of how computer experiments can be used to
improve understanding of the theoretical properties of algorithms.",['cs.AI']
http://arxiv.org/abs/cs/9311101v1,The Difficulties of Learning Logic Programs with Cut,"['F. Bergadano', 'D. Gunetti', 'U. Trinchero']","As real logic programmers normally use cut (!), an effective learning
procedure for logic programs should be able to deal with it. Because the cut
predicate has only a procedural meaning, clauses containing cut cannot be
learned using an extensional evaluation method, as is done in most learning
systems. On the other hand, searching a space of possible programs (instead of
a space of independent clauses) is unfeasible. An alternative solution is to
generate first a candidate base program which covers the positive examples, and
then make it consistent by inserting cut where appropriate. The problem of
learning programs with cut has not been investigated before and this seems to
be a natural and reasonable approach. We generalize this scheme and investigate
the difficulties that arise. Some of the major shortcomings are actually
caused, in general, by the need for intensional evaluation. As a conclusion,
the analysis of this paper suggests, on precise and technical grounds, that
learning cut is difficult, and current induction techniques should probably be
restricted to purely declarative logic languages.",['cs.AI']
http://arxiv.org/abs/cs/9311102v1,Software Agents: Completing Patterns and Constructing User Interfaces,"['J. C. Schlimmer', 'L. A. Hermens']","To support the goal of allowing users to record and retrieve information,
this paper describes an interactive note-taking system for pen-based computers
with two distinctive features. First, it actively predicts what the user is
going to write. Second, it automatically constructs a custom, button-box user
interface on request. The system is an example of a learning-apprentice
software- agent. A machine learning component characterizes the syntax and
semantics of the user's information. A performance system uses this learned
information to generate completion strings and construct a user interface.
Description of Online Appendix: People like to record information. Doing this
on paper is initially efficient, but lacks flexibility. Recording information
on a computer is less efficient but more powerful. In our new note taking
softwre, the user records information directly on a computer. Behind the
interface, an agent acts for the user. To help, it provides defaults and
constructs a custom user interface. The demonstration is a QuickTime movie of
the note taking agent in action. The file is a binhexed self-extracting
archive. Macintosh utilities for binhex are available from
mac.archive.umich.edu. QuickTime is available from ftp.apple.com in the
dts/mac/sys.soft/quicktime.",['cs.AI']
http://arxiv.org/abs/cs/9312101v1,Decidable Reasoning in Terminological Knowledge Representation Systems,"['M. Buchheit', 'F. M. Donini', 'A. Schaerf']","Terminological knowledge representation systems (TKRSs) are tools for
designing and using knowledge bases that make use of terminological languages
(or concept languages). We analyze from a theoretical point of view a TKRS
whose capabilities go beyond the ones of presently available TKRSs. The new
features studied, often required in practical applications, can be summarized
in three main points. First, we consider a highly expressive terminological
language, called ALCNR, including general complements of concepts, number
restrictions and role conjunction. Second, we allow to express inclusion
statements between general concepts, and terminological cycles as a particular
case. Third, we prove the decidability of a number of desirable TKRS-deduction
services (like satisfiability, subsumption and instance checking) through a
sound, complete and terminating calculus for reasoning in ALCNR-knowledge
bases. Our calculus extends the general technique of constraint systems. As a
byproduct of the proof, we get also the result that inclusion statements in
ALCNR can be simulated by terminological cycles, if descriptive semantics is
adopted.",['cs.AI']
http://arxiv.org/abs/cs/9401101v1,Teleo-Reactive Programs for Agent Control,['N. Nilsson'],"A formalism is presented for computing and organizing actions for autonomous
agents in dynamic environments. We introduce the notion of teleo-reactive (T-R)
programs whose execution entails the construction of circuitry for the
continuous computation of the parameters and conditions on which agent action
is based. In addition to continuous feedback, T-R programs support parameter
binding and recursion. A primary difference between T-R programs and many other
circuit-based systems is that the circuitry of T-R programs is more compact; it
is constructed at run time and thus does not have to anticipate all the
contingencies that might arise over all possible runs. In addition, T-R
programs are intuitive and easy to write and are written in a form that is
compatible with automatic planning and learning methods. We briefly describe
some experimental applications of T-R programs in the control of simulated and
actual mobile robots.",['cs.AI']
http://arxiv.org/abs/cs/9402101v1,"Learning the Past Tense of English Verbs: The Symbolic Pattern
  Associator vs. Connectionist Models",['C. X. Ling'],"Learning the past tense of English verbs - a seemingly minor aspect of
language acquisition - has generated heated debates since 1986, and has become
a landmark task for testing the adequacy of cognitive modeling. Several
artificial neural networks (ANNs) have been implemented, and a challenge for
better symbolic models has been posed. In this paper, we present a
general-purpose Symbolic Pattern Associator (SPA) based upon the decision-tree
learning algorithm ID3. We conduct extensive head-to-head comparisons on the
generalization ability between ANN models and the SPA under different
representations. We conclude that the SPA generalizes the past tense of unseen
verbs better than ANN models by a wide margin, and we offer insights as to why
this should be the case. We also discuss a new default strategy for
decision-tree learning algorithms.",['cs.AI']
http://arxiv.org/abs/cs/9402102v1,"Substructure Discovery Using Minimum Description Length and Background
  Knowledge","['D. J. Cook', 'L. B. Holder']","The ability to identify interesting and repetitive substructures is an
essential component to discovering knowledge in structural data. We describe a
new version of our SUBDUE substructure discovery system based on the minimum
description length principle. The SUBDUE system discovers substructures that
compress the original data and represent structural concepts in the data. By
replacing previously-discovered substructures in the data, multiple passes of
SUBDUE produce a hierarchical description of the structural regularities in the
data. SUBDUE uses a computationally-bounded inexact graph match that identifies
similar, but not identical, instances of a substructure and finds an
approximate measure of closeness of two substructures when under computational
constraints. In addition to the minimum description length principle, other
background knowledge can be used by SUBDUE to guide the search towards more
appropriate substructures. Experiments in a variety of domains demonstrate
SUBDUE's ability to find substructures capable of compressing the original data
and to discover structural concepts important to the domain. Description of
Online Appendix: This is a compressed tar file containing the SUBDUE discovery
system, written in C. The program accepts as input databases represented in
graph form, and will output discovered substructures with their corresponding
value.",['cs.AI']
http://arxiv.org/abs/cs/9402103v1,Bias-Driven Revision of Logical Domain Theories,"['M. Koppel', 'R. Feldman', 'A. M. Segre']","The theory revision problem is the problem of how best to go about revising a
deficient domain theory using information contained in examples that expose
inaccuracies. In this paper we present our approach to the theory revision
problem for propositional domain theories. The approach described here, called
PTR, uses probabilities associated with domain theory elements to numerically
track the ``flow'' of proof through the theory. This allows us to measure the
precise role of a clause or literal in allowing or preventing a (desired or
undesired) derivation for a given example. This information is used to
efficiently locate and repair flawed elements of the theory. PTR is proved to
converge to a theory which correctly classifies all examples, and shown
experimentally to be fast and accurate even for deep theories.",['cs.AI']
http://arxiv.org/abs/cs/9403101v1,"Exploring the Decision Forest: An Empirical Investigation of Occam's
  Razor in Decision Tree Induction","['P. M. Murphy', 'M. J. Pazzani']","We report on a series of experiments in which all decision trees consistent
with the training data are constructed. These experiments were run to gain an
understanding of the properties of the set of consistent decision trees and the
factors that affect the accuracy of individual trees. In particular, we
investigated the relationship between the size of a decision tree consistent
with some training data and the accuracy of the tree on test data. The
experiments were performed on a massively parallel Maspar computer. The results
of the experiments on several artificial and two real world problems indicate
that, for many of the problems investigated, smaller consistent decision trees
are on average less accurate than the average accuracy of slightly larger
trees.",['cs.AI']
http://arxiv.org/abs/cs/9406101v1,"A Semantics and Complete Algorithm for Subsumption in the CLASSIC
  Description Logic","['A. Borgida', 'P. F. Patel-Schneider']","This paper analyzes the correctness of the subsumption algorithm used in
CLASSIC, a description logic-based knowledge representation system that is
being used in practical applications. In order to deal efficiently with
individuals in CLASSIC descriptions, the developers have had to use an
algorithm that is incomplete with respect to the standard, model-theoretic
semantics for description logics. We provide a variant semantics for
descriptions with respect to which the current implementation is complete, and
which can be independently motivated. The soundness and completeness of the
polynomial-time subsumption algorithm is established using description graphs,
which are an abstracted version of the implementation structures used in
CLASSIC, and are of independent interest.",['cs.AI']
http://arxiv.org/abs/cs/9406102v1,Applying GSAT to Non-Clausal Formulas,['R. Sebastiani'],"In this paper we describe how to modify GSAT so that it can be applied to
non-clausal formulas. The idea is to use a particular ``score'' function which
gives the number of clauses of the CNF conversion of a formula which are false
under a given truth assignment. Its value is computed in linear time, without
constructing the CNF conversion itself. The proposed methodology applies to
most of the variants of GSAT proposed so far.",['cs.AI']
http://arxiv.org/abs/cs/9408101v1,Random Worlds and Maximum Entropy,"['A. J. Grove', 'J. Y. Halpern', 'D. Koller']","Given a knowledge base KB containing first-order and statistical facts, we
consider a principled method, called the random-worlds method, for computing a
degree of belief that some formula Phi holds given KB. If we are reasoning
about a world or system consisting of N individuals, then we can consider all
possible worlds, or first-order models, with domain {1,...,N} that satisfy KB,
and compute the fraction of them in which Phi is true. We define the degree of
belief to be the asymptotic value of this fraction as N grows large. We show
that when the vocabulary underlying Phi and KB uses constants and unary
predicates only, we can naturally associate an entropy with each world. As N
grows larger, there are many more worlds with higher entropy. Therefore, we can
use a maximum-entropy computation to compute the degree of belief. This result
is in a similar spirit to previous work in physics and artificial intelligence,
but is far more general. Of equal interest to the result itself are the
limitations on its scope. Most importantly, the restriction to unary predicates
seems necessary. Although the random-worlds method makes sense in general, the
connection to maximum entropy seems to disappear in the non-unary case. These
observations suggest unexpected limitations to the applicability of
maximum-entropy methods.",['cs.AI']
http://arxiv.org/abs/cs/9408102v1,"Pattern Matching and Discourse Processing in Information Extraction from
  Japanese Text","['T. Kitani', 'Y. Eriguchi', 'M. Hara']","Information extraction is the task of automatically picking up information of
interest from an unconstrained text. Information of interest is usually
extracted in two steps. First, sentence level processing locates relevant
pieces of information scattered throughout the text; second, discourse
processing merges coreferential information to generate the output. In the
first step, pieces of information are locally identified without recognizing
any relationships among them. A key word search or simple pattern search can
achieve this purpose. The second step requires deeper knowledge in order to
understand relationships among separately identified pieces of information.
Previous information extraction systems focused on the first step, partly
because they were not required to link up each piece of information with other
pieces. To link the extracted pieces of information and map them onto a
structured output format, complex discourse processing is essential. This paper
reports on a Japanese information extraction system that merges information
using a pattern matcher and discourse processor. Evaluation results show a high
level of system performance which approaches human performance.",['cs.AI']
http://arxiv.org/abs/cs/9408103v1,A System for Induction of Oblique Decision Trees,"['S. K. Murthy', 'S. Kasif', 'S. Salzberg']","This article describes a new system for induction of oblique decision trees.
This system, OC1, combines deterministic hill-climbing with two forms of
randomization to find a good oblique split (in the form of a hyperplane) at
each node of a decision tree. Oblique decision tree methods are tuned
especially for domains in which the attributes are numeric, although they can
be adapted to symbolic or mixed symbolic/numeric attributes. We present
extensive empirical studies, using both real and artificial data, that analyze
OC1's ability to construct oblique trees that are smaller and more accurate
than their axis-parallel counterparts. We also examine the benefits of
randomization for the construction of oblique decision trees.",['cs.AI']
http://arxiv.org/abs/cs/9409101v1,On Planning while Learning,"['S. Safra', 'M. Tennenholtz']","This paper introduces a framework for Planning while Learning where an agent
is given a goal to achieve in an environment whose behavior is only partially
known to the agent. We discuss the tractability of various plan-design
processes. We show that for a large natural class of Planning while Learning
systems, a plan can be presented and verified in a reasonable time. However,
coming up algorithmically with a plan, even for simple classes of systems is
apparently intractable. We emphasize the role of off-line plan-design
processes, and show that, in most natural cases, the verification (projection)
part can be carried out in an efficient algorithmic manner.",['cs.AI']
http://arxiv.org/abs/cs/9412101v1,Wrap-Up: a Trainable Discourse Module for Information Extraction,"['S. Soderland', 'Lehnert. W']","The vast amounts of on-line text now available have led to renewed interest
in information extraction (IE) systems that analyze unrestricted text,
producing a structured representation of selected information from the text.
This paper presents a novel approach that uses machine learning to acquire
knowledge for some of the higher level IE processing. Wrap-Up is a trainable IE
discourse component that makes intersentential inferences and identifies
logical relations among information extracted from the text. Previous
corpus-based approaches were limited to lower level processing such as
part-of-speech tagging, lexical disambiguation, and dictionary construction.
Wrap-Up is fully trainable, and not only automatically decides what classifiers
are needed, but even derives the feature set for each classifier automatically.
Performance equals that of a partially trainable discourse module requiring
manual customization for each domain.",['cs.AI']
http://arxiv.org/abs/cs/9412102v1,Operations for Learning with Graphical Models,['W. L. Buntine'],"This paper is a multidisciplinary review of empirical, statistical learning
from a graphical model perspective. Well-known examples of graphical models
include Bayesian networks, directed graphs representing a Markov chain, and
undirected networks representing a Markov field. These graphical models are
extended to model data analysis and empirical learning using the notation of
plates. Graphical operations for simplifying and manipulating a problem are
provided including decomposition, differentiation, and the manipulation of
probability models from the exponential family. Two standard algorithm schemas
for learning are reviewed in a graphical framework: Gibbs sampling and the
expectation maximization algorithm. Using these operations and schemas, some
popular algorithms can be synthesized from their graphical specification. This
includes versions of linear regression, techniques for feed-forward networks,
and learning Gaussian and discrete Bayesian networks from data. The paper
concludes by sketching some implications for data analysis and summarizing how
some popular algorithms fall within the framework presented. The main original
contributions here are the decomposition techniques and the demonstration that
graphical models provide a framework for understanding and developing complex
learning algorithms.",['cs.AI']
http://arxiv.org/abs/cs/9412103v1,Total-Order and Partial-Order Planning: A Comparative Analysis,"['S. Minton', 'J. Bresina', 'M. Drummond']","For many years, the intuitions underlying partial-order planning were largely
taken for granted. Only in the past few years has there been renewed interest
in the fundamental principles underlying this paradigm. In this paper, we
present a rigorous comparative analysis of partial-order and total-order
planning by focusing on two specific planners that can be directly compared. We
show that there are some subtle assumptions that underly the wide-spread
intuitions regarding the supposed efficiency of partial-order planning. For
instance, the superiority of partial-order planning can depend critically upon
the search strategy and the structure of the search space. Understanding the
underlying assumptions is crucial for constructing efficient planners.",['cs.AI']
http://arxiv.org/abs/cs/9501101v1,Solving Multiclass Learning Problems via Error-Correcting Output Codes,"['T. G. Dietterich', 'G. Bakiri']","Multiclass learning problems involve finding a definition for an unknown
function f(x) whose range is a discrete set containing k &gt 2 values (i.e., k
``classes''). The definition is acquired by studying collections of training
examples of the form [x_i, f (x_i)]. Existing approaches to multiclass learning
problems include direct application of multiclass algorithms such as the
decision-tree algorithms C4.5 and CART, application of binary concept learning
algorithms to learn individual binary functions for each of the k classes, and
application of binary concept learning algorithms with distributed output
representations. This paper compares these three approaches to a new technique
in which error-correcting codes are employed as a distributed output
representation. We show that these output representations improve the
generalization performance of both C4.5 and backpropagation on a wide range of
multiclass learning tasks. We also demonstrate that this approach is robust
with respect to changes in the size of the training sample, the assignment of
distributed representations to particular classes, and the application of
overfitting avoidance techniques such as decision-tree pruning. Finally, we
show that---like the other methods---the error-correcting code technique can
provide reliable class probability estimates. Taken together, these results
demonstrate that error-correcting output codes provide a general-purpose method
for improving the performance of inductive learning programs on multiclass
problems.",['cs.AI']
http://arxiv.org/abs/cs/9501102v1,A Domain-Independent Algorithm for Plan Adaptation,"['S. Hanks', 'D. S. Weld']","The paradigms of transformational planning, case-based planning, and plan
debugging all involve a process known as plan adaptation - modifying or
repairing an old plan so it solves a new problem. In this paper we provide a
domain-independent algorithm for plan adaptation, demonstrate that it is sound,
complete, and systematic, and compare it to other adaptation algorithms in the
literature. Our approach is based on a view of planning as searching a graph of
partial plans. Generative planning starts at the graph's root and moves from
node to node using plan-refinement operators. In planning by adaptation, a
library plan - an arbitrary node in the plan graph - is the starting point for
the search, and the plan-adaptation algorithm can apply both the same
refinement operators available to a generative planner and can also retract
constraints and steps from the plan. Our algorithm's completeness ensures that
the adaptation algorithm will eventually search the entire graph and its
systematicity ensures that it will do so without redundantly searching any
parts of the graph.",['cs.AI']
http://arxiv.org/abs/cs/9501103v1,"Truncating Temporal Differences: On the Efficient Implementation of
  TD(lambda) for Reinforcement Learning",['P. Cichosz'],"Temporal difference (TD) methods constitute a class of methods for learning
predictions in multi-step prediction problems, parameterized by a recency
factor lambda. Currently the most important application of these methods is to
temporal credit assignment in reinforcement learning. Well known reinforcement
learning algorithms, such as AHC or Q-learning, may be viewed as instances of
TD learning. This paper examines the issues of the efficient and general
implementation of TD(lambda) for arbitrary lambda, for use with reinforcement
learning algorithms optimizing the discounted sum of rewards. The traditional
approach, based on eligibility traces, is argued to suffer from both
inefficiency and lack of generality. The TTD (Truncated Temporal Differences)
procedure is proposed as an alternative, that indeed only approximates
TD(lambda), but requires very little computation per action and can be used
with arbitrary function representation methods. The idea from which it is
derived is fairly simple and not new, but probably unexplored so far.
Encouraging experimental results are presented, suggesting that using lambda
&gt 0 with the TTD procedure allows one to obtain a significant learning
speedup at essentially the same cost as usual TD(0) learning.",['cs.AI']
http://arxiv.org/abs/cs/9503102v1,"Cost-Sensitive Classification: Empirical Evaluation of a Hybrid Genetic
  Decision Tree Induction Algorithm",['P. D. Turney'],"This paper introduces ICET, a new algorithm for cost-sensitive
classification. ICET uses a genetic algorithm to evolve a population of biases
for a decision tree induction algorithm. The fitness function of the genetic
algorithm is the average cost of classification when using the decision tree,
including both the costs of tests (features, measurements) and the costs of
classification errors. ICET is compared here with three other algorithms for
cost-sensitive classification - EG2, CS-ID3, and IDX - and also with C4.5,
which classifies without regard to cost. The five algorithms are evaluated
empirically on five real-world medical datasets. Three sets of experiments are
performed. The first set examines the baseline performance of the five
algorithms on the five datasets and establishes that ICET performs
significantly better than its competitors. The second set tests the robustness
of ICET under a variety of conditions and shows that ICET maintains its
advantage. The third set looks at ICET's search in bias space and discovers a
way to improve the search.",['cs.AI']
http://arxiv.org/abs/cs/9504101v1,"Rerepresenting and Restructuring Domain Theories: A Constructive
  Induction Approach","['S. K. Donoho', 'L. A. Rendell']","Theory revision integrates inductive learning and background knowledge by
combining training examples with a coarse domain theory to produce a more
accurate theory. There are two challenges that theory revision and other
theory-guided systems face. First, a representation language appropriate for
the initial theory may be inappropriate for an improved theory. While the
original representation may concisely express the initial theory, a more
accurate theory forced to use that same representation may be bulky,
cumbersome, and difficult to reach. Second, a theory structure suitable for a
coarse domain theory may be insufficient for a fine-tuned theory. Systems that
produce only small, local changes to a theory have limited value for
accomplishing complex structural alterations that may be required.
Consequently, advanced theory-guided learning systems require flexible
representation and flexible structure. An analysis of various theory revision
systems and theory-guided learning systems reveals specific strengths and
weaknesses in terms of these two desired properties. Designed to capture the
underlying qualities of each system, a new system uses theory-guided
constructive induction. Experiments in three domains show improvement over
previous theory-guided systems. This leads to a study of the behavior,
limitations, and potential of theory-guided constructive induction.",['cs.AI']
http://arxiv.org/abs/cs/9505101v1,Using Pivot Consistency to Decompose and Solve Functional CSPs,['P. David'],"Many studies have been carried out in order to increase the search efficiency
of constraint satisfaction problems; among them, some make use of structural
properties of the constraint network; others take into account semantic
properties of the constraints, generally assuming that all the constraints
possess the given property. In this paper, we propose a new decomposition
method benefiting from both semantic properties of functional constraints (not
bijective constraints) and structural properties of the network; furthermore,
not all the constraints need to be functional. We show that under some
conditions, the existence of solutions can be guaranteed. We first characterize
a particular subset of the variables, which we name a root set. We then
introduce pivot consistency, a new local consistency which is a weak form of
path consistency and can be achieved in O(n^2d^2) complexity (instead of
O(n^3d^3) for path consistency), and we present associated properties; in
particular, we show that any consistent instantiation of the root set can be
linearly extended to a solution, which leads to the presentation of the
aforementioned new method for solving by decomposing functional CSPs.",['cs.AI']
http://arxiv.org/abs/cs/9505102v1,Adaptive Load Balancing: A Study in Multi-Agent Learning,"['A. Schaerf', 'Y. Shoham', 'M. Tennenholtz']","We study the process of multi-agent reinforcement learning in the context of
load balancing in a distributed system, without use of either central
coordination or explicit communication. We first define a precise framework in
which to study adaptive load balancing, important features of which are its
stochastic nature and the purely local information available to individual
agents. Given this framework, we show illuminating results on the interplay
between basic adaptive behavior parameters and their effect on system
efficiency. We then investigate the properties of adaptive load balancing in
heterogeneous populations, and address the issue of exploration vs.
exploitation in that context. Finally, we show that naive use of communication
may not improve, and might even harm system efficiency.",['cs.AI']
http://arxiv.org/abs/cs/9505103v1,Provably Bounded-Optimal Agents,"['S. J. Russell', 'D. Subramanian']","Since its inception, artificial intelligence has relied upon a theoretical
foundation centered around perfect rationality as the desired property of
intelligent systems. We argue, as others have done, that this foundation is
inadequate because it imposes fundamentally unsatisfiable requirements. As a
result, there has arisen a wide gap between theory and practice in AI,
hindering progress in the field. We propose instead a property called bounded
optimality. Roughly speaking, an agent is bounded-optimal if its program is a
solution to the constrained optimization problem presented by its architecture
and the task environment. We show how to construct agents with this property
for a simple class of machine architectures in a broad class of real-time
environments. We illustrate these results using a simple model of an automated
mail sorting facility. We also define a weaker property, asymptotic bounded
optimality (ABO), that generalizes the notion of optimality in classical
complexity theory. We then construct universal ABO programs, i.e., programs
that are ABO no matter what real-time constraints are applied. Universal ABO
programs can be used as building blocks for more complex systems. We conclude
with a discussion of the prospects for bounded optimality as a theoretical
basis for AI, and relate it to similar trends in philosophy, economics, and
game theory.",['cs.AI']
http://arxiv.org/abs/cs/9505104v1,Pac-Learning Recursive Logic Programs: Efficient Algorithms,['W. W. Cohen'],"We present algorithms that learn certain classes of function-free recursive
logic programs in polynomial time from equivalence queries. In particular, we
show that a single k-ary recursive constant-depth determinate clause is
learnable. Two-clause programs consisting of one learnable recursive clause and
one constant-depth determinate non-recursive clause are also learnable, if an
additional ``basecase'' oracle is assumed. These results immediately imply the
pac-learnability of these classes. Although these classes of learnable
recursive programs are very constrained, it is shown in a companion paper that
they are maximally general, in that generalizing either class in any natural
way leads to a computationally difficult learning problem. Thus, taken together
with its companion paper, this paper establishes a boundary of efficient
learnability for recursive logic programs.",['cs.AI']
http://arxiv.org/abs/cs/9505105v1,Pac-learning Recursive Logic Programs: Negative Results,['W. W. Cohen'],"In a companion paper it was shown that the class of constant-depth
determinate k-ary recursive clauses is efficiently learnable. In this paper we
present negative results showing that any natural generalization of this class
is hard to learn in Valiant's model of pac-learnability. In particular, we show
that the following program classes are cryptographically hard to learn:
programs with an unbounded number of constant-depth linear recursive clauses;
programs with one constant-depth determinate clause containing an unbounded
number of recursive calls; and programs with one linear recursive clause of
constant locality. These results immediately imply the non-learnability of any
more general class of programs. We also show that learning a constant-depth
determinate program with either two linear recursive clauses or one linear
recursive clause and one non-recursive clause is as hard as learning boolean
DNF. Together with positive results from the companion paper, these negative
results establish a boundary of efficient learnability for recursive
function-free clauses.",['cs.AI']
http://arxiv.org/abs/cs/9506101v1,FLECS: Planning with a Flexible Commitment Strategy,"['M. Veloso', 'P. Stone']","There has been evidence that least-commitment planners can efficiently handle
planning problems that involve difficult goal interactions. This evidence has
led to the common belief that delayed-commitment is the ""best"" possible
planning strategy. However, we recently found evidence that eager-commitment
planners can handle a variety of planning problems more efficiently, in
particular those with difficult operator choices. Resigned to the futility of
trying to find a universally successful planning strategy, we devised a planner
that can be used to study which domains and problems are best for which
planning strategies. In this article we introduce this new planning algorithm,
FLECS, which uses a FLExible Commitment Strategy with respect to plan-step
orderings. It is able to use any strategy from delayed-commitment to
eager-commitment. The combination of delayed and eager operator-ordering
commitments allows FLECS to take advantage of the benefits of explicitly using
a simulated execution state and reasoning about planning constraints. FLECS can
vary its commitment strategy across different problems and domains, and also
during the course of a single planning problem. FLECS represents a novel
contribution to planning in that it explicitly provides the choice of which
commitment strategy to use while planning. FLECS provides a framework to
investigate the mapping from planning domains and problems to efficient
planning strategies.",['cs.AI']
http://arxiv.org/abs/cs/9506102v1,"Induction of First-Order Decision Lists: Results on Learning the Past
  Tense of English Verbs","['R. J. Mooney', 'M. E. Califf']","This paper presents a method for inducing logic programs from examples that
learns a new class of concepts called first-order decision lists, defined as
ordered lists of clauses each ending in a cut. The method, called FOIDL, is
based on FOIL (Quinlan, 1990) but employs intensional background knowledge and
avoids the need for explicit negative examples. It is particularly useful for
problems that involve rules with specific exceptions, such as learning the
past-tense of English verbs, a task widely studied in the context of the
symbolic/connectionist debate. FOIDL is able to learn concise, accurate
programs for this problem from significantly fewer examples than previous
methods (both connectionist and symbolic).",['cs.AI']
http://arxiv.org/abs/cs/9507101v1,"Building and Refining Abstract Planning Cases by Change of
  Representation Language","['R. Bergmann', 'W. Wilke']","ion is one of the most promising approaches to improve the performance of
problem solvers. In several domains abstraction by dropping sentences of a
domain description -- as used in most hierarchical planners -- has proven
useful. In this paper we present examples which illustrate significant
drawbacks of abstraction by dropping sentences. To overcome these drawbacks, we
propose a more general view of abstraction involving the change of
representation language. We have developed a new abstraction methodology and a
related sound and complete learning algorithm that allows the complete change
of representation language of planning cases from concrete to abstract.
However, to achieve a powerful change of the representation language, the
abstract language itself as well as rules which describe admissible ways of
abstracting states must be provided in the domain model. This new abstraction
approach is the core of Paris (Plan Abstraction and Refinement in an Integrated
System), a system in which abstract planning cases are automatically learned
from given concrete cases. An empirical study in the domain of process planning
in mechanical engineering shows significant advantages of the proposed
reasoning from abstract cases over classical hierarchical planning.",['cs.AI']
http://arxiv.org/abs/cs/9508101v1,Using Qualitative Hypotheses to Identify Inaccurate Data,"['Q. Zhao', 'T. Nishida']","Identifying inaccurate data has long been regarded as a significant and
difficult problem in AI. In this paper, we present a new method for identifying
inaccurate data on the basis of qualitative correlations among related data.
First, we introduce the definitions of related data and qualitative
correlations among related data. Then we put forward a new concept called
support coefficient function (SCF). SCF can be used to extract, represent, and
calculate qualitative correlations among related data within a dataset. We
propose an approach to determining dynamic shift intervals of inaccurate data,
and an approach to calculating possibility of identifying inaccurate data,
respectively. Both of the approaches are based on SCF. Finally we present an
algorithm for identifying inaccurate data by using qualitative correlations
among related data as confirmatory or disconfirmatory evidence. We have
developed a practical system for interpreting infrared spectra by applying the
method, and have fully tested the system against several hundred real spectra.
The experimental results show that the method is significantly better than the
conventional methods used in many similar systems.",['cs.AI']
http://arxiv.org/abs/cs/9508102v1,An Integrated Framework for Learning and Reasoning,"['C. G. Giraud-Carrier', 'T. R. Martinez']","Learning and reasoning are both aspects of what is considered to be
intelligence. Their studies within AI have been separated historically,
learning being the topic of machine learning and neural networks, and reasoning
falling under classical (or symbolic) AI. However, learning and reasoning are
in many ways interdependent. This paper discusses the nature of some of these
interdependencies and proposes a general framework called FLARE, that combines
inductive learning using prior knowledge together with reasoning in a
propositional setting. Several examples that test the framework are presented,
including classical induction, many important reasoning protocols and two
simple expert systems.",['cs.AI']
http://arxiv.org/abs/cs/9510101v1,Diffusion of Context and Credit Information in Markovian Models,"['Y. Bengio', 'P. Frasconi']","This paper studies the problem of ergodicity of transition probability
matrices in Markovian models, such as hidden Markov models (HMMs), and how it
makes very difficult the task of learning to represent long-term context for
sequential data. This phenomenon hurts the forward propagation of long-term
context information, as well as learning a hidden state representation to
represent long-term context, which depends on propagating credit information
backwards in time. Using results from Markov chain theory, we show that this
problem of diffusion of context and credit is reduced when the transition
probabilities approach 0 or 1, i.e., the transition probability matrices are
sparse and the model essentially deterministic. The results found in this paper
apply to learning approaches based on continuous optimization, such as gradient
descent and the Baum-Welch algorithm.",['cs.AI']
http://arxiv.org/abs/cs/9510102v1,Improving Connectionist Energy Minimization,"['G. Pinkas', 'R. Dechter']","Symmetric networks designed for energy minimization such as Boltzman machines
and Hopfield nets are frequently investigated for use in optimization,
constraint satisfaction and approximation of NP-hard problems. Nevertheless,
finding a global solution (i.e., a global minimum for the energy function) is
not guaranteed and even a local solution may take an exponential number of
steps. We propose an improvement to the standard local activation function used
for such networks. The improved algorithm guarantees that a global minimum is
found in linear time for tree-like subnetworks. The algorithm, called activate,
is uniform and does not assume that the network is tree-like. It can identify
tree-like subnetworks even in cyclic topologies (arbitrary networks) and avoid
local minima along these trees. For acyclic networks, the algorithm is
guaranteed to converge to a global minimum from any initial state of the system
(self-stabilization) and remains correct under various types of schedulers. On
the negative side, we show that in the presence of cycles, no uniform algorithm
exists that guarantees optimality even under a sequential asynchronous
scheduler. An asynchronous scheduler can activate only one unit at a time while
a synchronous scheduler can activate any number of units in a single time step.
In addition, no uniform algorithm exists to optimize even acyclic networks when
the scheduler is synchronous. Finally, we show how the algorithm can be
improved using the cycle-cutset scheme. The general algorithm, called
activate-with-cutset, improves over activate and has some performance
guarantees that are related to the size of the network's cycle-cutset.",['cs.AI']
http://arxiv.org/abs/cs/9510103v1,"Learning Membership Functions in a Function-Based Object Recognition
  System","['K. Woods', 'D. Cook', 'L. Hall', 'K. Bowyer', 'L. Stark']","Functionality-based recognition systems recognize objects at the category
level by reasoning about how well the objects support the expected function.
Such systems naturally associate a ``measure of goodness'' or ``membership
value'' with a recognized object. This measure of goodness is the result of
combining individual measures, or membership values, from potentially many
primitive evaluations of different properties of the object's shape. A
membership function is used to compute the membership value when evaluating a
primitive of a particular physical property of an object. In previous versions
of a recognition system known as Gruff, the membership function for each of the
primitive evaluations was hand-crafted by the system designer. In this paper,
we provide a learning component for the Gruff system, called Omlet, that
automatically learns membership functions given a set of example objects
labeled with their desired category measure. The learning algorithm is
generally applicable to any problem in which low-level membership values are
combined through an and-or tree structure to give a final overall membership
value.",['cs.AI']
http://arxiv.org/abs/cs/9511101v1,Flexibly Instructable Agents,"['S. B. Huffman', 'J. E. Laird']","This paper presents an approach to learning from situated, interactive
tutorial instruction within an ongoing agent. Tutorial instruction is a
flexible (and thus powerful) paradigm for teaching tasks because it allows an
instructor to communicate whatever types of knowledge an agent might need in
whatever situations might arise. To support this flexibility, however, the
agent must be able to learn multiple kinds of knowledge from a broad range of
instructional interactions. Our approach, called situated explanation, achieves
such learning through a combination of analytic and inductive techniques. It
combines a form of explanation-based learning that is situated for each
instruction with a full suite of contextually guided responses to incomplete
explanations. The approach is implemented in an agent called Instructo-Soar
that learns hierarchies of new tasks and other domain knowledge from
interactive natural language instructions. Instructo-Soar meets three key
requirements of flexible instructability that distinguish it from previous
systems: (1) it can take known or unknown commands at any instruction point;
(2) it can handle instructions that apply to either its current situation or to
a hypothetical situation specified in language (as in, for instance,
conditional instructions); and (3) it can learn, from instructions, each class
of knowledge it uses to perform tasks.",['cs.AI']
http://arxiv.org/abs/cs/9512101v1,OPUS: An Efficient Admissible Algorithm for Unordered Search,['G. I. Webb'],"OPUS is a branch and bound search algorithm that enables efficient admissible
search through spaces for which the order of search operator application is not
significant. The algorithm's search efficiency is demonstrated with respect to
very large machine learning search spaces. The use of admissible search is of
potential value to the machine learning community as it means that the exact
learning biases to be employed for complex learning tasks can be precisely
specified and manipulated. OPUS also has potential for application in other
areas of artificial intelligence, notably, truth maintenance.",['cs.AI']
http://arxiv.org/abs/cs/9512102v1,"Vision-Based Road Detection in Automotive Systems: A Real-Time
  Expectation-Driven Approach","['A. Broggi', 'S. Berte']","The main aim of this work is the development of a vision-based road detection
system fast enough to cope with the difficult real-time constraints imposed by
moving vehicle applications. The hardware platform, a special-purpose massively
parallel system, has been chosen to minimize system production and operational
costs. This paper presents a novel approach to expectation-driven low-level
image segmentation, which can be mapped naturally onto mesh-connected massively
parallel SIMD architectures capable of handling hierarchical data structures.
The input image is assumed to contain a distorted version of a given template;
a multiresolution stretching process is used to reshape the original template
in accordance with the acquired image content, minimizing a potential function.
The distorted template is the process output.",['cs.AI']
http://arxiv.org/abs/cs/9512103v1,Generalization of Clauses under Implication,['P. Idestam-Almquist'],"In the area of inductive learning, generalization is a main operation, and
the usual definition of induction is based on logical implication. Recently
there has been a rising interest in clausal representation of knowledge in
machine learning. Almost all inductive learning systems that perform
generalization of clauses use the relation theta-subsumption instead of
implication. The main reason is that there is a well-known and simple technique
to compute least general generalizations under theta-subsumption, but not under
implication. However generalization under theta-subsumption is inappropriate
for learning recursive clauses, which is a crucial problem since recursion is
the basic program structure of logic programs. We note that implication between
clauses is undecidable, and we therefore introduce a stronger form of
implication, called T-implication, which is decidable between clauses. We show
that for every finite set of clauses there exists a least general
generalization under T-implication. We describe a technique to reduce
generalizations under implication of a clause to generalizations under
theta-subsumption of what we call an expansion of the original clause. Moreover
we show that for every non-tautological clause there exists a T-complete
expansion, which means that every generalization under T-implication of the
clause is reduced to a generalization under theta-subsumption of the expansion.",['cs.AI']
http://arxiv.org/abs/cs/9512104v1,Decision-Theoretic Foundations for Causal Reasoning,"['D. Heckerman', 'R. Shachter']","We present a definition of cause and effect in terms of decision-theoretic
primitives and thereby provide a principled foundation for causal reasoning.
Our definition departs from the traditional view of causation in that causal
assertions may vary with the set of decisions available. We argue that this
approach provides added clarity to the notion of cause. Also in this paper, we
examine the encoding of causal relationships in directed acyclic graphs. We
describe a special class of influence diagrams, those in canonical form, and
show its relationship to Pearl's representation of cause and effect. Finally,
we show how canonical form facilitates counterfactual reasoning.",['cs.AI']
http://arxiv.org/abs/cs/9512105v1,Translating between Horn Representations and their Characteristic Models,['R. Khardon'],"Characteristic models are an alternative, model based, representation for
Horn expressions. It has been shown that these two representations are
incomparable and each has its advantages over the other. It is therefore
natural to ask what is the cost of translating, back and forth, between these
representations. Interestingly, the same translation questions arise in
database theory, where it has applications to the design of relational
databases. This paper studies the computational complexity of these problems.
Our main result is that the two translation problems are equivalent under
polynomial reductions, and that they are equivalent to the corresponding
decision problem. Namely, translating is equivalent to deciding whether a given
set of models is the set of characteristic models for a given Horn expression.
We also relate these problems to the hypergraph transversal problem, a well
known problem which is related to other applications in AI and for which no
polynomial time algorithm is known. It is shown that in general our translation
problems are at least as hard as the hypergraph transversal problem, and in a
special case they are equivalent to it.",['cs.AI']
http://arxiv.org/abs/cs/9512106v1,Statistical Feature Combination for the Evaluation of Game Positions,['M. Buro'],"This article describes an application of three well-known statistical methods
in the field of game-tree search: using a large number of classified Othello
positions, feature weights for evaluation functions with a
game-phase-independent meaning are estimated by means of logistic regression,
Fisher's linear discriminant, and the quadratic discriminant function for
normally distributed features. Thereafter, the playing strengths are compared
by means of tournaments between the resulting versions of a world-class Othello
program. In this application, logistic regression - which is used here for the
first time in the context of game playing - leads to better results than the
other approaches.",['cs.AI']
http://arxiv.org/abs/cs/9512107v1,Rule-based Machine Learning Methods for Functional Prediction,"['S. M. Weiss', 'N. Indurkhya']","We describe a machine learning method for predicting the value of a
real-valued function, given the values of multiple input variables. The method
induces solutions from samples in the form of ordered disjunctive normal form
(DNF) decision rules. A central objective of the method and representation is
the induction of compact, easily interpretable solutions. This rule-based
decision model can be extended to search efficiently for similar cases prior to
approximating function values. Experimental results on real-world data
demonstrate that the new techniques are competitive with existing machine
learning and statistical methods and can sometimes yield superior regression
performance.",['cs.AI']
http://arxiv.org/abs/cs/9601101v1,"The Design and Experimental Analysis of Algorithms for Temporal
  Reasoning","['P. vanBeek', 'D. W. Manchak']","Many applications -- from planning and scheduling to problems in molecular
biology -- rely heavily on a temporal reasoning component. In this paper, we
discuss the design and empirical analysis of algorithms for a temporal
reasoning system based on Allen's influential interval-based framework for
representing temporal information. At the core of the system are algorithms for
determining whether the temporal information is consistent, and, if so, finding
one or more scenarios that are consistent with the temporal information. Two
important algorithms for these tasks are a path consistency algorithm and a
backtracking algorithm. For the path consistency algorithm, we develop
techniques that can result in up to a ten-fold speedup over an already highly
optimized implementation. For the backtracking algorithm, we develop variable
and value ordering heuristics that are shown empirically to dramatically
improve the performance of the algorithm. As well, we show that a previously
suggested reformulation of the backtracking search problem can reduce the time
and space requirements of the backtracking search. Taken together, the
techniques we develop allow a temporal reasoning component to solve problems
that are of practical size.",['cs.AI']
http://arxiv.org/abs/cs/9602101v1,"Well-Founded Semantics for Extended Logic Programs with Dynamic
  Preferences",['G. Brewka'],"The paper describes an extension of well-founded semantics for logic programs
with two types of negation. In this extension information about preferences
between rules can be expressed in the logical language and derived dynamically.
This is achieved by using a reserved predicate symbol and a naming technique.
Conflicts among rules are resolved whenever possible on the basis of derived
preference information. The well-founded conclusions of prioritized logic
programs can be computed in polynomial time. A legal reasoning example
illustrates the usefulness of the approach.",['cs.AI']
http://arxiv.org/abs/cs/9602102v1,Logarithmic-Time Updates and Queries in Probabilistic Networks,"['A. L. Delcher', 'A. J. Grove', 'S. Kasif', 'J. Pearl']","Traditional databases commonly support efficient query and update procedures
that operate in time which is sublinear in the size of the database. Our goal
in this paper is to take a first step toward dynamic reasoning in probabilistic
databases with comparable efficiency. We propose a dynamic data structure that
supports efficient algorithms for updating and querying singly connected
Bayesian networks. In the conventional algorithm, new evidence is absorbed in
O(1) time and queries are processed in time O(N), where N is the size of the
network. We propose an algorithm which, after a preprocessing phase, allows us
to answer queries in time O(log N) at the expense of O(log N) time per evidence
absorption. The usefulness of sub-linear processing time manifests itself in
applications requiring (near) real-time response over large probabilistic
databases. We briefly discuss a potential application of dynamic probabilistic
reasoning in computational biology.",['cs.AI']
http://arxiv.org/abs/cs/9603101v1,Quantum Computing and Phase Transitions in Combinatorial Search,['T. Hogg'],"We introduce an algorithm for combinatorial search on quantum computers that
is capable of significantly concentrating amplitude into solutions for some NP
search problems, on average. This is done by exploiting the same aspects of
problem structure as used by classical backtrack methods to avoid unproductive
search choices. This quantum algorithm is much more likely to find solutions
than the simple direct use of quantum parallelism. Furthermore, empirical
evaluation on small problems shows this quantum algorithm displays the same
phase transition behavior, and at the same location, as seen in many previously
studied classical search methods. Specifically, difficult problem instances are
concentrated near the abrupt change from underconstrained to overconstrained
problems.",['cs.AI']
http://arxiv.org/abs/cs/9603102v1,Mean Field Theory for Sigmoid Belief Networks,"['L. K. Saul', 'T. Jaakkola', 'M. I. Jordan']","We develop a mean field theory for sigmoid belief networks based on ideas
from statistical mechanics. Our mean field theory provides a tractable
approximation to the true probability distribution in these networks; it also
yields a lower bound on the likelihood of evidence. We demonstrate the utility
of this framework on a benchmark problem in statistical pattern
recognition---the classification of handwritten digits.",['cs.AI']
http://arxiv.org/abs/cs/9603103v1,Improved Use of Continuous Attributes in C4.5,['J. R. Quinlan'],"A reported weakness of C4.5 in domains with continuous attributes is
addressed by modifying the formation and evaluation of tests on continuous
attributes. An MDL-inspired penalty is applied to such tests, eliminating some
of them from consideration and altering the relative desirability of all tests.
Empirical trials show that the modifications lead to smaller decision trees
with higher predictive accuracies. Results also confirm that a new version of
C4.5 incorporating these changes is superior to recent approaches that use
global discretization and that construct small trees with multi-interval
splits.",['cs.AI']
http://arxiv.org/abs/cs/9603104v1,Active Learning with Statistical Models,"['D. A. Cohn', 'Z. Ghahramani', 'M. I. Jordan']","For many types of machine learning algorithms, one can compute the
statistically `optimal' way to select training data. In this paper, we review
how optimal data selection techniques have been used with feedforward neural
networks. We then show how the same principles may be used to select data for
two alternative, statistically-based learning architectures: mixtures of
Gaussians and locally weighted regression. While the techniques for neural
networks are computationally expensive and approximate, the techniques for
mixtures of Gaussians and locally weighted regression are both efficient and
accurate. Empirically, we observe that the optimality criterion sharply
decreases the number of training examples the learner needs in order to achieve
good performance.",['cs.AI']
http://arxiv.org/abs/cs/9604101v1,A Divergence Critic for Inductive Proof,['T. Walsh'],"Inductive theorem provers often diverge. This paper describes a simple
critic, a computer program which monitors the construction of inductive proofs
attempting to identify diverging proof attempts. Divergence is recognized by
means of a ``difference matching'' procedure. The critic then proposes lemmas
and generalizations which ``ripple'' these differences away so that the proof
can go through without divergence. The critic enables the theorem prover Spike
to prove many theorems completely automatically from the definitions alone.",['cs.AI']
http://arxiv.org/abs/cs/9604102v1,Practical Methods for Proving Termination of General Logic Programs,['E. Marchiori'],"Termination of logic programs with negated body atoms (here called general
logic programs) is an important topic. One reason is that many computational
mechanisms used to process negated atoms, like Clark's negation as failure and
Chan's constructive negation, are based on termination conditions. This paper
introduces a methodology for proving termination of general logic programs
w.r.t. the Prolog selection rule. The idea is to distinguish parts of the
program depending on whether or not their termination depends on the selection
rule. To this end, the notions of low-, weakly up-, and up-acceptable program
are introduced. We use these notions to develop a methodology for proving
termination of general logic programs, and show how interesting problems in
non-monotonic reasoning can be formalized and implemented by means of
terminating general logic programs.",['cs.AI']
http://arxiv.org/abs/cs/9604103v1,Iterative Optimization and Simplification of Hierarchical Clusterings,['D. Fisher'],"Clustering is often used for discovering structure in data. Clustering
systems differ in the objective function used to evaluate clustering quality
and the control strategy used to search the space of clusterings. Ideally, the
search strategy should consistently construct clusterings of high quality, but
be computationally inexpensive as well. In general, we cannot have it both
ways, but we can partition the search so that a system inexpensively constructs
a `tentative' clustering for initial examination, followed by iterative
optimization, which continues to search in background for improved clusterings.
Given this motivation, we evaluate an inexpensive strategy for creating initial
clusterings, coupled with several control strategies for iterative
optimization, each of which repeatedly modifies an initial clustering in search
of a better one. One of these methods appears novel as an iterative
optimization strategy in clustering contexts. Once a clustering has been
constructed it is judged by analysts -- often according to task-specific
criteria. Several authors have abstracted these criteria and posited a generic
performance task akin to pattern completion, where the error rate over
completed patterns is used to `externally' judge clustering utility. Given this
performance task, we adapt resampling-based pruning strategies used by
supervised learning systems to the task of simplifying hierarchical
clusterings, thus promising to ease post-clustering analysis. Finally, we
propose a number of objective functions, based on attribute-selection measures
for decision-tree induction, that might perform well on the error rate and
simplicity dimensions.",['cs.AI']
http://arxiv.org/abs/cs/9605101v1,Further Experimental Evidence against the Utility of Occam's Razor,['G. I. Webb'],"This paper presents new experimental evidence against the utility of Occam's
razor. A~systematic procedure is presented for post-processing decision trees
produced by C4.5. This procedure was derived by rejecting Occam's razor and
instead attending to the assumption that similar objects are likely to belong
to the same class. It increases a decision tree's complexity without altering
the performance of that tree on the training data from which it is inferred.
The resulting more complex decision trees are demonstrated to have, on average,
for a variety of common learning tasks, higher predictive accuracy than the
less complex original decision trees. This result raises considerable doubt
about the utility of Occam's razor as it is commonly applied in modern machine
learning.",['cs.AI']
http://arxiv.org/abs/cs/9605102v1,Least Generalizations and Greatest Specializations of Sets of Clauses,"['S. H. Nienhuys-Cheng', 'R. deWolf']","The main operations in Inductive Logic Programming (ILP) are generalization
and specialization, which only make sense in a generality order. In ILP, the
three most important generality orders are subsumption, implication and
implication relative to background knowledge. The two languages used most often
are languages of clauses and languages of only Horn clauses. This gives a total
of six different ordered languages. In this paper, we give a systematic
treatment of the existence or non-existence of least generalizations and
greatest specializations of finite sets of clauses in each of these six ordered
sets. We survey results already obtained by others and also contribute some
answers of our own. Our main new results are, firstly, the existence of a
computable least generalization under implication of every finite set of
clauses containing at least one non-tautologous function-free clause (among
other, not necessarily function-free clauses). Secondly, we show that such a
least generalization need not exist under relative implication, not even if
both the set that is to be generalized and the background knowledge are
function-free. Thirdly, we give a complete discussion of existence and
non-existence of greatest specializations in each of the six ordered languages.",['cs.AI']
http://arxiv.org/abs/cs/9605103v1,Reinforcement Learning: A Survey,"['L. P. Kaelbling', 'M. L. Littman', 'A. W. Moore']","This paper surveys the field of reinforcement learning from a
computer-science perspective. It is written to be accessible to researchers
familiar with machine learning. Both the historical basis of the field and a
broad selection of current work are summarized. Reinforcement learning is the
problem faced by an agent that learns behavior through trial-and-error
interactions with a dynamic environment. The work described here has a
resemblance to work in psychology, but differs considerably in the details and
in the use of the word ``reinforcement.'' The paper discusses central issues of
reinforcement learning, including trading off exploration and exploitation,
establishing the foundations of the field via Markov decision theory, learning
from delayed reinforcement, constructing empirical models to accelerate
learning, making use of generalization and hierarchy, and coping with hidden
state. It concludes with a survey of some implemented systems and an assessment
of the practical utility of current methods for reinforcement learning.",['cs.AI']
http://arxiv.org/abs/cs/9605104v1,"Adaptive Problem-solving for Large-scale Scheduling Problems: A Case
  Study","['J. Gratch', 'S. Chien']","Although most scheduling problems are NP-hard, domain specific techniques
perform well in practice but are quite expensive to construct. In adaptive
problem-solving solving, domain specific knowledge is acquired automatically
for a general problem solver with a flexible control architecture. In this
approach, a learning system explores a space of possible heuristic methods for
one well-suited to the eccentricities of the given domain and problem
distribution. In this article, we discuss an application of the approach to
scheduling satellite communications. Using problem distributions based on
actual mission requirements, our approach identifies strategies that not only
decrease the amount of CPU time required to produce schedules, but also
increase the percentage of problems that are solvable within computational
resource limitations.",['cs.AI']
http://arxiv.org/abs/cs/9605105v1,A Formal Framework for Speedup Learning from Problems and Solutions,"['P. Tadepalli', 'B. K. Natarajan']","Speedup learning seeks to improve the computational efficiency of problem
solving with experience. In this paper, we develop a formal framework for
learning efficient problem solving from random problems and their solutions. We
apply this framework to two different representations of learned knowledge,
namely control rules and macro-operators, and prove theorems that identify
sufficient conditions for learning in each representation. Our proofs are
constructive in that they are accompanied with learning algorithms. Our
framework captures both empirical and explanation-based speedup learning in a
unified fashion. We illustrate our framework with implementations in two
domains: symbolic integration and Eight Puzzle. This work integrates many
strands of experimental and theoretical work in machine learning, including
empirical learning of control rules, macro-operator learning, Explanation-Based
Learning (EBL), and Probably Approximately Correct (PAC) Learning.",['cs.AI']
http://arxiv.org/abs/cs/9605106v1,2Planning for Contingencies: A Decision-based Approach,"['L. Pryor', 'G. Collins']","A fundamental assumption made by classical AI planners is that there is no
uncertainty in the world: the planner has full knowledge of the conditions
under which the plan will be executed and the outcome of every action is fully
predictable. These planners cannot therefore construct contingency plans, i.e.,
plans in which different actions are performed in different circumstances. In
this paper we discuss some issues that arise in the representation and
construction of contingency plans and describe Cassandra, a partial-order
contingency planner. Cassandra uses explicit decision-steps that enable the
agent executing the plan to decide which plan branch to follow. The
decision-steps in a plan result in subgoals to acquire knowledge, which are
planned for in the same way as any other subgoals. Cassandra thus distinguishes
the process of gathering information from the process of making decisions. The
explicit representation of decisions in Cassandra allows a coherent approach to
the problems of contingent planning, and provides a solid base for extensions
such as the use of different decision-making procedures.",['cs.AI']
http://arxiv.org/abs/cs/9606101v1,A Principled Approach Towards Symbolic Geometric Constraint Satisfaction,"['S. Bhansali', 'G. A. Kramer', 'T. J. Hoar']","An important problem in geometric reasoning is to find the configuration of a
collection of geometric bodies so as to satisfy a set of given constraints.
Recently, it has been suggested that this problem can be solved efficiently by
symbolically reasoning about geometry. This approach, called degrees of freedom
analysis, employs a set of specialized routines called plan fragments that
specify how to change the configuration of a set of bodies to satisfy a new
constraint while preserving existing constraints. A potential drawback, which
limits the scalability of this approach, is concerned with the difficulty of
writing plan fragments. In this paper we address this limitation by showing how
these plan fragments can be automatically synthesized using first principles
about geometric bodies, actions, and topology.",['cs.AI']
http://arxiv.org/abs/cs/9606102v1,On Partially Controlled Multi-Agent Systems,"['R. I. Brafman', 'M. Tennenholtz']","Motivated by the control theoretic distinction between controllable and
uncontrollable events, we distinguish between two types of agents within a
multi-agent system: controllable agents, which are directly controlled by the
system's designer, and uncontrollable agents, which are not under the
designer's direct control. We refer to such systems as partially controlled
multi-agent systems, and we investigate how one might influence the behavior of
the uncontrolled agents through appropriate design of the controlled agents. In
particular, we wish to understand which problems are naturally described in
these terms, what methods can be applied to influence the uncontrollable
agents, the effectiveness of such methods, and whether similar methods work
across different domains. Using a game-theoretic framework, this paper studies
the design of partially controlled multi-agent systems in two contexts: in one
context, the uncontrollable agents are expected utility maximizers, while in
the other they are reinforcement learners. We suggest different techniques for
controlling agents' behavior in each domain, assess their success, and examine
their relationship.",['cs.AI']
http://arxiv.org/abs/cs/9608103v1,Spatial Aggregation: Theory and Applications,"['K. Yip', 'F. Zhao']","Visual thinking plays an important role in scientific reasoning. Based on the
research in automating diverse reasoning tasks about dynamical systems,
nonlinear controllers, kinematic mechanisms, and fluid motion, we have
identified a style of visual thinking, imagistic reasoning. Imagistic reasoning
organizes computations around image-like, analogue representations so that
perceptual and symbolic operations can be brought to bear to infer structure
and behavior. Programs incorporating imagistic reasoning have been shown to
perform at an expert level in domains that defy current analytic or numerical
methods. We have developed a computational paradigm, spatial aggregation, to
unify the description of a class of imagistic problem solvers. A program
written in this paradigm has the following properties. It takes a continuous
field and optional objective functions as input, and produces high-level
descriptions of structure, behavior, or control actions. It computes a
multi-layer of intermediate representations, called spatial aggregates, by
forming equivalence classes and adjacency relations. It employs a small set of
generic operators such as aggregation, classification, and localization to
perform bidirectional mapping between the information-rich field and
successively more abstract spatial aggregates. It uses a data structure, the
neighborhood graph, as a common interface to modularize computations. To
illustrate our theory, we describe the computational structure of three
implemented problem solvers -- KAM, MAPS, and HIPAIR --- in terms of the
spatial aggregation generic operators by mixing and matching a library of
commonly used routines.",['cs.AI']
http://arxiv.org/abs/cs/9608104v1,A Hierarchy of Tractable Subsets for Computing Stable Models,['R. Ben-Eliyahu'],"Finding the stable models of a knowledge base is a significant computational
problem in artificial intelligence. This task is at the computational heart of
truth maintenance systems, autoepistemic logic, and default logic.
Unfortunately, it is NP-hard. In this paper we present a hierarchy of classes
of knowledge bases, Omega_1,Omega_2,..., with the following properties: first,
Omega_1 is the class of all stratified knowledge bases; second, if a knowledge
base Pi is in Omega_k, then Pi has at most k stable models, and all of them may
be found in time O(lnk), where l is the length of the knowledge base and n the
number of atoms in Pi; third, for an arbitrary knowledge base Pi, we can find
the minimum k such that Pi belongs to Omega_k in time polynomial in the size of
Pi; and, last, where K is the class of all knowledge bases, it is the case that
union{i=1 to infty} Omega_i = K, that is, every knowledge base belongs to some
class in the hierarchy.",['cs.AI']
http://arxiv.org/abs/cs/9609101v1,"Accelerating Partial-Order Planners: Some Techniques for Effective
  Search Control and Pruning","['A. Gerevini', 'L. Schubert']","We propose some domain-independent techniques for bringing well-founded
partial-order planners closer to practicality. The first two techniques are
aimed at improving search control while keeping overhead costs low. One is
based on a simple adjustment to the default A* heuristic used by UCPOP to
select plans for refinement. The other is based on preferring ``zero
commitment'' (forced) plan refinements whenever possible, and using LIFO
prioritization otherwise. A more radical technique is the use of operator
parameter domains to prune search. These domains are initially computed from
the definitions of the operators and the initial and goal conditions, using a
polynomial-time algorithm that propagates sets of constants through the
operator graph, starting in the initial conditions. During planning, parameter
domains can be used to prune nonviable operator instances and to remove
spurious clobbering threats. In experiments based on modifications of UCPOP,
our improved plan and goal selection strategies gave speedups by factors
ranging from 5 to more than 1000 for a variety of problems that are nontrivial
for the unmodified version. Crucially, the hardest problems gave the greatest
improvements. The pruning technique based on parameter domains often gave
speedups by an order of magnitude or more for difficult problems, both with the
default UCPOP search strategy and with our improved strategy. The Lisp code for
our techniques and for the test problems is provided in on-line appendices.",['cs.AI']
http://arxiv.org/abs/cs/9609102v1,Cue Phrase Classification Using Machine Learning,['D. J. Litman'],"Cue phrases may be used in a discourse sense to explicitly signal discourse
structure, but also in a sentential sense to convey semantic rather than
structural information. Correctly classifying cue phrases as discourse or
sentential is critical in natural language processing systems that exploit
discourse structure, e.g., for performing tasks such as anaphora resolution and
plan recognition. This paper explores the use of machine learning for
classifying cue phrases as discourse or sentential. Two machine learning
programs (Cgrendel and C4.5) are used to induce classification models from sets
of pre-classified cue phrases and their features in text and speech. Machine
learning is shown to be an effective technique for not only automating the
generation of classification models, but also for improving upon previous
results. When compared to manually derived classification models already in the
literature, the learned models often perform with higher accuracy and contain
new linguistic insights into the data. In addition, the ability to
automatically construct classification models makes it easier to comparatively
analyze the utility of alternative feature representations of the data.
Finally, the ease of retraining makes the learning approach more scalable and
flexible than manual methods.",['cs.AI']
http://arxiv.org/abs/cs/9610101v1,Mechanisms for Automated Negotiation in State Oriented Domains,"['G. Zlotkin', 'J. S. Rosenschein']","This paper lays part of the groundwork for a domain theory of negotiation,
that is, a way of classifying interactions so that it is clear, given a domain,
which negotiation mechanisms and strategies are appropriate. We define State
Oriented Domains, a general category of interaction. Necessary and sufficient
conditions for cooperation are outlined. We use the notion of worth in an
altered definition of utility, thus enabling agreements in a wider class of
joint-goal reachable situations. An approach is offered for conflict
resolution, and it is shown that even in a conflict situation, partial
cooperative steps can be taken by interacting agents (that is, agents in
fundamental conflict might still agree to cooperate up to a certain point). A
Unified Negotiation Protocol (UNP) is developed that can be used in all types
of encounters. It is shown that in certain borderline cooperative situations, a
partial cooperative agreement (i.e., one that does not achieve all agents'
goals) might be preferred by all agents, even though there exists a rational
agreement that would achieve all their goals. Finally, we analyze cases where
agents have incomplete information on the goals and worth of other agents.
First we consider the case where agents' goals are private information, and we
analyze what goal declaration strategies the agents might adopt to increase
their utility. Then, we consider the situation where the agents' goals (and
therefore stand-alone costs) are common knowledge, but the worth they attach to
their goals is private information. We introduce two mechanisms, one 'strict',
the other 'tolerant', and analyze their affects on the stability and efficiency
of negotiation outcomes.",['cs.AI']
http://arxiv.org/abs/cs/9610102v1,Learning First-Order Definitions of Functions,['J. R. Quinlan'],"First-order learning involves finding a clause-form definition of a relation
from examples of the relation and relevant background information. In this
paper, a particular first-order learning system is modified to customize it for
finding definitions of functional relations. This restriction leads to faster
learning times and, in some cases, to definitions that have higher predictive
accuracy. Other first-order learning systems might benefit from similar
specialization.",['cs.AI']
http://arxiv.org/abs/cs/9611101v1,MUSE CSP: An Extension to the Constraint Satisfaction Problem,"['R. A Helzerman', 'M. P. Harper']","This paper describes an extension to the constraint satisfaction problem
(CSP) called MUSE CSP (MUltiply SEgmented Constraint Satisfaction Problem).
This extension is especially useful for those problems which segment into
multiple sets of partially shared variables. Such problems arise naturally in
signal processing applications including computer vision, speech processing,
and handwriting recognition. For these applications, it is often difficult to
segment the data in only one way given the low-level information utilized by
the segmentation algorithms. MUSE CSP can be used to compactly represent
several similar instances of the constraint satisfaction problem. If multiple
instances of a CSP have some common variables which have the same domains and
constraints, then they can be combined into a single instance of a MUSE CSP,
reducing the work required to apply the constraints. We introduce the concepts
of MUSE node consistency, MUSE arc consistency, and MUSE path consistency. We
then demonstrate how MUSE CSP can be used to compactly represent lexically
ambiguous sentences and the multiple sentence hypotheses that are often
generated by speech recognition algorithms so that grammar constraints can be
used to provide parses for all syntactically correct sentences. Algorithms for
MUSE arc and path consistency are provided. Finally, we discuss how to create a
MUSE CSP from a set of CSPs which are labeled to indicate when the same
variable is shared by more than a single CSP.",['cs.AI']
http://arxiv.org/abs/cs/9612101v1,Exploiting Causal Independence in Bayesian Network Inference,"['N. L. Zhang', 'D. Poole']","A new method is proposed for exploiting causal independencies in exact
Bayesian network inference. A Bayesian network can be viewed as representing a
factorization of a joint probability into the multiplication of a set of
conditional probabilities. We present a notion of causal independence that
enables one to further factorize the conditional probabilities into a
combination of even smaller factors and consequently obtain a finer-grain
factorization of the joint probability. The new formulation of causal
independence lets us specify the conditional probability of a variable given
its parents in terms of an associative and commutative operator, such as
``or'', ``sum'' or ``max'', on the contribution of each parent. We start with a
simple algorithm VE for Bayesian network inference that, given evidence and a
query variable, uses the factorization to find the posterior distribution of
the query. We show how this algorithm can be extended to exploit causal
independence. Empirical studies, based on the CPCS networks for medical
diagnosis, show that this method is more efficient than previous methods and
allows for inference in larger networks than previous algorithms.",['cs.AI']
http://arxiv.org/abs/cs/9612102v1,"Quantitative Results Comparing Three Intelligent Interfaces for
  Information Capture: A Case Study Adding Name Information into an Electronic
  Personal Organizer","['J. C. Schlimmer', 'P. C. Wells']","Efficiently entering information into a computer is key to enjoying the
benefits of computing. This paper describes three intelligent user interfaces:
handwriting recognition, adaptive menus, and predictive fillin. In the context
of adding a personUs name and address to an electronic organizer, tests show
handwriting recognition is slower than typing on an on-screen, soft keyboard,
while adaptive menus and predictive fillin can be twice as fast. This paper
also presents strategies for applying these three interfaces to other
information collection domains.",['cs.AI']
http://arxiv.org/abs/cs/9612103v1,Characterizations of Decomposable Dependency Models,['L. M. deCampos'],"Decomposable dependency models possess a number of interesting and useful
properties. This paper presents new characterizations of decomposable models in
terms of independence relationships, which are obtained by adding a single
axiom to the well-known set characterizing dependency models that are
isomorphic to undirected graphs. We also briefly discuss a potential
application of our results to the problem of learning graphical models from
data.",['cs.AI']
http://arxiv.org/abs/cs/9701101v1,Improved Heterogeneous Distance Functions,"['D. R. Wilson', 'T. R. Martinez']","Instance-based learning techniques typically handle continuous and linear
input values well, but often do not handle nominal input attributes
appropriately. The Value Difference Metric (VDM) was designed to find
reasonable distance values between nominal attribute values, but it largely
ignores continuous attributes, requiring discretization to map continuous
values into nominal values. This paper proposes three new heterogeneous
distance functions, called the Heterogeneous Value Difference Metric (HVDM),
the Interpolated Value Difference Metric (IVDM), and the Windowed Value
Difference Metric (WVDM). These new distance functions are designed to handle
applications with nominal attributes, continuous attributes, or both. In
experiments on 48 applications the new distance metrics achieve higher
classification accuracy on average than three previous distance functions on
those datasets that have both nominal and continuous attributes.",['cs.AI']
http://arxiv.org/abs/cs/9701102v1,"SCREEN: Learning a Flat Syntactic and Semantic Spoken Language Analysis
  Using Artificial Neural Networks","['S. Wermter', 'V. Weber']","Previous approaches of analyzing spontaneously spoken language often have
been based on encoding syntactic and semantic knowledge manually and
symbolically. While there has been some progress using statistical or
connectionist language models, many current spoken- language systems still use
a relatively brittle, hand-coded symbolic grammar or symbolic semantic
component. In contrast, we describe a so-called screening approach for learning
robust processing of spontaneously spoken language. A screening approach is a
flat analysis which uses shallow sequences of category representations for
analyzing an utterance at various syntactic, semantic and dialog levels. Rather
than using a deeply structured symbolic analysis, we use a flat connectionist
analysis. This screening approach aims at supporting speech and language
processing by using (1) data-driven learning and (2) robustness of
connectionist networks. In order to test this approach, we have developed the
SCREEN system which is based on this new robust, learned and flat analysis. In
this paper, we focus on a detailed description of SCREEN's architecture, the
flat syntactic and semantic analysis, the interaction with a speech recognizer,
and a detailed evaluation analysis of the robustness under the influence of
noisy or incomplete input. The main result of this paper is that flat
representations allow more robust processing of spontaneous spoken language
than deeply structured representations. In particular, we show how the
fault-tolerance and learning capability of connectionist networks can support a
flat analysis for providing more robust spoken-language processing within an
overall hybrid symbolic/connectionist framework.",['cs.AI']
http://arxiv.org/abs/cs/9703101v1,A Uniform Framework for Concept Definitions in Description Logics,"['G. DeGiacomo', 'M. Lenzerini']","Most modern formalisms used in Databases and Artificial Intelligence for
describing an application domain are based on the notions of class (or concept)
and relationship among classes. One interesting feature of such formalisms is
the possibility of defining a class, i.e., providing a set of properties that
precisely characterize the instances of the class. Many recent articles point
out that there are several ways of assigning a meaning to a class definition
containing some sort of recursion. In this paper, we argue that, instead of
choosing a single style of semantics, we achieve better results by adopting a
formalism that allows for different semantics to coexist. We demonstrate the
feasibility of our argument, by presenting a knowledge representation
formalism, the description logic muALCQ, with the above characteristics. In
addition to the constructs for conjunction, disjunction, negation, quantifiers,
and qualified number restrictions, muALCQ includes special fixpoint constructs
to express (suitably interpreted) recursive definitions. These constructs
enable the usual frame-based descriptions to be combined with definitions of
recursive data structures such as directed acyclic graphs, lists, streams, etc.
We establish several properties of muALCQ, including the decidability and the
computational complexity of reasoning, by formulating a correspondence with a
particular modal logic of programs called the modal mu-calculus.",['cs.AI']
http://arxiv.org/abs/cs/9704101v1,Lifeworld Analysis,"['P. Agre', 'I. Horswill']","We argue that the analysis of agent/environment interactions should be
extended to include the conventions and invariants maintained by agents
throughout their activity. We refer to this thicker notion of environment as a
lifeworld and present a partial set of formal tools for describing structures
of lifeworlds and the ways in which they computationally simplify activity. As
one specific example, we apply the tools to the analysis of the Toast system
and show how versions of the system with very different control structures in
fact implement a common control structure together with different conventions
for encoding task state in the positions or states of objects in the
environment.",['cs.AI']
http://arxiv.org/abs/cs/9705101v1,"Query DAGs: A Practical Paradigm for Implementing Belief-Network
  Inference","['A. Darwiche', 'G. Provan']","We describe a new paradigm for implementing inference in belief networks,
which consists of two steps: (1) compiling a belief network into an arithmetic
expression called a Query DAG (Q-DAG); and (2) answering queries using a simple
evaluation algorithm. Each node of a Q-DAG represents a numeric operation, a
number, or a symbol for evidence. Each leaf node of a Q-DAG represents the
answer to a network query, that is, the probability of some event of interest.
It appears that Q-DAGs can be generated using any of the standard algorithms
for exact inference in belief networks (we show how they can be generated using
clustering and conditioning algorithms). The time and space complexity of a
Q-DAG generation algorithm is no worse than the time complexity of the
inference algorithm on which it is based. The complexity of a Q-DAG evaluation
algorithm is linear in the size of the Q-DAG, and such inference amounts to a
standard evaluation of the arithmetic expression it represents. The intended
value of Q-DAGs is in reducing the software and hardware resources required to
utilize belief networks in on-line, real-world applications. The proposed
framework also facilitates the development of on-line inference on different
software and hardware platforms due to the simplicity of the Q-DAG evaluation
algorithm. Interestingly enough, Q-DAGs were found to serve other purposes:
simple techniques for reducing Q-DAGs tend to subsume relatively complex
optimization techniques for belief-network inference, such as network-pruning
and computation-caching.",['cs.AI']
http://arxiv.org/abs/cs/9705102v1,"Connectionist Theory Refinement: Genetically Searching the Space of
  Network Topologies","['D. W. Opitz', 'J. W. Shavlik']","An algorithm that learns from a set of examples should ideally be able to
exploit the available resources of (a) abundant computing power and (b)
domain-specific knowledge to improve its ability to generalize. Connectionist
theory-refinement systems, which use background knowledge to select a neural
network's topology and initial weights, have proven to be effective at
exploiting domain-specific knowledge; however, most do not exploit available
computing power. This weakness occurs because they lack the ability to refine
the topology of the neural networks they produce, thereby limiting
generalization, especially when given impoverished domain theories. We present
the REGENT algorithm which uses (a) domain-specific knowledge to help create an
initial population of knowledge-based neural networks and (b) genetic operators
of crossover and mutation (specifically designed for knowledge-based networks)
to continually search for better network topologies. Experiments on three
real-world domains indicate that our new algorithm is able to significantly
increase generalization compared to a standard connectionist theory-refinement
system, as well as our previous algorithm for growing knowledge-based networks.",['cs.AI']
http://arxiv.org/abs/cs/9706101v1,Flaw Selection Strategies for Partial-Order Planning,"['M. E. Pollack', 'D. Joslin', 'M. Paolucci']","Several recent studies have compared the relative efficiency of alternative
flaw selection strategies for partial-order causal link (POCL) planning. We
review this literature, and present new experimental results that generalize
the earlier work and explain some of the discrepancies in it. In particular, we
describe the Least-Cost Flaw Repair (LCFR) strategy developed and analyzed by
Joslin and Pollack (1994), and compare it with other strategies, including
Gerevini and Schubert's (1996) ZLIFO strategy. LCFR and ZLIFO make very
different, and apparently conflicting claims about the most effective way to
reduce search-space size in POCL planning. We resolve this conflict, arguing
that much of the benefit that Gerevini and Schubert ascribe to the LIFO
component of their ZLIFO strategy is better attributed to other causes. We show
that for many problems, a strategy that combines least-cost flaw selection with
the delay of separable threats will be effective in reducing search-space size,
and will do so without excessive computational overhead. Although such a
strategy thus provides a good default, we also show that certain domain
characteristics may reduce its effectiveness.",['cs.AI']
http://arxiv.org/abs/cs/9706102v1,A Complete Classification of Tractability in RCC-5,"['P. Jonsson', 'T. Drakengren']","We investigate the computational properties of the spatial algebra RCC-5
which is a restricted version of the RCC framework for spatial reasoning. The
satisfiability problem for RCC-5 is known to be NP-complete but not much is
known about its approximately four billion subclasses. We provide a complete
classification of satisfiability for all these subclasses into polynomial and
NP-complete respectively. In the process, we identify all maximal tractable
subalgebras which are four in total.",['cs.AI']
http://arxiv.org/abs/cs/9707101v1,"A New Look at the Easy-Hard-Easy Pattern of Combinatorial Search
  Difficulty","['D. L. Mammen', 'T. Hogg']","The easy-hard-easy pattern in the difficulty of combinatorial search problems
as constraints are added has been explained as due to a competition between the
decrease in number of solutions and increased pruning. We test the generality
of this explanation by examining one of its predictions: if the number of
solutions is held fixed by the choice of problems, then increased pruning
should lead to a monotonic decrease in search cost. Instead, we find the
easy-hard-easy pattern in median search cost even when the number of solutions
is held constant, for some search methods. This generalizes previous
observations of this pattern and shows that the existing theory does not
explain the full range of the peak in search cost. In these cases the pattern
appears to be due to changes in the size of the minimal unsolvable subproblems,
rather than changing numbers of solutions.",['cs.AI']
http://arxiv.org/abs/cs/9707102v1,Eight Maximal Tractable Subclasses of Allen's Algebra with Metric Time,"['T. Drakengren', 'P. Jonsson']","This paper combines two important directions of research in temporal
resoning: that of finding maximal tractable subclasses of Allen's interval
algebra, and that of reasoning with metric temporal information. Eight new
maximal tractable subclasses of Allen's interval algebra are presented, some of
them subsuming previously reported tractable algebras. The algebras allow for
metric temporal constraints on interval starting or ending points, using the
recent framework of Horn DLRs. Two of the algebras can express the notion of
sequentiality between intervals, being the first such algebras admitting both
qualitative and metric time.",['cs.AI']
http://arxiv.org/abs/cs/9707103v1,"Defining Relative Likelihood in Partially-Ordered Preferential
  Structures",['J. Y. Halpern'],"Starting with a likelihood or preference order on worlds, we extend it to a
likelihood ordering on sets of worlds in a natural way, and examine the
resulting logic. Lewis earlier considered such a notion of relative likelihood
in the context of studying counterfactuals, but he assumed a total preference
order on worlds. Complications arise when examining partial orders that are not
present for total orders. There are subtleties involving the exact approach to
lifting the order on worlds to an order on sets of worlds. In addition, the
axiomatization of the logic of relative likelihood in the case of partial
orders gives insight into the connection between relative likelihood and
default reasoning.",['cs.AI']
http://arxiv.org/abs/cs/9709101v1,Towards Flexible Teamwork,['M. Tambe'],"Many AI researchers are today striving to build agent teams for complex,
dynamic multi-agent domains, with intended applications in arenas such as
education, training, entertainment, information integration, and collective
robotics. Unfortunately, uncertainties in these complex, dynamic domains
obstruct coherent teamwork. In particular, team members often encounter
differing, incomplete, and possibly inconsistent views of their environment.
Furthermore, team members can unexpectedly fail in fulfilling responsibilities
or discover unexpected opportunities. Highly flexible coordination and
communication is key in addressing such uncertainties. Simply fitting
individual agents with precomputed coordination plans will not do, for their
inflexibility can cause severe failures in teamwork, and their
domain-specificity hinders reusability. Our central hypothesis is that the key
to such flexibility and reusability is providing agents with general models of
teamwork. Agents exploit such models to autonomously reason about coordination
and communication, providing requisite flexibility. Furthermore, the models
enable reuse across domains, both saving implementation effort and enforcing
consistency. This article presents one general, implemented model of teamwork,
called STEAM. The basic building block of teamwork in STEAM is joint intentions
(Cohen & Levesque, 1991b); teamwork in STEAM is based on agents' building up a
(partial) hierarchy of joint intentions (this hierarchy is seen to parallel
Grosz & Kraus's partial SharedPlans, 1996). Furthermore, in STEAM, team members
monitor the team's and individual members' performance, reorganizing the team
as necessary. Finally, decision-theoretic communication selectivity in STEAM
ensures reduction in communication overheads of teamwork, with appropriate
sensitivity to the environmental conditions. This article describes STEAM's
application in three different complex domains, and presents detailed empirical
results.",['cs.AI']
http://arxiv.org/abs/cs/9709102v1,Identifying Hierarchical Structure in Sequences: A linear-time algorithm,"['C. G. Nevill-Manning', 'I. H. Witten']","SEQUITUR is an algorithm that infers a hierarchical structure from a sequence
of discrete symbols by replacing repeated phrases with a grammatical rule that
generates the phrase, and continuing this process recursively. The result is a
hierarchical representation of the original sequence, which offers insights
into its lexical structure. The algorithm is driven by two constraints that
reduce the size of the grammar, and produce structure as a by-product. SEQUITUR
breaks new ground by operating incrementally. Moreover, the method's simple
structure permits a proof that it operates in space and time that is linear in
the size of the input. Our implementation can process 50,000 symbols per second
and has been applied to an extensive range of real world sequences.",['cs.AI']
http://arxiv.org/abs/cs/9711102v1,"Storing and Indexing Plan Derivations through Explanation-based Analysis
  of Retrieval Failures","['L. H. Ihrig', 'S. Kambhampati']","Case-Based Planning (CBP) provides a way of scaling up domain-independent
planning to solve large problems in complex domains. It replaces the detailed
and lengthy search for a solution with the retrieval and adaptation of previous
planning experiences. In general, CBP has been demonstrated to improve
performance over generative (from-scratch) planning. However, the performance
improvements it provides are dependent on adequate judgements as to problem
similarity. In particular, although CBP may substantially reduce planning
effort overall, it is subject to a mis-retrieval problem. The success of CBP
depends on these retrieval errors being relatively rare. This paper describes
the design and implementation of a replay framework for the case-based planner
DERSNLP+EBL. DERSNLP+EBL extends current CBP methodology by incorporating
explanation-based learning techniques that allow it to explain and learn from
the retrieval failures it encounters. These techniques are used to refine
judgements about case similarity in response to feedback when a wrong decision
has been made. The same failure analysis is used in building the case library,
through the addition of repairing cases. Large problems are split and stored as
single goal subproblems. Multi-goal problems are stored only when these smaller
cases fail to be merged into a full solution. An empirical evaluation of this
approach demonstrates the advantage of learning from experienced retrieval
failure.",['cs.AI']
http://arxiv.org/abs/cs/9711103v1,"A Model Approximation Scheme for Planning in Partially Observable
  Stochastic Domains","['N. L. Zhang', 'W. Liu']","Partially observable Markov decision processes (POMDPs) are a natural model
for planning problems where effects of actions are nondeterministic and the
state of the world is not completely observable. It is difficult to solve
POMDPs exactly. This paper proposes a new approximation scheme. The basic idea
is to transform a POMDP into another one where additional information is
provided by an oracle. The oracle informs the planning agent that the current
state of the world is in a certain region. The transformed POMDP is
consequently said to be region observable. It is easier to solve than the
original POMDP. We propose to solve the transformed POMDP and use its optimal
policy to construct an approximate policy for the original POMDP. By
controlling the amount of additional information that the oracle provides, it
is possible to find a proper tradeoff between computational time and
approximation quality. In terms of algorithmic contributions, we study in
details how to exploit region observability in solving the transformed POMDP.
To facilitate the study, we also propose a new exact algorithm for general
POMDPs. The algorithm is conceptually simple and yet is significantly more
efficient than all previous exact algorithms.",['cs.AI']
http://arxiv.org/abs/cs/9711104v1,Dynamic Non-Bayesian Decision Making,"['D. Monderer', 'M. Tennenholtz']","The model of a non-Bayesian agent who faces a repeated game with incomplete
information against Nature is an appropriate tool for modeling general
agent-environment interactions. In such a model the environment state
(controlled by Nature) may change arbitrarily, and the feedback/reward function
is initially unknown. The agent is not Bayesian, that is he does not form a
prior probability neither on the state selection strategy of Nature, nor on his
reward function. A policy for the agent is a function which assigns an action
to every history of observations and actions. Two basic feedback structures are
considered. In one of them -- the perfect monitoring case -- the agent is able
to observe the previous environment state as part of his feedback, while in the
other -- the imperfect monitoring case -- all that is available to the agent is
the reward obtained. Both of these settings refer to partially observable
processes, where the current environment state is unknown. Our main result
refers to the competitive ratio criterion in the perfect monitoring case. We
prove the existence of an efficient stochastic policy that ensures that the
competitive ratio is obtained at almost all stages with an arbitrarily high
probability, where efficiency is measured in terms of rate of convergence. It
is further shown that such an optimal policy does not exist in the imperfect
monitoring case. Moreover, it is proved that in the perfect monitoring case
there does not exist a deterministic policy that satisfies our long run
optimality criterion. In addition, we discuss the maxmin criterion and prove
that a deterministic efficient optimal strategy does exist in the imperfect
monitoring case under this criterion. Finally we show that our approach to
long-run optimality can be viewed as qualitative, which distinguishes it from
previous work in this area.",['cs.AI']
http://arxiv.org/abs/cs/9712101v1,When Gravity Fails: Local Search Topology,"['J. Frank', 'P. Cheeseman', 'J. Stutz']","Local search algorithms for combinatorial search problems frequently
encounter a sequence of states in which it is impossible to improve the value
of the objective function; moves through these regions, called plateau moves,
dominate the time spent in local search. We analyze and characterize plateaus
for three different classes of randomly generated Boolean Satisfiability
problems. We identify several interesting features of plateaus that impact the
performance of local search algorithms. We show that local minima tend to be
small but occasionally may be very large. We also show that local minima can be
escaped without unsatisfying a large number of clauses, but that systematically
searching for an escape route may be computationally expensive if the local
minimum is large. We show that plateaus with exits, called benches, tend to be
much larger than minima, and that some benches have very few exit states which
local search can use to escape. We show that the solutions (i.e., global
minima) of randomly generated problem instances form clusters, which behave
similarly to local minima. We revisit several enhancements of local search
algorithms and explain their performance in light of our results. Finally we
discuss strategies for creating the next generation of local search algorithms.",['cs.AI']
http://arxiv.org/abs/cs/9712102v1,Bidirectional Heuristic Search Reconsidered,"['H. Kaindl', 'G. Kainz']","The assessment of bidirectional heuristic search has been incorrect since it
was first published more than a quarter of a century ago. For quite a long
time, this search strategy did not achieve the expected results, and there was
a major misunderstanding about the reasons behind it. Although there is still
wide-spread belief that bidirectional heuristic search is afflicted by the
problem of search frontiers passing each other, we demonstrate that this
conjecture is wrong. Based on this finding, we present both a new generic
approach to bidirectional heuristic search and a new approach to dynamically
improving heuristic values that is feasible in bidirectional search only. These
approaches are put into perspective with both the traditional and more recently
proposed approaches in order to facilitate a better overall understanding.
Empirical results of experiments with our new approaches show that
bidirectional heuristic search can be performed very efficiently and also with
limited memory. These results suggest that bidirectional heuristic search
appears to be better for solving certain difficult problems than corresponding
unidirectional search. This provides some evidence for the usefulness of a
search strategy that was long neglected. In summary, we show that bidirectional
heuristic search is viable and consequently propose that it be reconsidered.",['cs.AI']
http://arxiv.org/abs/cs/9801101v1,Incremental Recompilation of Knowledge,"['G. Gogic', 'C. H. Papadimitriou', 'M. Sideri']","Approximating a general formula from above and below by Horn formulas (its
Horn envelope and Horn core, respectively) was proposed by Selman and Kautz
(1991, 1996) as a form of ``knowledge compilation,'' supporting rapid
approximate reasoning; on the negative side, this scheme is static in that it
supports no updates, and has certain complexity drawbacks pointed out by
Kavvadias, Papadimitriou and Sideri (1993). On the other hand, the many
frameworks and schemes proposed in the literature for theory update and
revision are plagued by serious complexity-theoretic impediments, even in the
Horn case, as was pointed out by Eiter and Gottlob (1992), and is further
demonstrated in the present paper. More fundamentally, these schemes are not
inductive, in that they may lose in a single update any positive properties of
the represented sets of formulas (small size, Horn structure, etc.). In this
paper we propose a new scheme, incremental recompilation, which combines Horn
approximation and model-based updates; this scheme is inductive and very
efficient, free of the problems facing its constituents. A set of formulas is
represented by an upper and lower Horn approximation. To update, we replace the
upper Horn formula by the Horn envelope of its minimum-change update, and
similarly the lower one by the Horn core of its update; the key fact which
enables this scheme is that Horn envelopes and cores are easy to compute when
the underlying formula is the result of a minimum-change update of a Horn
formula by a clause. We conjecture that efficient algorithms are possible for
more complex updates.",['cs.AI']
http://arxiv.org/abs/cs/9801102v1,Monotonicity and Persistence in Preferential Logics,['J. Engelfriet'],"An important characteristic of many logics for Artificial Intelligence is
their nonmonotonicity. This means that adding a formula to the premises can
invalidate some of the consequences. There may, however, exist formulae that
can always be safely added to the premises without destroying any of the
consequences: we say they respect monotonicity. Also, there may be formulae
that, when they are a consequence, can not be invalidated when adding any
formula to the premises: we call them conservative. We study these two classes
of formulae for preferential logics, and show that they are closely linked to
the formulae whose truth-value is preserved along the (preferential) ordering.
We will consider some preferential logics for illustration, and prove syntactic
characterization results for them. The results in this paper may improve the
efficiency of theorem provers for preferential logics.",['cs.AI']
http://arxiv.org/abs/cs/9803101v1,Synthesizing Customized Planners from Specifications,"['B. Srivastava', 'S. Kambhampati']","Existing plan synthesis approaches in artificial intelligence fall into two
categories -- domain independent and domain dependent. The domain independent
approaches are applicable across a variety of domains, but may not be very
efficient in any one given domain. The domain dependent approaches need to be
(re)designed for each domain separately, but can be very efficient in the
domain for which they are designed. One enticing alternative to these
approaches is to automatically synthesize domain independent planners given the
knowledge about the domain and the theory of planning. In this paper, we
investigate the feasibility of using existing automated software synthesis
tools to support such synthesis. Specifically, we describe an architecture
called CLAY in which the Kestrel Interactive Development System (KIDS) is used
to derive a domain-customized planner through a semi-automatic combination of a
declarative theory of planning, and the declarative control knowledge specific
to a given domain, to semi-automatically combine them to derive
domain-customized planners. We discuss what it means to write a declarative
theory of planning and control knowledge for KIDS, and illustrate our approach
by generating a class of domain-specific planners using state space
refinements. Our experiments show that the synthesized planners can outperform
classical refinement planners (implemented as instantiations of UCP,
Kambhampati & Srivastava, 1995), using the same control knowledge. We will
contrast the costs and benefits of the synthesis approach with conventional
methods for customizing domain independent planners.",['cs.AI']
http://arxiv.org/abs/cs/9803102v1,"Cached Sufficient Statistics for Efficient Machine Learning with Large
  Datasets","['A. Moore', 'M. S. Lee']","This paper introduces new algorithms and data structures for quick counting
for machine learning datasets. We focus on the counting task of constructing
contingency tables, but our approach is also applicable to counting the number
of records in a dataset that match conjunctive queries. Subject to certain
assumptions, the costs of these operations can be shown to be independent of
the number of records in the dataset and loglinear in the number of non-zero
entries in the contingency table. We provide a very sparse data structure, the
ADtree, to minimize memory use. We provide analytical worst-case bounds for
this structure for several models of data distribution. We empirically
demonstrate that tractably-sized data structures can be produced for large
real-world datasets by (a) using a sparse tree structure that never allocates
memory for counts of zero, (b) never allocating memory for counts that can be
deduced from other counts, and (c) not bothering to expand the tree fully near
its leaves. We show how the ADtree can be used to accelerate Bayes net
structure finding algorithms, rule learning algorithms, and feature selection
algorithms, and we provide a number of empirical results comparing ADtree
methods against traditional direct counting approaches. We also discuss the
possible uses of ADtrees in other machine learning methods, and discuss the
merits of ADtrees in comparison with alternative representations such as
kd-trees, R-trees and Frequent Sets.",['cs.AI']
http://arxiv.org/abs/cs/9803103v1,Tractability of Theory Patching,"['S. Argamon-Engelson', 'M. Koppel']","In this paper we consider the problem of `theory patching', in which we are
given a domain theory, some of whose components are indicated to be possibly
flawed, and a set of labeled training examples for the domain concept. The
theory patching problem is to revise only the indicated components of the
theory, such that the resulting theory correctly classifies all the training
examples. Theory patching is thus a type of theory revision in which revisions
are made to individual components of the theory. Our concern in this paper is
to determine for which classes of logical domain theories the theory patching
problem is tractable. We consider both propositional and first-order domain
theories, and show that the theory patching problem is equivalent to that of
determining what information contained in a theory is `stable' regardless of
what revisions might be performed to the theory. We show that determining
stability is tractable if the input theory satisfies two conditions: that
revisions to each theory component have monotonic effects on the classification
of examples, and that theory components act independently in the classification
of examples in the theory. We also show how the concepts introduced can be used
to determine the soundness and completeness of particular theory patching
algorithms.",['cs.AI']
http://arxiv.org/abs/cs/9805101v1,Integrative Windowing,['J. Fürnkranz'],"In this paper we re-investigate windowing for rule learning algorithms. We
show that, contrary to previous results for decision tree learning, windowing
can in fact achieve significant run-time gains in noise-free domains and
explain the different behavior of rule learning algorithms by the fact that
they learn each rule independently. The main contribution of this paper is
integrative windowing, a new type of algorithm that further exploits this
property by integrating good rules into the final theory right after they have
been discovered. Thus it avoids re-learning these rules in subsequent
iterations of the windowing process. Experimental evidence in a variety of
noise-free domains shows that integrative windowing can in fact achieve
substantial run-time gains. Furthermore, we discuss the problem of noise in
windowing and present an algorithm that is able to achieve run-time gains in a
set of experiments in a simple domain with artificial noise.",['cs.AI']
http://arxiv.org/abs/cs/9806101v1,Model-Based Diagnosis using Structured System Descriptions,['A. Darwiche'],"This paper presents a comprehensive approach for model-based diagnosis which
includes proposals for characterizing and computing preferred diagnoses,
assuming that the system description is augmented with a system structure (a
directed graph explicating the interconnections between system components).
Specifically, we first introduce the notion of a consequence, which is a
syntactically unconstrained propositional sentence that characterizes all
consistency-based diagnoses and show that standard characterizations of
diagnoses, such as minimal conflicts, correspond to syntactic variations on a
consequence. Second, we propose a new syntactic variation on the consequence
known as negation normal form (NNF) and discuss its merits compared to standard
variations. Third, we introduce a basic algorithm for computing consequences in
NNF given a structured system description. We show that if the system structure
does not contain cycles, then there is always a linear-size consequence in NNF
which can be computed in linear time. For arbitrary system structures, we show
a precise connection between the complexity of computing consequences and the
topology of the underlying system structure. Finally, we present an algorithm
that enumerates the preferred diagnoses characterized by a consequence. The
algorithm is shown to take linear time in the size of the consequence if the
preference criterion satisfies some general conditions.",['cs.AI']
http://arxiv.org/abs/cs/9806102v1,"A Selective Macro-learning Algorithm and its Application to the NxN
  Sliding-Tile Puzzle","['L. Finkelstein', 'S. Markovitch']","One of the most common mechanisms used for speeding up problem solvers is
macro-learning. Macros are sequences of basic operators acquired during problem
solving. Macros are used by the problem solver as if they were basic operators.
The major problem that macro-learning presents is the vast number of macros
that are available for acquisition. Macros increase the branching factor of the
search space and can severely degrade problem-solving efficiency. To make macro
learning useful, a program must be selective in acquiring and utilizing macros.
This paper describes a general method for selective acquisition of macros.
Solvable training problems are generated in increasing order of difficulty. The
only macros acquired are those that take the problem solver out of a local
minimum to a better state. The utility of the method is demonstrated in several
domains, including the domain of NxN sliding-tile puzzles. After learning on
small puzzles, the system is able to efficiently solve puzzles of any size.",['cs.AI']
http://arxiv.org/abs/cs/9808101v1,The Computational Complexity of Probabilistic Planning,"['M. L. Littman', 'J. Goldsmith', 'M. Mundhenk']","We examine the computational complexity of testing and finding small plans in
probabilistic planning domains with both flat and propositional
representations. The complexity of plan evaluation and existence varies with
the plan type sought; we examine totally ordered plans, acyclic plans, and
looping plans, and partially ordered plans under three natural definitions of
plan value. We show that problems of interest are complete for a variety of
complexity classes: PL, P, NP, co-NP, PP, NP^PP, co-NP^PP, and PSPACE. In the
process of proving that certain planning problems are complete for NP^PP, we
introduce a new basic NP^PP-complete problem, E-MAJSAT, which generalizes the
standard Boolean satisfiability problem to computations involving probabilistic
quantities; our results suggest that the development of good heuristics for
E-MAJSAT could be important for the creation of efficient algorithms for a wide
variety of problems.",['cs.AI']
http://arxiv.org/abs/cs/9810016v1,SYNERGY: A Linear Planner Based on Genetic Programming,['Ion Muslea'],"In this paper we describe SYNERGY, which is a highly parallelizable, linear
planning system that is based on the genetic programming paradigm. Rather than
reasoning about the world it is planning for, SYNERGY uses artificial
selection, recombination and fitness measure to generate linear plans that
solve conjunctive goals. We ran SYNERGY on several domains (e.g., the briefcase
problem and a few variants of the robot navigation problem), and the
experimental results show that our planner is capable of handling problem
instances that are one to two orders of magnitude larger than the ones solved
by UCPOP. In order to facilitate the search reduction and to enhance the
expressive power of SYNERGY, we also propose two major extensions to our
planning system: a formalism for using hierarchical planning operators, and a
framework for planning in dynamic environments.","['cs.AI', 'I.2.8']"
http://arxiv.org/abs/cs/9811024v1,The Essence of Constraint Propagation,['Krzysztof R. Apt'],"We show that several constraint propagation algorithms (also called (local)
consistency, consistency enforcing, Waltz, filtering or narrowing algorithms)
are instances of algorithms that deal with chaotic iteration. To this end we
propose a simple abstract framework that allows us to classify and compare
these algorithms and to establish in a uniform way their basic properties.","['cs.AI', 'I.1.2; I.2.2']"
http://arxiv.org/abs/cs/9812010v1,Towards a computational theory of human daydreaming,"['Erik T. Mueller', 'Michael G. Dyer']","This paper examines the phenomenon of daydreaming: spontaneously recalling or
imagining personal or vicarious experiences in the past or future. The
following important roles of daydreaming in human cognition are postulated:
plan preparation and rehearsal, learning from failures and successes, support
for processes of creativity, emotion regulation, and motivation.
  A computational theory of daydreaming and its implementation as the program
DAYDREAMER are presented. DAYDREAMER consists of 1) a scenario generator based
on relaxed planning, 2) a dynamic episodic memory of experiences used by the
scenario generator, 3) a collection of personal goals and control goals which
guide the scenario generator, 4) an emotion component in which daydreams
initiate, and are initiated by, emotional states arising from goal outcomes,
and 5) domain knowledge of interpersonal relations and common everyday
occurrences.
  The role of emotions and control goals in daydreaming is discussed. Four
control goals commonly used in guiding daydreaming are presented:
rationalization, failure/success reversal, revenge, and preparation. The role
of episodic memory in daydreaming is considered, including how daydreamed
information is incorporated into memory and later used. An initial version of
DAYDREAMER which produces several daydreams (in English) is currently running.","['cs.AI', 'I.2.0']"
http://arxiv.org/abs/cs/9812017v1,"A reusable iterative optimization software library to solve
  combinatorial problems with approximate reasoning","['Andreas Raggl', 'Wolfgang Slany']","Real world combinatorial optimization problems such as scheduling are
typically too complex to solve with exact methods. Additionally, the problems
often have to observe vaguely specified constraints of different importance,
the available data may be uncertain, and compromises between antagonistic
criteria may be necessary. We present a combination of approximate reasoning
based constraints and iterative optimization based heuristics that help to
model and solve such problems in a framework of C++ software libraries called
StarFLIP++. While initially developed to schedule continuous caster units in
steel plants, we present in this paper results from reusing the library
components in a shift scheduling system for the workforce of an industrial
production plant.","['cs.AI', 'I.2.8; I.2.1; J.6; I.2.4; F.2.2']"
http://arxiv.org/abs/cs/9903016v1,"Modeling Belief in Dynamic Systems, Part II: Revision and Update","['N Friedman', 'J. Y. Halpern']","The study of belief change has been an active area in philosophy and AI. In
recent years two special cases of belief change, belief revision and belief
update, have been studied in detail. In a companion paper (Friedman & Halpern,
1997), we introduce a new framework to model belief change. This framework
combines temporal and epistemic modalities with a notion of plausibility,
allowing us to examine the change of beliefs over time. In this paper, we show
how belief revision and belief update can be captured in our framework. This
allows us to compare the assumptions made by each method, and to better
understand the principles underlying them. In particular, it shows that Katsuno
and Mendelzon's notion of belief update (Katsuno & Mendelzon, 1991a) depends on
several strong assumptions that may limit its applicability in artificial
intelligence. Finally, our analysis allow us to identify a notion of minimal
change that underlies a broad range of belief change operations including
revision and update.","['cs.AI', 'I.2']"
http://arxiv.org/abs/cs/9906002v1,The Symbol Grounding Problem,['Stevan Harnad'],"How can the semantic interpretation of a formal symbol system be made
intrinsic to the system, rather than just parasitic on the meanings in our
heads? How can the meanings of the meaningless symbol tokens, manipulated
solely on the basis of their (arbitrary) shapes, be grounded in anything but
other meaningless symbols? The problem is analogous to trying to learn Chinese
from a Chinese/Chinese dictionary alone. A candidate solution is sketched:
Symbolic representations must be grounded bottom-up in nonsymbolic
representations of two kinds: (1) ""iconic representations,"" which are analogs
of the proximal sensory projections of distal objects and events, and (2)
""categorical representations,"" which are learned and innate feature-detectors
that pick out the invariant features of object and event categories from their
sensory projections. Elementary symbols are the names of these object and event
categories, assigned on the basis of their (nonsymbolic) categorical
representations. Higher-order (3) ""symbolic representations,"" grounded in these
elementary symbols, consist of symbol strings describing category membership
relations (e.g., ""An X is a Y that is Z"").","['cs.AI', 'I.2.0']"
http://arxiv.org/abs/cs/9909003v1,Iterative Deepening Branch and Bound,"['S. Mohanty', 'R. N. Behera']","In tree search problem the best-first search algorithm needs too much of
space . To remove such drawbacks of these algorithms the IDA* was developed
which is both space and time cost efficient. But again IDA* can give an optimal
solution for real valued problems like Flow shop scheduling, Travelling
Salesman and 0/1 Knapsack due to their real valued cost estimates. Thus further
modifications are done on it and the Iterative Deepening Branch and Bound
Search Algorithms is developed which meets the requirements. We have tried
using this algorithm for the Flow Shop Scheduling Problem and have found that
it is quite effective.","['cs.AI', 'I.2.8']"
http://arxiv.org/abs/cs/9910016v1,Probabilistic Agent Programs,"['Juergen Dix', 'Mirco Nanni', 'VS Subrahmanian']","Agents are small programs that autonomously take actions based on changes in
their environment or ``state.'' Over the last few years, there have been an
increasing number of efforts to build agents that can interact and/or
collaborate with other agents. In one of these efforts, Eiter, Subrahmanian amd
Pick (AIJ, 108(1-2), pages 179-255) have shown how agents may be built on top
of legacy code. However, their framework assumes that agent states are
completely determined, and there is no uncertainty in an agent's state. Thus,
their framework allows an agent developer to specify how his agents will react
when the agent is 100% sure about what is true/false in the world state. In
this paper, we propose the concept of a \emph{probabilistic agent program} and
show how, given an arbitrary program written in any imperative language, we may
build a declarative ``probabilistic'' agent program on top of it which supports
decision making in the presence of uncertainty. We provide two alternative
semantics for probabilistic agent programs. We show that the second semantics,
though more epistemically appealing, is more complex to compute. We provide
sound and complete algorithms to compute the semantics of \emph{positive} agent
programs.","['cs.AI', 'D.1.6']"
http://arxiv.org/abs/cs/9911012v2,Cox's Theorem Revisited,['Joseph Y. Halpern'],"The assumptions needed to prove Cox's Theorem are discussed and examined.
Various sets of assumptions under which a Cox-style theorem can be proved are
provided, although all are rather strong and, arguably, not natural.","['cs.AI', 'I.2.3; I.2.7']"
http://arxiv.org/abs/cs/0002002v1,Uniform semantic treatment of default and autoepistemic logics,"['Marc Denecker', 'Victor W. Marek', 'Miroslaw Truszczynski']","We revisit the issue of connections between two leading formalisms in
nonmonotonic reasoning: autoepistemic logic and default logic. For each logic
we develop a comprehensive semantic framework based on the notion of a belief
pair. The set of all belief pairs together with the so called knowledge
ordering forms a complete lattice. For each logic, we introduce several
semantics by means of fixpoints of operators on the lattice of belief pairs.
Our results elucidate an underlying isomorphism of the respective semantic
constructions. In particular, we show that the interpretation of defaults as
modal formulas proposed by Konolige allows us to represent all semantics for
default logic in terms of the corresponding semantics for autoepistemic logic.
Thus, our results conclusively establish that default logic can indeed be
viewed as a fragment of autoepistemic logic. However, as we also demonstrate,
the semantics of Moore and Reiter are given by different operators and occupy
different locations in their corresponding families of semantics. This result
explains the source of the longstanding difficulty to formally relate these two
semantics. In the paper, we also discuss approximating skeptical reasoning with
autoepistemic and default logics and establish constructive principles behind
such approximations.","['cs.AI', 'I.2.3; I.2.4']"
http://arxiv.org/abs/cs/0002003v1,On the accuracy and running time of GSAT,"['Deborah East', 'Miroslaw Truszczynski']","Randomized algorithms for deciding satisfiability were shown to be effective
in solving problems with thousands of variables. However, these algorithms are
not complete. That is, they provide no guarantee that a satisfying assignment,
if one exists, will be found. Thus, when studying randomized algorithms, there
are two important characteristics that need to be considered: the running time
and, even more importantly, the accuracy --- a measure of likelihood that a
satisfying assignment will be found, provided one exists. In fact, we argue
that without a reference to the accuracy, the notion of the running time for
randomized algorithms is not well-defined. In this paper, we introduce a formal
notion of accuracy. We use it to define a concept of the running time. We use
both notions to study the random walk strategy GSAT algorithm. We investigate
the dependence of accuracy on properties of input formulas such as
clause-to-variable ratio and the number of satisfying assignments. We
demonstrate that the running time of GSAT grows exponentially in the number of
variables of the input formula for randomly generated 3-CNF formulas and for
the formulas encoding 3- and 4-colorability of graphs.","['cs.AI', 'I.2.8']"
http://arxiv.org/abs/cs/0002009v1,"Syntactic Autonomy: Why There is no Autonomy without Symbols and How
  Self-Organization Might Evolve Them",['Luis M. Rocha'],"Two different types of agency are discussed based on dynamically coherent and
incoherent couplings with an environment respectively. I propose that until a
private syntax (syntactic autonomy) is discovered by dynamically coherent
agents, there are no significant or interesting types of closure or autonomy.
When syntactic autonomy is established, then, because of a process of
description-based selected self-organization, open-ended evolution is enabled.
At this stage, agents depend, in addition to dynamics, on localized, symbolic
memory, thus adding a level of dynamical incoherence to their interaction with
the environment. Furthermore, it is the appearance of syntactic autonomy which
enables much more interesting types of closures amongst agents which share the
same syntax. To investigate how we can study the emergence of syntax from
dynamical systems, experiments with cellular automata leading to emergent
computation to solve non-trivial tasks are discussed. RNA editing is also
mentioned as a process that may have been used to obtain a primordial
biological code necessary open-ended evolution.","['cs.AI', 'A.m']"
http://arxiv.org/abs/cs/0003008v1,"Consistency Management of Normal Logic Program by Top-down Abductive
  Proof Procedure",['Ken Satoh'],"This paper presents a method of computing a revision of a function-free
normal logic program. If an added rule is inconsistent with a program, that is,
if it leads to a situation such that no stable model exists for a new program,
then deletion and addition of rules are performed to avoid inconsistency. We
specify a revision by translating a normal logic program into an abductive
logic program with abducibles to represent deletion and addition of rules. To
compute such deletion and addition, we propose an adaptation of our top-down
abductive proof procedure to compute a relevant abducibles to an added rule. We
compute a minimally revised program, by choosing a minimal set of abducibles
among all the sets of abducibles computed by a top-down proof procedure.","['cs.AI', 'I.2.3']"
http://arxiv.org/abs/cs/0003012v1,Defeasible Reasoning in OSCAR,['John L. Pollock'],This is a system description for the OSCAR defeasible reasoner.,"['cs.AI', 'F.4.1']"
http://arxiv.org/abs/cs/0003016v1,"Abductive and Consistency-Based Diagnosis Revisited: a Modeling
  Perspective","[""Daniele Theseider Dupre'""]","Diagnostic reasoning has been characterized logically as consistency-based
reasoning or abductive reasoning. Previous analyses in the literature have
shown, on the one hand, that choosing the (in general more restrictive)
abductive definition may be appropriate or not, depending on the content of the
knowledge base [Console&Torasso91], and, on the other hand, that, depending on
the choice of the definition the same knowledge should be expressed in
different form [Poole94].
  Since in Model-Based Diagnosis a major problem is finding the right way of
abstracting the behavior of the system to be modeled, this paper discusses the
relation between modeling, and in particular abstraction in the model, and the
notion of diagnosis.","['cs.AI', 'I.2.3; I.2.4']"
http://arxiv.org/abs/cs/0003020v2,ACLP: Integrating Abduction and Constraint Solving,['Antonis Kakas'],"ACLP is a system which combines abductive reasoning and constraint solving by
integrating the frameworks of Abductive Logic Programming (ALP) and Constraint
Logic Programming (CLP). It forms a general high-level knowledge representation
environment for abductive problems in Artificial Intelligence and other areas.
In ACLP, the task of abduction is supported and enhanced by its non-trivial
integration with constraint solving facilitating its application to complex
problems. The ACLP system is currently implemented on top of the CLP language
of ECLiPSe as a meta-interpreter exploiting its underlying constraint solver
for finite domains. It has been applied to the problems of planning and
scheduling in order to test its computational effectiveness compared with the
direct use of the (lower level) constraint solving framework of CLP on which it
is built. These experiments provide evidence that the abductive framework of
ACLP does not compromise significantly the computational efficiency of the
solutions. Other experiments show the natural ability of ACLP to accommodate
easily and in a robust way new or changing requirements of the original
problem.","['cs.AI', 'I.2.4;F.4.1']"
http://arxiv.org/abs/cs/0003021v1,Relevance Sensitive Non-Monotonic Inference on Belief Sequences,"['Samir Chopra', 'Konstantinos Georgatos', 'Rohit Parikh']","We present a method for relevance sensitive non-monotonic inference from
belief sequences which incorporates insights pertaining to prioritized
inference and relevance sensitive, inconsistency tolerant belief revision.
  Our model uses a finite, logically open sequence of propositional formulas as
a representation for beliefs and defines a notion of inference from
maxiconsistent subsets of formulas guided by two orderings: a temporal
sequencing and an ordering based on relevance relations between the conclusion
and formulas in the sequence. The relevance relations are ternary (using
context as a parameter) as opposed to standard binary axiomatizations. The
inference operation thus defined easily handles iterated revision by
maintaining a revision history, blocks the derivation of inconsistent answers
from a possibly inconsistent sequence and maintains the distinction between
explicit and implicit beliefs. In doing so, it provides a finitely presented
formalism and a plausible model of reasoning for automated agents.","['cs.AI', 'I.2.3']"
http://arxiv.org/abs/cs/0003023v1,Probabilistic Default Reasoning with Conditional Constraints,['Thomas Lukasiewicz'],"We propose a combination of probabilistic reasoning from conditional
constraints with approaches to default reasoning from conditional knowledge
bases. In detail, we generalize the notions of Pearl's entailment in system Z,
Lehmann's lexicographic entailment, and Geffner's conditional entailment to
conditional constraints. We give some examples that show that the new notions
of z-, lexicographic, and conditional entailment have similar properties like
their classical counterparts. Moreover, we show that the new notions of z-,
lexicographic, and conditional entailment are proper generalizations of both
their classical counterparts and the classical notion of logical entailment for
conditional constraints.","['cs.AI', 'I.2.3; I.2.4']"
http://arxiv.org/abs/cs/0003024v1,A Compiler for Ordered Logic Programs,"['James P. Delgrande', 'Torsten Schaub', 'Hans Tompits']","This paper describes a system, called PLP, for compiling ordered logic
programs into standard logic programs under the answer set semantics. In an
ordered logic program, rules are named by unique terms, and preferences among
rules are given by a set of dedicated atoms. An ordered logic program is
transformed into a second, regular, extended logic program wherein the
preferences are respected, in that the answer sets obtained in the transformed
theory correspond with the preferred answer sets of the original theory. Since
the result of the translation is an extended logic program, existing logic
programming systems can be used as underlying reasoning engine. In particular,
PLP is conceived as a front-end to the logic programming systems dlv and
smodels.","['cs.AI', 'I.2.3']"
http://arxiv.org/abs/cs/0003027v1,SLDNFA-system,['Bert Van Nuffelen'],"The SLDNFA-system results from the LP+ project at the K.U.Leuven, which
investigates logics and proof procedures for these logics for declarative
knowledge representation. Within this project inductive definition logic
(ID-logic) is used as representation logic. Different solvers are being
developed for this logic and one of these is SLDNFA. A prototype of the system
is available and used for investigating how to solve efficiently problems
represented in ID-logic.","['cs.AI', 'F.4.1;I.2.3;I.2.4']"
http://arxiv.org/abs/cs/0003028v1,Logic Programs with Compiled Preferences,"['James P. Delgrande', 'Torsten Schaub', 'Hans Tompits']","We describe an approach for compiling preferences into logic programs under
the answer set semantics. An ordered logic program is an extended logic program
in which rules are named by unique terms, and in which preferences among rules
are given by a set of dedicated atoms. An ordered logic program is transformed
into a second, regular, extended logic program wherein the preferences are
respected, in that the answer sets obtained in the transformed theory
correspond with the preferred answer sets of the original theory. Our approach
allows both the specification of static orderings (as found in most previous
work), in which preferences are external to a logic program, as well as
orderings on sets of rules. In large part then, we are interested in describing
a general methodology for uniformly incorporating preference information in a
logic program. Since the result of our translation is an extended logic
program, we can make use of existing implementations, such as dlv and smodels.
To this end, we have developed a compiler, available on the web, as a front-end
for these programming systems.","['cs.AI', 'I.2.3']"
http://arxiv.org/abs/cs/0003029v1,Fuzzy Approaches to Abductive Inference,"['Nedra Mellouli', 'Bernadette Bouchon-Meunier']","This paper proposes two kinds of fuzzy abductive inference in the framework
of fuzzy rule base. The abductive inference processes described here depend on
the semantic of the rule. We distinguish two classes of interpretation of a
fuzzy rule, certainty generation rules and possible generation rules. In this
paper we present the architecture of abductive inference in the first class of
interpretation. We give two kinds of problem that we can resolve by using the
proposed models of inference.","['cs.AI', 'Artificial intelligence and nonmonotonic reasoning and belief\n  revision']"
http://arxiv.org/abs/cs/0003030v1,Problem solving in ID-logic with aggregates: some experiments,"['Bert Van Nuffelen', 'Marc Denecker']","The goal of the LP+ project at the K.U.Leuven is to design an expressive
logic, suitable for declarative knowledge representation, and to develop
intelligent systems based on Logic Programming technology for solving
computational problems using the declarative specifications. The ID-logic is an
integration of typed classical logic and a definition logic. Different
abductive solvers for this language are being developed. This paper is a report
of the integration of high order aggregates into ID-logic and the consequences
on the solver SLDNFA.","['cs.AI', 'F.4.1;I.2.4;I.2.3']"
http://arxiv.org/abs/cs/0003031v1,Optimal Belief Revision,"['Carmen Vodislav', 'Robert E. Mercer']","We propose a new approach to belief revision that provides a way to change
knowledge bases with a minimum of effort. We call this way of revising belief
states optimal belief revision. Our revision method gives special attention to
the fact that most belief revision processes are directed to a specific
informational objective. This approach to belief change is founded on notions
such as optimal context and accessibility. For the sentential model of belief
states we provide both a formal description of contexts as sub-theories
determined by three parameters and a method to construct contexts. Next, we
introduce an accessibility ordering for belief sets, which we then use for
selecting the best (optimal) contexts with respect to the processing effort
involved in the revision. Then, for finitely axiomatizable knowledge bases, we
characterize a finite accessibility ranking from which the accessibility
ordering for the entire base is generated and show how to determine the ranking
of an arbitrary sentence in the language. Finally, we define the adjustment of
the accessibility ranking of a revised base of a belief set.","['cs.AI', 'I.2.3']"
http://arxiv.org/abs/cs/0003032v1,cc-Golog: Towards More Realistic Logic-Based Robot Controllers,"['Henrik Grosskreutz', 'Gerhard Lakemeyer']","High-level robot controllers in realistic domains typically deal with
processes which operate concurrently, change the world continuously, and where
the execution of actions is event-driven as in ``charge the batteries as soon
as the voltage level is low''. While non-logic-based robot control languages
are well suited to express such scenarios, they fare poorly when it comes to
projecting, in a conspicuous way, how the world evolves when actions are
executed. On the other hand, a logic-based control language like \congolog,
based on the situation calculus, is well-suited for the latter. However, it has
problems expressing event-driven behavior. In this paper, we show how these
problems can be overcome by first extending the situation calculus to support
continuous change and event-driven behavior and then presenting \ccgolog, a
variant of \congolog which is based on the extended situation calculus. One
benefit of \ccgolog is that it narrows the gap in expressiveness compared to
non-logic-based control languages while preserving a semantically well-founded
projection mechanism.","['cs.AI', 'I.2.3;I.2.8']"
http://arxiv.org/abs/cs/0003033v1,Smodels: A System for Answer Set Programming,"['Ilkka Niemela', 'Patrik Simons', 'Tommi Syrjanen']","The Smodels system implements the stable model semantics for normal logic
programs. It handles a subclass of programs which contain no function symbols
and are domain-restricted but supports extensions including built-in functions
as well as cardinality and weight constraints. On top of this core engine more
involved systems can be built. As an example, we have implemented total and
partial stable model computation for disjunctive logic programs. An interesting
application method is based on answer set programming, i.e., encoding an
application problem as a set of rules so that its solutions are captured by the
stable models of the rules. Smodels has been applied to a number of areas
including planning, model checking, reachability analysis, product
configuration, dynamic constraint satisfaction, and feature interaction.","['cs.AI', 'I.2.3; I.2.4']"
http://arxiv.org/abs/cs/0003034v2,"E-RES: A System for Reasoning about Actions, Events and Observations","['Antonis Kakas', 'Rob Miller', 'Francesca Toni']","E-RES is a system that implements the Language E, a logic for reasoning about
narratives of action occurrences and observations. E's semantics is
model-theoretic, but this implementation is based on a sound and complete
reformulation of E in terms of argumentation, and uses general computational
techniques of argumentation frameworks. The system derives sceptical
non-monotonic consequences of a given reformulated theory which exactly
correspond to consequences entailed by E's model-theory. The computation relies
on a complimentary ability of the system to derive credulous non-monotonic
consequences together with a set of supporting assumptions which is sufficient
for the (credulous) conclusion to hold. E-RES allows theories to contain
general action laws, statements about action occurrences, observations and
statements of ramifications (or universal laws). It is able to derive
consequences both forward and backward in time. This paper gives a short
overview of the theoretical basis of E-RES and illustrates its use on a variety
of examples. Currently, E-RES is being extended so that the system can be used
for planning.","['cs.AI', 'I.2.4; F.4.1']"
http://arxiv.org/abs/cs/0003037v1,QUIP - A Tool for Computing Nonmonotonic Reasoning Tasks,"['Uwe Egly', 'Thomas Eiter', 'Hans Tompits', 'Stefan Woltran']","In this paper, we outline the prototype of an automated inference tool,
called QUIP, which provides a uniform implementation for several nonmonotonic
reasoning formalisms. The theoretical basis of QUIP is derived from well-known
results about the computational complexity of nonmonotonic logics and exploits
a representation of the different reasoning tasks in terms of quantified
boolean formulae.","['cs.AI', 'I.2.3']"
http://arxiv.org/abs/cs/0003038v1,A Splitting Set Theorem for Epistemic Specifications,['Richard Watson'],"Over the past decade a considerable amount of research has been done to
expand logic programming languages to handle incomplete information. One such
language is the language of epistemic specifications. As is usual with logic
programming languages, the problem of answering queries is intractable in the
general case. For extended disjunctive logic programs, an idea that has proven
useful in simplifying the investigation of answer sets is the use of splitting
sets. In this paper we will present an extended definition of splitting sets
that will be applicable to epistemic specifications. Furthermore, an extension
of the splitting set theorem will be presented. Also, a characterization of
stratified epistemic specifications will be given in terms of splitting sets.
This characterization leads us to an algorithmic method of computing world
views of a subclass of epistemic logic programs.","['cs.AI', 'F.4.1; I.2.3']"
http://arxiv.org/abs/cs/0003039v1,DES: a Challenge Problem for Nonmonotonic Reasoning Systems,"['Maarit Hietalahti', 'Fabio Massacci', 'Ilkka Niemela']","The US Data Encryption Standard, DES for short, is put forward as an
interesting benchmark problem for nonmonotonic reasoning systems because (i) it
provides a set of test cases of industrial relevance which shares features of
randomly generated problems and real-world problems, (ii) the representation of
DES using normal logic programs with the stable model semantics is simple and
easy to understand, and (iii) this subclass of logic programs can be seen as an
interesting special case for many other formalizations of nonmonotonic
reasoning. In this paper we present two encodings of DES as logic programs: a
direct one out of the standard specifications and an optimized one extending
the work of Massacci and Marraro. The computational properties of the encodings
are studied by using them for DES key search with the Smodels system as the
implementation of the stable model semantics. Results indicate that the
encodings and Smodels are quite competitive: they outperform state-of-the-art
SAT-checkers working with an optimized encoding of DES into SAT and are
comparable with a SAT-checker that is customized and tuned for the optimized
SAT encoding.","['cs.AI', 'I.2.3; I.2.4']"
http://arxiv.org/abs/cs/0003042v1,Fages' Theorem and Answer Set Programming,"['Yuliya Babovich', 'Esra Erdem', 'Vladimir Lifschitz']","We generalize a theorem by Francois Fages that describes the relationship
between the completion semantics and the answer set semantics for logic
programs with negation as failure. The study of this relationship is important
in connection with the emergence of answer set programming. Whenever the two
semantics are equivalent, answer sets can be computed by a satisfiability
solver, and the use of answer set solvers such as smodels and dlv is
unnecessary. A logic programming representation of the blocks world due to
Ilkka Niemelae is discussed as an example.","['cs.AI', 'I.2.4']"
http://arxiv.org/abs/cs/0003044v1,"On the tractable counting of theory models and its application to belief
  revision and truth maintenance",['Adnan Darwiche'],"We introduced decomposable negation normal form (DNNF) recently as a
tractable form of propositional theories, and provided a number of powerful
logical operations that can be performed on it in polynomial time. We also
presented an algorithm for compiling any conjunctive normal form (CNF) into
DNNF and provided a structure-based guarantee on its space and time complexity.
We present in this paper a linear-time algorithm for converting an ordered
binary decision diagram (OBDD) representation of a propositional theory into an
equivalent DNNF, showing that DNNFs scale as well as OBDDs. We also identify a
subclass of DNNF which we call deterministic DNNF, d-DNNF, and show that the
previous complexity guarantees on compiling DNNF continue to hold for this
stricter subclass, which has stronger properties. In particular, we present a
new operation on d-DNNF which allows us to count its models under the
assertion, retraction and flipping of every literal by traversing the d-DNNF
twice. That is, after such traversal, we can test in constant-time: the
entailment of any literal by the d-DNNF, and the consistency of the d-DNNF
under the retraction or flipping of any literal. We demonstrate the
significance of these new operations by showing how they allow us to implement
linear-time, complete truth maintenance systems and linear-time, complete
belief revision systems for two important classes of propositional theories.","['cs.AI', 'I.2.3']"
http://arxiv.org/abs/cs/0003047v1,BDD-based reasoning in the fluent calculus - first results,"['Steffen Hoelldobler', 'Hans-Peter Stoerr']","The paper reports on first preliminary results and insights gained in a
project aiming at implementing the fluent calculus using methods and techniques
based on binary decision diagrams. After reporting on an initial experiment
showing promising results we discuss our findings concerning various techniques
and heuristics used to speed up the reasoning process.","['cs.AI', 'I.2.8; I.2.3; F.4.1']"
http://arxiv.org/abs/cs/0003049v1,Planning with Incomplete Information,"['Antonis Kakas', 'Rob Miller', 'Francesca Toni']","Planning is a natural domain of application for frameworks of reasoning about
actions and change. In this paper we study how one such framework, the Language
E, can form the basis for planning under (possibly) incomplete information. We
define two types of plans: weak and safe plans, and propose a planner, called
the E-Planner, which is often able to extend an initial weak plan into a safe
plan even though the (explicit) information available is incomplete, e.g. for
cases where the initial state is not completely known. The E-Planner is based
upon a reformulation of the Language E in argumentation terms and a natural
proof theory resulting from the reformulation. It uses an extension of this
proof theory by means of abduction for the generation of plans and adopts
argumentation-based techniques for extending weak plans into safe plans. We
provide representative examples illustrating the behaviour of the E-Planner, in
particular for cases where the status of fluents is incompletely known.","['cs.AI', 'I.2.3;I.2.4;I.2.8']"
http://arxiv.org/abs/cs/0003051v1,Local Diagnosis,['Renata Wassermann'],"In an earlier work, we have presented operations of belief change which only
affect the relevant part of a belief base. In this paper, we propose the
application of the same strategy to the problem of model-based diangosis. We
first isolate the subset of the system description which is relevant for a
given observation and then solve the diagnosis problem for this subset.","['cs.AI', 'I.2.4']"
http://arxiv.org/abs/cs/0003052v3,A Consistency-Based Model for Belief Change: Preliminary Report,"['James Delgrande', 'Torsten Schaub']","We present a general, consistency-based framework for belief change.
Informally, in revising K by A, we begin with A and incorporate as much of K as
consistently possible. Formally, a knowledge base K and sentence A are
expressed, via renaming propositions in K, in separate languages. Using a
maximization process, we assume the languages are the same insofar as
consistently possible. Lastly, we express the resultant knowledge base in a
single language. There may be more than one way in which A can be so extended
by K: in choice revision, one such ``extension'' represents the revised state;
alternately revision consists of the intersection of all such extensions.
  The most general formulation of our approach is flexible enough to express
other approaches to revision and update, the merging of knowledge bases, and
the incorporation of static and dynamic integrity constraints. Our framework
differs from work based on ordinal conditional functions, notably with respect
to iterated revision. We argue that the approach is well-suited for
implementation: the choice revision operator gives better complexity results
than general revision; the approach can be expressed in terms of a finite
knowledge base; and the scope of a revision can be restricted to just those
propositions mentioned in the sentence for revision A.","['cs.AI', 'I.2.4']"
http://arxiv.org/abs/cs/0003059v1,SATEN: An Object-Oriented Web-Based Revision and Extraction Engine,"['Mary-Anne Williams', 'Aidan Sims']","SATEN is an object-oriented web-based extraction and belief revision engine.
It runs on any computer via a Java 1.1 enabled browser such as Netscape 4.
SATEN performs belief revision based on the AGM approach. The extraction and
belief revision reasoning engines operate on a user specified ranking of
information. One of the features of SATEN is that it can be used to integrate
mutually inconsistent commensuate rankings into a consistent ranking.","['cs.AI', 'I.2.3']"
http://arxiv.org/abs/cs/0003061v1,dcs: An Implementation of DATALOG with Constraints,"['Deborah East', 'Miroslaw Truszczynski']","Answer-set programming (ASP) has emerged recently as a viable programming
paradigm. We describe here an ASP system, DATALOG with constraints or DC, based
on non-monotonic logic. Informally, DC theories consist of propositional
clauses (constraints) and of Horn rules. The semantics is a simple and natural
extension of the semantics of the propositional logic. However, thanks to the
presence of Horn rules in the system, modeling of transitive closure becomes
straightforward. We describe the syntax, use and implementation of DC and
provide experimental results.","['cs.AI', 'I.2.3;I.2.4;I.2.8;F.4.1;F.2.2']"
http://arxiv.org/abs/cs/0003077v1,DATALOG with constraints - an answer-set programming system,"['Deborah East', 'Miroslaw Truszczynski']","Answer-set programming (ASP) has emerged recently as a viable programming
paradigm well attuned to search problems in AI, constraint satisfaction and
combinatorics. Propositional logic is, arguably, the simplest ASP system with
an intuitive semantics supporting direct modeling of problem constraints.
However, for some applications, especially those requiring that transitive
closure be computed, it requires additional variables and results in large
theories. Consequently, it may not be a practical computational tool for such
problems. On the other hand, ASP systems based on nonmonotonic logics, such as
stable logic programming, can handle transitive closure computation efficiently
and, in general, yield very concise theories as problem representations. Their
semantics is, however, more complex. Searching for the middle ground, in this
paper we introduce a new nonmonotonic logic, DATALOG with constraints or DC.
Informally, DC theories consist of propositional clauses (constraints) and of
Horn rules. The semantics is a simple and natural extension of the semantics of
the propositional logic. However, thanks to the presence of Horn rules in the
system, modeling of transitive closure becomes straightforward. We describe the
syntax and semantics of DC, and study its properties. We discuss an
implementation of DC and present results of experimental study of the
effectiveness of DC, comparing it with CSAT, a satisfiability checker and
SMODELS implementation of stable logic programming. Our results show that DC is
competitive with the other two approaches, in case of many search problems,
often yielding much more efficient solutions.","['cs.AI', 'D.1.6;F.2.2;F.4.2;I.2.8;I.6.5']"
http://arxiv.org/abs/cs/0003080v1,Some Remarks on Boolean Constraint Propagation,['Krzysztof R. Apt'],"We study here the well-known propagation rules for Boolean constraints. First
we propose a simple notion of completeness for sets of such rules and establish
a completeness result. Then we show an equivalence in an appropriate sense
between Boolean constraint propagation and unit propagation, a form of
resolution for propositional logic.
  Subsequently we characterize one set of such rules by means of the notion of
hyper-arc consistency introduced in (Mohr and Masini 1988). Also, we clarify
the status of a similar, though different, set of rules introduced in (Simonis
1989a) and more fully in (Codognet and Diaz 1996).","['cs.AI', 'D.3.2;D.3.3']"
http://arxiv.org/abs/cs/0005031v3,Conditional Plausibility Measures and Bayesian Networks,['Joseph Y. Halpern'],"A general notion of algebraic conditional plausibility measures is defined.
Probability measures, ranking functions, possibility measures, and (under the
appropriate definitions) sets of probability measures can all be viewed as
defining algebraic conditional plausibility measures. It is shown that
algebraic conditional plausibility measures can be represented using Bayesian
networks.","['cs.AI', 'I.2.4']"
http://arxiv.org/abs/cs/0006043v1,"Constraint compiling into rules formalism constraint compiling into
  rules formalism for dynamic CSPs computing","['S. Piechowiak', 'J. Rodriguez']","In this paper we present a rule based formalism for filtering variables
domains of constraints. This formalism is well adapted for solving dynamic CSP.
We take diagnosis as an instance problem to illustrate the use of these rules.
A diagnosis problem is seen like finding all the minimal sets of constraints to
be relaxed in the constraint network that models the device to be diagnosed","['cs.AI', 'F.4.1']"
http://arxiv.org/abs/cs/0007004v1,Brainstorm/J: a Java Framework for Intelligent Agents,"['Alejandro Zunino', 'Analia Amandi']","Despite the effort of many researchers in the area of multi-agent systems
(MAS) for designing and programming agents, a few years ago the research
community began to take into account that common features among different MAS
exists. Based on these common features, several tools have tackled the problem
of agent development on specific application domains or specific types of
agents. As a consequence, their scope is restricted to a subset of the huge
application domain of MAS. In this paper we propose a generic infrastructure
for programming agents whose name is Brainstorm/J. The infrastructure has been
implemented as an object oriented framework. As a consequence, our approach
supports a broader scope of MAS applications than previous efforts, being
flexible and reusable.","['cs.AI', 'I.2.11']"
http://arxiv.org/abs/cs/0010037v1,On the relationship between fuzzy logic and four-valued relevance logic,['Umberto Straccia'],"In fuzzy propositional logic, to a proposition a partial truth in [0,1] is
assigned. It is well known that under certain circumstances, fuzzy logic
collapses to classical logic. In this paper, we will show that under dual
conditions, fuzzy logic collapses to four-valued (relevance) logic, where
propositions have truth-value true, false, unknown, or contradiction. As a
consequence, fuzzy entailment may be considered as ``in between'' four-valued
(relevance) entailment and classical entailment.","['cs.AI', 'F.4.1;I.2.3;I.2.4']"
http://arxiv.org/abs/cs/0011012v3,"Causes and Explanations: A Structural-Model Approach, Part I: Causes","['Joseph Y. Halpern', 'Judea Pearl']","We propose a new definition of actual cause, using structural equations to
model counterfactuals. We show that the definition yields a plausible and
elegant account of causation that handles well examples which have caused
problems for other definitions and resolves major difficulties in the
traditional account.","['cs.AI', 'I.2.4']"
http://arxiv.org/abs/cs/0011030v1,"Logic Programming Approaches for Representing and Solving Constraint
  Satisfaction Problems: A Comparison","['Nikolay Pelov', 'Emmanuel De Mot', 'Marc Denecker']","Many logic programming based approaches can be used to describe and solve
combinatorial search problems. On the one hand there is constraint logic
programming which computes a solution as an answer substitution to a query
containing the variables of the constraint satisfaction problem. On the other
hand there are systems based on stable model semantics, abductive systems, and
first order logic model generators which compute solutions as models of some
theory. This paper compares these different approaches from the point of view
of knowledge representation (how declarative are the programs) and from the
point of view of performance (how good are they at solving typical problems).","['cs.AI', 'I.2.3; I.2.4']"
http://arxiv.org/abs/cs/0105022v1,Multi-Channel Parallel Adaptation Theory for Rule Discovery,['Li Min Fu'],"In this paper, we introduce a new machine learning theory based on
multi-channel parallel adaptation for rule discovery. This theory is
distinguished from the familiar parallel-distributed adaptation theory of
neural networks in terms of channel-based convergence to the target rules. We
show how to realize this theory in a learning system named CFRule. CFRule is a
parallel weight-based model, but it departs from traditional neural computing
in that its internal knowledge is comprehensible. Furthermore, when the model
converges upon training, each channel converges to a target rule. The model
adaptation rule is derived by multi-level parallel weight optimization based on
gradient descent. Since, however, gradient descent only guarantees local
optimization, a multi-channel regression-based optimization strategy is
developed to effectively deal with this problem. Formally, we prove that the
CFRule model can explicitly and precisely encode any given rule set. Also, we
prove a property related to asynchronous parallel convergence, which is a
critical element of the multi-channel parallel adaptation theory for rule
learning. Thanks to the quantizability nature of the CFRule model, rules can be
extracted completely and soundly via a threshold-based mechanism. Finally, the
practical application of the theory is demonstrated in DNA promoter recognition
and hepatitis prognosis prediction.","['cs.AI', 'I2.6']"
http://arxiv.org/abs/cs/0106006v1,A Constraint-Driven System for Contract Assembly,"['Aspassia Daskalopulu', 'Marek Sergot']","We present an approach for modelling the structure and coarse content of
legal documents with a view to providing automated support for the drafting of
contracts and contract database retrieval. The approach is designed to be
applicable where contract drafting is based on model-form contracts or on
existing examples of a similar type. The main features of the approach are: (1)
the representation addresses the structure and the interrelationships between
the constituent parts of contracts, but not the text of the document itself;
(2) the representation of documents is separated from the mechanisms that
manipulate it; and (3) the drafting process is subject to a collection of
explicitly stated constraints that govern the structure of the documents. We
describe the representation of document instances and of 'generic documents',
which are data structures used to drive the creation of new document instances,
and we show extracts from a sample session to illustrate the features of a
prototype system implemented in MacProlog.","['cs.AI', 'I.2; H.4.1']"
http://arxiv.org/abs/cs/0106007v1,Modelling Contractual Arguments,"['Chris Reed', 'Aspassia Daskalopulu']","One influential approach to assessing the ""goodness"" of arguments is offered
by the Pragma-Dialectical school (p-d) (Eemeren & Grootendorst 1992). This can
be compared with Rhetorical Structure Theory (RST) (Mann & Thompson 1988), an
approach that originates in discourse analysis. In p-d terms an argument is
good if it avoids committing a fallacy, whereas in RST terms an argument is
good if it is coherent. RST has been criticised (Snoeck Henkemans 1997) for
providing only a partially functional account of argument, and similar
criticisms have been raised in the Natural Language Generation (NLG)
community-particularly by Moore & Pollack (1992)- with regards to its account
of intentionality in text in general. Mann and Thompson themselves note that
although RST can be successfully applied to a wide range of texts from diverse
domains, it fails to characterise some types of text, most notably legal
contracts. There is ongoing research in the Artificial Intelligence and Law
community exploring the potential for providing electronic support to contract
negotiators, focusing on long-term, complex engineering agreements (see for
example Daskalopulu & Sergot 1997). This paper provides a brief introduction to
RST and illustrates its shortcomings with respect to contractual text. An
alternative approach for modelling argument structure is presented which not
only caters for contractual text, but also overcomes the aforementioned
limitations of RST.","['cs.AI', 'I.2']"
http://arxiv.org/abs/cs/0106025v1,Information Integration and Computational Logic,"['Yannis Dimopoulos', 'Antonis Kakas']","Information Integration is a young and exciting field with enormous research
and commercial significance in the new world of the Information Society. It
stands at the crossroad of Databases and Artificial Intelligence requiring
novel techniques that bring together different methods from these fields.
Information from disparate heterogeneous sources often with no a-priori common
schema needs to be synthesized in a flexible, transparent and intelligent way
in order to respond to the demands of a query thus enabling a more informed
decision by the user or application program. The field although relatively
young has already found many practical applications particularly for
integrating information over the World Wide Web. This paper gives a brief
introduction of the field highlighting some of the main current and future
research issues and application areas. It attempts to evaluate the current and
potential role of Computational Logic in this and suggests some of the problems
where logic-based techniques could be used.","['cs.AI', 'H.2.m;I.2.m']"
http://arxiv.org/abs/cs/0107002v1,Enhancing Constraint Propagation with Composition Operators,"['Laurent Granvilliers', 'Eric Monfroy']","Constraint propagation is a general algorithmic approach for pruning the
search space of a CSP. In a uniform way, K. R. Apt has defined a computation as
an iteration of reduction functions over a domain. He has also demonstrated the
need for integrating static properties of reduction functions (commutativity
and semi-commutativity) to design specialized algorithms such as AC3 and DAC.
We introduce here a set of operators for modeling compositions of reduction
functions. Two of the major goals are to tackle parallel computations, and
dynamic behaviours (such as slow convergence).","['cs.AI', 'F.4.1; D.3.3']"
http://arxiv.org/abs/cs/0109006v1,On Properties of Update Sequences Based on Causal Rejection,"['T. Eiter', 'M. Fink', 'G. Sabbatini', 'H. Tompits']","We consider an approach to update nonmonotonic knowledge bases represented as
extended logic programs under answer set semantics. New information is
incorporated into the current knowledge base subject to a causal rejection
principle enforcing that, in case of conflicts, more recent rules are preferred
and older rules are overridden. Such a rejection principle is also exploited in
other approaches to update logic programs, e.g., in dynamic logic programming
by Alferes et al. We give a thorough analysis of properties of our approach, to
get a better understanding of the causal rejection principle. We review
postulates for update and revision operators from the area of theory change and
nonmonotonic reasoning, and some new properties are considered as well. We then
consider refinements of our semantics which incorporate a notion of minimality
of change. As well, we investigate the relationship to other approaches,
showing that our approach is semantically equivalent to inheritance programs by
Buccafurri et al. and that it coincides with certain classes of dynamic logic
programs, for which we provide characterizations in terms of graph conditions.
Therefore, most of our results about properties of causal rejection principle
apply to these approaches as well. Finally, we deal with computational
complexity of our approach, and outline how the update semantics and its
refinements can be implemented on top of existing logic programming engines.","['cs.AI', 'I.2']"
http://arxiv.org/abs/cs/0111060v1,Gradient-based Reinforcement Planning in Policy-Search Methods,"['Ivo Kwee', 'Marcus Hutter', 'Juergen Schmidhuber']","We introduce a learning method called ``gradient-based reinforcement
planning'' (GREP). Unlike traditional DP methods that improve their policy
backwards in time, GREP is a gradient-based method that plans ahead and
improves its policy before it actually acts in the environment. We derive
formulas for the exact policy gradient that maximizes the expected future
reward and confirm our ideas with numerical experiments.","['cs.AI', 'I.2; I.2.6; I.2.8']"
http://arxiv.org/abs/cs/0112015v1,Rational Competitive Analysis,['Moshe Tennenholtz'],"Much work in computer science has adopted competitive analysis as a tool for
decision making under uncertainty. In this work we extend competitive analysis
to the context of multi-agent systems. Unlike classical competitive analysis
where the behavior of an agent's environment is taken to be arbitrary, we
consider the case where an agent's environment consists of other agents. These
agents will usually obey some (minimal) rationality constraints. This leads to
the definition of rational competitive analysis. We introduce the concept of
rational competitive analysis, and initiate the study of competitive analysis
for multi-agent systems. We also discuss the application of rational
competitive analysis to the context of bidding games, as well as to the
classical one-way trading problem.","['cs.AI', 'I.2.11']"
http://arxiv.org/abs/cs/0201022v2,A theory of experiment,['Pierre Albarede'],"This article aims at clarifying the language and practice of scientific
experiment, mainly by hooking observability on calculability.","['cs.AI', 'I.2.4;I.2.6']"
http://arxiv.org/abs/cs/0202021v1,"Nonmonotonic Reasoning, Preferential Models and Cumulative Logics","['Sarit Kraus', 'Daniel Lehmann', 'Menachem Magidor']","Many systems that exhibit nonmonotonic behavior have been described and
studied already in the literature. The general notion of nonmonotonic
reasoning, though, has almost always been described only negatively, by the
property it does not enjoy, i.e. monotonicity. We study here general patterns
of nonmonotonic reasoning and try to isolate properties that could help us map
the field of nonmonotonic reasoning by reference to positive properties. We
concentrate on a number of families of nonmonotonic consequence relations,
defined in the style of Gentzen. Both proof-theoretic and semantic points of
view are developed in parallel. The former point of view was pioneered by D.
Gabbay, while the latter has been advocated by Y. Shoham in. Five such families
are defined and characterized by representation theorems, relating the two
points of view. One of the families of interest, that of preferential
relations, turns out to have been studied by E. Adams. The ""preferential""
models proposed here are a much stronger tool than Adams' probabilistic
semantics. The basic language used in this paper is that of propositional
logic. The extension of our results to first order predicate calculi and the
study of the computational complexity of the decision problems described in
this paper will be treated in another paper.","['cs.AI', 'I.2.3']"
http://arxiv.org/abs/cs/0202022v1,What does a conditional knowledge base entail?,"['Daniel Lehmann', 'Menachem Magidor']","This paper presents a logical approach to nonmonotonic reasoning based on the
notion of a nonmonotonic consequence relation. A conditional knowledge base,
consisting of a set of conditional assertions of the type ""if ... then ..."",
represents the explicit defeasible knowledge an agent has about the way the
world generally behaves. We look for a plausible definition of the set of all
conditional assertions entailed by a conditional knowledge base. In a previous
paper, S. Kraus and the authors defined and studied ""preferential"" consequence
relations. They noticed that not all preferential relations could be considered
as reasonable inference procedures. This paper studies a more restricted class
of consequence relations, ""rational"" relations. It is argued that any
reasonable nonmonotonic inference procedure should define a rational relation.
It is shown that the rational relations are exactly those that may be
represented by a ""ranked"" preferential model, or by a (non-standard)
probabilistic model. The rational closure of a conditional knowledge base is
defined and shown to provide an attractive answer to the question of the title.
Global properties of this closure operation are proved: it is a cumulative
operation. It is also computationally tractable. This paper assumes the
underlying language is propositional.","['cs.AI', 'I.2.3']"
http://arxiv.org/abs/cs/0202024v1,A note on Darwiche and Pearl,['Daniel Lehmann'],"It is shown that Darwiche and Pearl's postulates imply an interesting
property, not noticed by the authors.","['cs.AI', 'I.2.3']"
http://arxiv.org/abs/cs/0202025v1,Distance Semantics for Belief Revision,"['Daniel Lehmann', 'Menachem Magidor', 'Karl Schlechta']","A vast and interesting family of natural semantics for belief revision is
defined. Suppose one is given a distance d between any two models. One may then
define the revision of a theory K by a formula a as the theory defined by the
set of all those models of a that are closest, by d, to the set of models of K.
This family is characterized by a set of rationality postulates that extends
the AGM postulates. The new postulates describe properties of iterated
revisions.","['cs.AI', 'I.2.3']"
http://arxiv.org/abs/cs/0202026v1,Preferred History Semantics for Iterated Updates,"['Shai Berger', 'Daniel Lehmann', 'Karl Schlechta']","We give a semantics to iterated update by a preference relation on possible
developments. An iterated update is a sequence of formulas, giving (incomplete)
information about successive states of the world. A development is a sequence
of models, describing a possible trajectory through time. We assume a principle
of inertia and prefer those developments, which are compatible with the
information, and avoid unnecessary changes. The logical properties of the
updates defined in this way are considered, and a representation result is
proved.","['cs.AI', 'I.2.3']"
http://arxiv.org/abs/cs/0202031v1,Nonmonotonic inference operations,"['Michael Freund', 'Daniel Lehmann']","A. Tarski proposed the study of infinitary consequence operations as the
central topic of mathematical logic. He considered monotonicity to be a
property of all such operations. In this paper, we weaken the monotonicity
requirement and consider more general operations, inference operations. These
operations describe the nonmonotonic logics both humans and machines seem to be
using when infering defeasible information from incomplete knowledge. We single
out a number of interesting families of inference operations. This study of
infinitary inference operations is inspired by the results of Kraus, Lehmann
and Magidor on finitary nonmonotonic operations, but this paper is
self-contained.","['cs.AI', 'I.2.3']"
http://arxiv.org/abs/cs/0202033v1,The logical meaning of Expansion,['Daniel Lehmann'],"The Expansion property considered by researchers in Social Choice is shown to
correspond to a logical property of nonmonotonic consequence relations that is
the {\em pure}, i.e., not involving connectives, version of a previously known
weak rationality condition. The assumption that the union of two definable sets
of models is definable is needed for the soundness part of the result.","['cs.AI', 'I.2.3']"
http://arxiv.org/abs/cs/0203002v1,Another perspective on Default Reasoning,['Daniel Lehmann'],"The lexicographic closure of any given finite set D of normal defaults is
defined. A conditional assertion ""if a then b"" is in this lexicographic closure
if, given the defaults D and the fact a, one would conclude b. The
lexicographic closure is essentially a rational extension of D, and of its
rational closure, defined in a previous paper. It provides a logic of normal
defaults that is different from the one proposed by R. Reiter and that is rich
enough not to require the consideration of non-normal defaults. A large number
of examples are provided to show that the lexicographic closure corresponds to
the basic intuitions behind Reiter's logic of defaults.","['cs.AI', 'I.2.3']"
http://arxiv.org/abs/cs/0203003v1,Deductive Nonmonotonic Inference Operations: Antitonic Representations,"['Yuri Kaluzhny', 'Daniel Lehmann']","We provide a characterization of those nonmonotonic inference operations C
for which C(X) may be described as the set of all logical consequences of X
together with some set of additional assumptions S(X) that depends
anti-monotonically on X (i.e., X is a subset of Y implies that S(Y) is a subset
of S(X)). The operations represented are exactly characterized in terms of
properties most of which have been studied in Freund-Lehmann(cs.AI/0202031).
Similar characterizations of right-absorbing and cumulative operations are also
provided. For cumulative operations, our results fit in closely with those of
Freund. We then discuss extending finitary operations to infinitary operations
in a canonical way and discuss co-compactness properties. Our results provide a
satisfactory notion of pseudo-compactness, generalizing to deductive
nonmonotonic operations the notion of compactness for monotonic operations.
They also provide an alternative, more elegant and more general, proof of the
existence of an infinitary deductive extension for any finitary deductive
operation (Theorem 7.9 of Freund-Lehmann).","['cs.AI', 'I.2.3']"
http://arxiv.org/abs/cs/0203004v1,Stereotypical Reasoning: Logical Properties,['Daniel Lehmann'],"Stereotypical reasoning assumes that the situation at hand is one of a kind
and that it enjoys the properties generally associated with that kind of
situation. It is one of the most basic forms of nonmonotonic reasoning. A
formal model for stereotypical reasoning is proposed and the logical properties
of this form of reasoning are studied. Stereotypical reasoning is shown to be
cumulative under weak assumptions.","['cs.AI', 'I.2.3']"
http://arxiv.org/abs/cs/0203005v2,A Framework for Compiling Preferences in Logic Programs,"['J. P. Delgrande', 'T. Schaub', 'H. Tompits']","We introduce a methodology and framework for expressing general preference
information in logic programming under the answer set semantics. An ordered
logic program is an extended logic program in which rules are named by unique
terms, and in which preferences among rules are given by a set of atoms of form
s < t where s and t are names. An ordered logic program is transformed into a
second, regular, extended logic program wherein the preferences are respected,
in that the answer sets obtained in the transformed program correspond with the
preferred answer sets of the original program. Our approach allows the
specification of dynamic orderings, in which preferences can appear arbitrarily
within a program. Static orderings (in which preferences are external to a
logic program) are a trivial restriction of the general dynamic case. First, we
develop a specific approach to reasoning with preferences, wherein the
preference ordering specifies the order in which rules are to be applied. We
then demonstrate the wide range of applicability of our framework by showing
how other approaches, among them that of Brewka and Eiter, can be captured
within our framework. Since the result of each of these transformations is an
extended logic program, we can make use of existing implementations, such as
dlv and smodels. To this end, we have developed a publicly available compiler
as a front-end for these programming systems.","['cs.AI', 'I.2.3; D.1.6']"
http://arxiv.org/abs/cs/0203007v1,Two results for proiritized logic programming,['Yan Zhang'],"Prioritized default reasoning has illustrated its rich expressiveness and
flexibility in knowledge representation and reasoning. However, many important
aspects of prioritized default reasoning have yet to be thoroughly explored. In
this paper, we investigate two properties of prioritized logic programs in the
context of answer set semantics. Specifically, we reveal a close relationship
between mutual defeasibility and uniqueness of the answer set for a prioritized
logic program. We then explore how the splitting technique for extended logic
programs can be extended to prioritized logic programs. We prove splitting
theorems that can be used to simplify the evaluation of a prioritized logic
program under certain conditions.","['cs.AI', 'F.4.1']"
http://arxiv.org/abs/cs/0204032v1,Belief Revision and Rational Inference,"['Michael Freund', 'Daniel Lehmann']","The (extended) AGM postulates for belief revision seem to deal with the
revision of a given theory K by an arbitrary formula, but not to constrain the
revisions of two different theories by the same formula. A new postulate is
proposed and compared with other similar postulates that have been proposed in
the literature. The AGM revisions that satisfy this new postulate stand in
one-to-one correspondence with the rational, consistency-preserving relations.
This correspondence is described explicitly. Two viewpoints on iterative
revisions are distinguished and discussed.","['cs.AI', 'I.2.3']"
http://arxiv.org/abs/cs/0205014v1,Ultimate approximations in nonmonotonic knowledge representation systems,"['Marc Denecker', 'Victor W. Marek', 'Miroslaw Truszczynski']","We study fixpoints of operators on lattices. To this end we introduce the
notion of an approximation of an operator. We order approximations by means of
a precision ordering. We show that each lattice operator O has a unique most
precise or ultimate approximation. We demonstrate that fixpoints of this
ultimate approximation provide useful insights into fixpoints of the operator
O.
  We apply our theory to logic programming and introduce the ultimate
Kripke-Kleene, well-founded and stable semantics. We show that the ultimate
Kripke-Kleene and well-founded semantics are more precise then their standard
counterparts We argue that ultimate semantics for logic programming have
attractive epistemological properties and that, while in general they are
computationally more complex than the standard semantics, for many classes of
theories, their complexity is no worse.","['cs.AI', 'I.2.4']"
http://arxiv.org/abs/cs/0206003v1,Handling Defeasibilities in Action Domains,['Yan Zhang'],"Representing defeasibility is an important issue in common sense reasoning.
In reasoning about action and change, this issue becomes more difficult because
domain and action related defeasible information may conflict with general
inertia rules. Furthermore, different types of defeasible information may also
interfere with each other during the reasoning. In this paper, we develop a
prioritized logic programming approach to handle defeasibilities in reasoning
about action. In particular, we propose three action languages {\cal AT}^{0},
{\cal AT}^{1} and {\cal AT}^{2} which handle three types of defeasibilities in
action domains named defeasible constraints, defeasible observations and
actions with defeasible and abnormal effects respectively. Each language with a
higher superscript can be viewed as an extension of the language with a lower
superscript. These action languages inherit the simple syntax of {\cal A}
language but their semantics is developed in terms of transition systems where
transition functions are defined based on prioritized logic programs. By
illustrating various examples, we show that our approach eventually provides a
powerful mechanism to handle various defeasibilities in temporal prediction and
postdiction. We also investigate semantic properties of these three action
languages and characterize classes of action domains that present more
desirable solutions in reasoning about action within the underlying action
languages.","['cs.AI', 'F.4.1']"
http://arxiv.org/abs/cs/0206041v2,Anticipatory Guidance of Plot,"['Jarmo Laaksolahti', 'Magnus Boman']","An anticipatory system for guiding plot development in interactive narratives
is described. The executable model is a finite automaton that provides the
implemented system with a look-ahead. The identification of undesirable future
states in the model is used to guide the player, in a transparent manner. In
this way, too radical twists of the plot can be avoided. Since the player
participates in the development of the plot, such guidance can have many forms,
depending on the environment of the player, on the behavior of the other
players, and on the means of player interaction. We present a design method for
interactive narratives which produces designs suitable for the implementation
of anticipatory mechanisms. Use of the method is illustrated by application to
our interactive computer game Kaktus.","['cs.AI', 'I.2.11; I.6.3; I.6.5']"
http://arxiv.org/abs/cs/0207021v1,"Abduction, ASP and Open Logic Programs",['Piero A. Bonatti'],"Open logic programs and open entailment have been recently proposed as an
abstract framework for the verification of incomplete specifications based upon
normal logic programs and the stable model semantics. There are obvious
analogies between open predicates and abducible predicates. However, despite
superficial similarities, there are features of open programs that have no
immediate counterpart in the framework of abduction and viceversa. Similarly,
open programs cannot be immediately simulated with answer set programming
(ASP). In this paper we start a thorough investigation of the relationships
between open inference, abduction and ASP. We shall prove that open programs
generalize the other two frameworks. The generalized framework suggests
interesting extensions of abduction under the generalized stable model
semantics. In some cases, we will be able to reduce open inference to abduction
and ASP, thereby estimating its computational complexity. At the same time, the
aforementioned reduction opens the way to new applications of abduction and
ASP.","['cs.AI', 'I.2.3; I.2.4']"
http://arxiv.org/abs/cs/0207023v2,Domain-Dependent Knowledge in Answer Set Planning,"['Tran Cao Son', 'Chitta Baral', 'Nam Tran', 'Sheila McIlraith']","In this paper we consider three different kinds of domain-dependent control
knowledge (temporal, procedural and HTN-based) that are useful in planning. Our
approach is declarative and relies on the language of logic programming with
answer set semantics (AnsProlog*). AnsProlog* is designed to plan without
control knowledge. We show how temporal, procedural and HTN-based control
knowledge can be incorporated into AnsProlog* by the modular addition of a
small number of domain-dependent rules, without the need to modify the planner.
We formally prove the correctness of our planner, both in the absence and
presence of the control knowledge. Finally, we perform some initial
experimentation that demonstrates the potential reduction in planning time that
can be achieved when procedural domain knowledge is used to solve planning
problems with large plan length.","['cs.AI', 'I.2.4; I.2.3; I.2.8']"
http://arxiv.org/abs/cs/0207025v1,"""Minimal defence"": a refinement of the preferred semantics for
  argumentation frameworks","['C. Cayrol', 'S. Doutre', 'M. -C. Lagasquie-Schiex', 'J. Mengin']","Dung's abstract framework for argumentation enables a study of the
interactions between arguments based solely on an ``attack'' binary relation on
the set of arguments. Various ways to solve conflicts between contradictory
pieces of information have been proposed in the context of argumentation,
nonmonotonic reasoning or logic programming, and can be captured by appropriate
semantics within Dung's framework. A common feature of these semantics is that
one can always maximize in some sense the set of acceptable arguments. We
propose in this paper to extend Dung's framework in order to allow for the
representation of what we call ``restricted'' arguments: these arguments should
only be used if absolutely necessary, that is, in order to support other
arguments that would otherwise be defeated. We modify Dung's preferred
semantics accordingly: a set of arguments becomes acceptable only if it
contains a minimum of restricted arguments, for a maximum of unrestricted
arguments.","['cs.AI', 'I.2.4']"
http://arxiv.org/abs/cs/0207029v2,Two Representations for Iterative Non-prioritized Change,['Alexander Bochman'],"We address a general representation problem for belief change, and describe
two interrelated representations for iterative non-prioritized change: a
logical representation in terms of persistent epistemic states, and a
constructive representation in terms of flocks of bases.","['cs.AI', 'I.2.3']"
http://arxiv.org/abs/cs/0207030v2,Collective Argumentation,['Alexander Bochman'],"An extension of an abstract argumentation framework, called collective
argumentation, is introduced in which the attack relation is defined directly
among sets of arguments. The extension turns out to be suitable, in particular,
for representing semantics of disjunctive logic programs. Two special kinds of
collective argumentation are considered in which the opponents can share their
arguments.","['cs.AI', 'I.2.3']"
http://arxiv.org/abs/cs/0207042v1,Logic Programming with Ordered Disjunction,['Gerhard Brewka'],"Logic programs with ordered disjunction (LPODs) combine ideas underlying
Qualitative Choice Logic (Brewka et al. KR 2002) and answer set programming.
Logic programming under answer set semantics is extended with a new connective
called ordered disjunction. The new connective allows us to represent
alternative, ranked options for problem solutions in the heads of rules: A
\times B intuitively means: if possible A, but if A is not possible then at
least B. The semantics of logic programs with ordered disjunction is based on a
preference relation on answer sets. LPODs are useful for applications in design
and configuration and can serve as a basis for qualitative decision making.","['cs.AI', 'I.2.4']"
http://arxiv.org/abs/cs/0207045v1,Compilation of Propositional Weighted Bases,"['Adnan Darwiche', 'Pierre Marquis']","In this paper, we investigate the extent to which knowledge compilation can
be used to improve inference from propositional weighted bases. We present a
general notion of compilation of a weighted base that is parametrized by any
equivalence--preserving compilation function. Both negative and positive
results are presented. On the one hand, complexity results are identified,
showing that the inference problem from a compiled weighted base is as
difficult as in the general case, when the prime implicates, Horn cover or
renamable Horn cover classes are targeted. On the other hand, we show that the
inference problem becomes tractable whenever DNNF-compilations are used and
clausal queries are considered. Moreover, we show that the set of all preferred
models of a DNNF-compilation of a weighted base can be computed in time
polynomial in the output size. Finally, we sketch how our results can be used
in model-based diagnosis in order to compute the most probable diagnoses of a
system.","['cs.AI', 'I.2.3; I.2.4']"
http://arxiv.org/abs/cs/0207056v1,Modeling Complex Domains of Actions and Change,"['Antonis Kakas', 'Loizos Michael']","This paper studies the problem of modeling complex domains of actions and
change within high-level action description languages. We investigate two main
issues of concern: (a) can we represent complex domains that capture together
different problems such as ramifications, non-determinism and concurrency of
actions, at a high-level, close to the given natural ontology of the problem
domain and (b) what features of such a representation can affect, and how, its
computational behaviour. The paper describes the main problems faced in this
representation task and presents the results of an empirical study, carried out
through a series of controlled experiments, to analyze the computational
performance of reasoning in these representations. The experiments compare
different representations obtained, for example, by changing the basic ontology
of the domain or by varying the degree of use of indirect effect laws through
domain constraints. This study has helped to expose the main sources of
computational difficulty in the reasoning and suggest some methodological
guidelines for representing complex domains. Although our work has been carried
out within one particular high-level description language, we believe that the
results, especially those that relate to the problems of representation, are
independent of the specific modeling language.","['cs.AI', 'I.2.3']"
http://arxiv.org/abs/cs/0207059v1,Value Based Argumentation Frameworks,['T. Bench-Capon'],"This paper introduces the notion of value-based argumentation frameworks, an
extension of the standard argumentation frameworks proposed by Dung, which are
able toshow how rational decision is possible in cases where arguments derive
their force from the social values their acceptance would promote.","['cs.AI', 'I.2.3']"
http://arxiv.org/abs/cs/0207060v1,"Preferred well-founded semantics for logic programming by alternating
  fixpoints: Preliminary report","['Torsten Schaub', 'Kewen Wang']","We analyze the problem of defining well-founded semantics for ordered logic
programs within a general framework based on alternating fixpoint theory. We
start by showing that generalizations of existing answer set approaches to
preference are too weak in the setting of well-founded semantics. We then
specify some informal yet intuitive criteria and propose a semantical framework
for preference handling that is more suitable for defining well-founded
semantics for ordered logic programs. The suitability of the new approach is
convinced by the fact that many attractive properties are satisfied by our
semantics. In particular, our semantics is still correct with respect to
various existing answer sets semantics while it successfully overcomes the
weakness of their generalization to well-founded semantics. Finally, we
indicate how an existing preferred well-founded semantics can be captured
within our semantical framework.","['cs.AI', 'I.2.3; I.2.4']"
http://arxiv.org/abs/cs/0207065v1,Embedding Default Logic in Propositional Argumentation Systems,"['Dritan Berzati', 'Bernhard Anrig', 'Juerg Kohlas']","In this paper we present a transformation of finite propositional default
theories into so-called propositional argumentation systems. This
transformation allows to characterize all notions of Reiter's default logic in
the framework of argumentation systems. As a consequence, computing extensions,
or determining wether a given formula belongs to one extension or all
extensions can be answered without leaving the field of classical propositional
logic. The transformation proposed is linear in the number of defaults.","['cs.AI', 'I.2.3; I.2.4']"
http://arxiv.org/abs/cs/0207067v1,"On the existence and multiplicity of extensions in dialectical
  argumentation",['Bart Verheij'],"In the present paper, the existence and multiplicity problems of extensions
are addressed. The focus is on extension of the stable type. The main result of
the paper is an elegant characterization of the existence and multiplicity of
extensions in terms of the notion of dialectical justification, a close cousin
of the notion of admissibility. The characterization is given in the context of
the particular logic for dialectical argumentation DEFLOG. The results are of
direct relevance for several well-established models of defeasible reasoning
(like default logic, logic programming and argumentation frameworks), since
elsewhere dialectical argumentation has been shown to have close formal
connections with these models.","['cs.AI', 'I.2.3; I.2.4']"
http://arxiv.org/abs/cs/0207075v1,"Nonmonotonic Probabilistic Logics between Model-Theoretic Probabilistic
  Logic and Probabilistic Logic under Coherence",['Thomas Lukasiewicz'],"Recently, it has been shown that probabilistic entailment under coherence is
weaker than model-theoretic probabilistic entailment. Moreover, probabilistic
entailment under coherence is a generalization of default entailment in System
P. In this paper, we continue this line of research by presenting probabilistic
generalizations of more sophisticated notions of classical default entailment
that lie between model-theoretic probabilistic entailment and probabilistic
entailment under coherence. That is, the new formalisms properly generalize
their counterparts in classical default reasoning, they are weaker than
model-theoretic probabilistic entailment, and they are stronger than
probabilistic entailment under coherence. The new formalisms are useful
especially for handling probabilistic inconsistencies related to conditioning
on zero events. They can also be applied for probabilistic belief revision.
More generally, in the same spirit as a similar previous paper, this paper
sheds light on exciting new formalisms for probabilistic reasoning beyond the
well-known standard ones.","['cs.AI', 'I.2.3; I.2.4']"
http://arxiv.org/abs/cs/0207083v1,Evaluating Defaults,"['Henry E. Kyburg Jr.', 'Choh Man Teng']","We seek to find normative criteria of adequacy for nonmonotonic logic similar
to the criterion of validity for deductive logic. Rather than stipulating that
the conclusion of an inference be true in all models in which the premises are
true, we require that the conclusion of a nonmonotonic inference be true in
``almost all'' models of a certain sort in which the premises are true. This
``certain sort'' specification picks out the models that are relevant to the
inference, taking into account factors such as specificity and vagueness, and
previous inferences. The frequencies characterizing the relevant models reflect
known frequencies in our actual world. The criteria of adequacy for a default
inference can be extended by thresholding to criteria of adequacy for an
extension. We show that this avoids the implausibilities that might otherwise
result from the chaining of default inferences. The model proportions, when
construed in terms of frequencies, provide a verifiable grounding of default
rules, and can become the basis for generating default rules from statistics.","['cs.AI', 'I.2.4']"
http://arxiv.org/abs/cs/0208017v1,Linking Makinson and Kraus-Lehmann-Magidor preferential entailments,['Yves Moinard'],"About ten years ago, various notions of preferential entailment have been
introduced. The main reference is a paper by Kraus, Lehmann and Magidor (KLM),
one of the main competitor being a more general version defined by Makinson
(MAK). These two versions have already been compared, but it is time to revisit
these comparisons. Here are our three main results: (1) These two notions are
equivalent, provided that we restrict our attention, as done in KLM, to the
cases where the entailment respects logical equivalence (on the left and on the
right). (2) A serious simplification of the description of the fundamental
cases in which MAK is equivalent to KLM, including a natural passage in both
ways. (3) The two previous results are given for preferential entailments more
general than considered in some of the original texts, but they apply also to
the original definitions and, for this particular case also, the models can be
simplified.","['cs.AI', 'I.2.3; F.4.1']"
http://arxiv.org/abs/cs/0208019v1,Knowledge Representation,['Mikalai Birukou'],"This work analyses main features that should be present in knowledge
representation. It suggests a model for representation and a way to implement
this model in software. Representation takes care of both low-level sensor
information and high-level concepts.","['cs.AI', 'I.2.0']"
http://arxiv.org/abs/cs/0208034v3,"Causes and Explanations: A Structural-Model Approach. Part II:
  Explanations","['Joseph Y. Halpern', 'Judea Pearl']","We propose new definitions of (causal) explanation, using structural
equations to model counterfactuals. The definition is based on the notion of
actual cause, as defined and motivated in a companion paper. Essentially, an
explanation is a fact that is not known for certain but, if found to be true,
would constitute an actual cause of the fact to be explained, regardless of the
agent's initial uncertainty. We show that the definition handles well a number
of problematic examples from the literature.","['cs.AI', 'I.2.4']"
http://arxiv.org/abs/cs/0209019v1,Reasoning about Evolving Nonmonotonic Knowledge Bases,"['T. Eiter', 'M. Fink', 'G. Sabbatini', 'H. Tompits']","Recently, several approaches to updating knowledge bases modeled as extended
logic programs have been introduced, ranging from basic methods to incorporate
(sequences of) sets of rules into a logic program, to more elaborate methods
which use an update policy for specifying how updates must be incorporated. In
this paper, we introduce a framework for reasoning about evolving knowledge
bases, which are represented as extended logic programs and maintained by an
update policy. We first describe a formal model which captures various update
approaches, and we define a logical language for expressing properties of
evolving knowledge bases. We then investigate semantical and computational
properties of our framework, where we focus on properties of knowledge states
with respect to the canonical reasoning task of whether a given formula holds
on a given evolving knowledge base. In particular, we present finitary
characterizations of the evolution for certain classes of framework instances,
which can be exploited for obtaining decidability results. In more detail, we
characterize the complexity of reasoning for some meaningful classes of
evolving knowledge bases, ranging from polynomial to double exponential space
complexity.","['cs.AI', 'I.2.3; I.2.4; F.4.1']"
http://arxiv.org/abs/cs/0209022v2,"A Comparison of Different Cognitive Paradigms Using Simple Animats in a
  Virtual Laboratory, with Implications to the Notion of Cognition",['Carlos Gershenson'],"In this thesis I present a virtual laboratory which implements five different
models for controlling animats: a rule-based system, a behaviour-based system,
a concept-based system, a neural network, and a Braitenberg architecture.
Through different experiments, I compare the performance of the models and
conclude that there is no ""best"" model, since different models are better for
different things in different contexts.
  The models I chose, although quite simple, represent different approaches for
studying cognition. Using the results as an empirical philosophical aid,
  I note that there is no ""best"" approach for studying cognition, since
different approaches have all advantages and disadvantages, because they study
different aspects of cognition from different contexts. This has implications
for current debates on ""proper"" approaches for cognition: all approaches are a
bit proper, but none will be ""proper enough"". I draw remarks on the notion of
cognition abstracting from all the approaches used to study it, and propose a
simple classification for different types of cognition.","['cs.AI', 'I.2.0']"
http://arxiv.org/abs/cs/0210004v1,Revising Partially Ordered Beliefs,"['Salem Benferhat', 'Sylvain Lagrue', 'Odile Papini']","This paper deals with the revision of partially ordered beliefs. It proposes
a semantic representation of epistemic states by partial pre-orders on
interpretations and a syntactic representation by partially ordered belief
bases. Two revision operations, the revision stemming from the history of
observations and the possibilistic revision, defined when the epistemic state
is represented by a total pre-order, are generalized, at a semantic level, to
the case of a partial pre-order on interpretations, and at a syntactic level,
to the case of a partially ordered belief base. The equivalence between the two
representations is shown for the two revision operations.","['cs.AI', 'I.2.3;I.2.4']"
http://arxiv.org/abs/cs/0211008v4,"Can the whole brain be simpler than its ""parts""?",['Victor Eliashberg'],"This is the first in a series of connected papers discussing the problem of a
dynamically reconfigurable universal learning neurocomputer that could serve as
a computational model for the whole human brain. The whole series is entitled
""The Brain Zero Project. My Brain as a Dynamically Reconfigurable Universal
Learning Neurocomputer."" (For more information visit the website
www.brain0.com.) This introductory paper is concerned with general methodology.
Its main goal is to explain why it is critically important for both neural
modeling and cognitive modeling to pay much attention to the basic requirements
of the whole brain as a complex computing system. The author argues that it can
be easier to develop an adequate computational model for the whole
""unprogrammed"" (untrained) human brain than to find adequate formal
representations of some nontrivial parts of brain's performance. (In the same
way as, for example, it is easier to describe the behavior of a complex
analytical function than the behavior of its real and/or imaginary part.) The
""curse of dimensionality"" that plagues purely phenomenological (""brainless"")
cognitive theories is a natural penalty for an attempt to represent
insufficiently large parts of brain's performance in a state space of
insufficiently high dimensionality. A ""partial"" modeler encounters ""Catch 22.""
An attempt to simplify a cognitive problem by artificially reducing its
dimensionality makes the problem more difficult.","['cs.AI', 'I.2.0']"
http://arxiv.org/abs/cs/0211027v1,"Adaptive Development of Koncepts in Virtual Animats: Insights into the
  Development of Knowledge",['Carlos Gershenson'],"As a part of our effort for studying the evolution and development of
cognition, we present results derived from synthetic experimentations in a
virtual laboratory where animats develop koncepts adaptively and ground their
meaning through action. We introduce the term ""koncept"" to avoid confusions and
ambiguity derived from the wide use of the word ""concept"". We present the
models which our animats use for abstracting koncepts from perceptions,
plastically adapt koncepts, and associate koncepts with actions. On a more
philosophical vein, we suggest that knowledge is a property of a cognitive
system, not an element, and therefore observer-dependent.","['cs.AI', 'I.2.6']"
http://arxiv.org/abs/cs/0211038v1,"Dynamic Adjustment of the Motivation Degree in an Action Selection
  Mechanism","['Carlos Gershenson', 'Pedro Pablo Gonzalez']","This paper presents a model for dynamic adjustment of the motivation degree,
using a reinforcement learning approach, in an action selection mechanism
previously developed by the authors. The learning takes place in the
modification of a parameter of the model of combination of internal and
external stimuli. Experiments that show the claimed properties are presented,
using a VR simulation developed for such purposes. The importance of adaptation
by learning in action selection is also discussed.","['cs.AI', 'I.2.6']"
http://arxiv.org/abs/cs/0211039v1,Action Selection Properties in a Software Simulated Agent,"['Carlos Gershenson Garcia', 'Pedro Pablo Gonzalez Perez', 'Jose Negrete Martinez']","This article analyses the properties of the Internal Behaviour network, an
action selection mechanism previously proposed by the authors, with the aid of
a simulation developed for such ends. A brief review of the Internal Behaviour
network is followed by the explanation of the implementation of the simulation.
Then, experiments are presented and discussed analysing the properties of the
action selection in the proposed model.","['cs.AI', 'I.2.9']"
http://arxiv.org/abs/cs/0211040v1,"A Model for Combination of External and Internal Stimuli in the Action
  Selection of an Autonomous Agent","['Pedro Pablo Gonzalez Perez', 'Jose Negrete Martinez', 'Ariel Barreiro Garcia', 'Carlos Gershenson Garcia']","This paper proposes a model for combination of external and internal stimuli
for the action selection in an autonomous agent, based in an action selection
mechanism previously proposed by the authors. This combination model includes
additive and multiplicative elements, which allows to incorporate new
properties, which enhance the action selection. A given parameter a, which is
part of the proposed model, allows to regulate the degree of dependence of the
observed external behaviour from the internal states of the entity.","['cs.AI', 'I.2.9']"
http://arxiv.org/abs/cs/0212025v1,Searching for Plannable Domains can Speed up Reinforcement Learning,"['Istvan Szita', 'Balint Takacs', 'Andras Lorincz']","Reinforcement learning (RL) involves sequential decision making in uncertain
environments. The aim of the decision-making agent is to maximize the benefit
of acting in its environment over an extended period of time. Finding an
optimal policy in RL may be very slow. To speed up learning, one often used
solution is the integration of planning, for example, Sutton's Dyna algorithm,
or various other methods using macro-actions.
  Here we suggest to separate plannable, i.e., close to deterministic parts of
the world, and focus planning efforts in this domain. A novel reinforcement
learning method called plannable RL (pRL) is proposed here. pRL builds a simple
model, which is used to search for macro actions. The simplicity of the model
makes planning computationally inexpensive. It is shown that pRL finds an
optimal policy, and that plannable macro actions found by pRL are near-optimal.
In turn, it is unnecessary to try large numbers of macro actions, which enables
fast learning. The utility of pRL is demonstrated by computer simulations.","['cs.AI', 'I.2.8']"
http://arxiv.org/abs/cs/0301006v1,Temporal plannability by variance of the episode length,"['Balint Takacs', 'Istvan Szita', 'Andras Lorincz']","Optimization of decision problems in stochastic environments is usually
concerned with maximizing the probability of achieving the goal and minimizing
the expected episode length. For interacting agents in time-critical
applications, learning of the possibility of scheduling of subtasks (events) or
the full task is an additional relevant issue. Besides, there exist highly
stochastic problems where the actual trajectories show great variety from
episode to episode, but completing the task takes almost the same amount of
time. The identification of sub-problems of this nature may promote e.g.,
planning, scheduling and segmenting Markov decision processes. In this work,
formulae for the average duration as well as the standard deviation of the
duration of events are derived. The emerging Bellman-type equation is a simple
extension of Sobel's work (1982). Methods of dynamic programming as well as
methods of reinforcement learning can be applied for our extension. Computer
demonstration on a toy problem serve to highlight the principle.","['cs.AI', 'I.2.8']"
http://arxiv.org/abs/cs/0301010v2,"Comparisons and Computation of Well-founded Semantics for Disjunctive
  Logic Programs","['Kewen Wang', 'Lizhu Zhou']","Much work has been done on extending the well-founded semantics to general
disjunctive logic programs and various approaches have been proposed. However,
these semantics are different from each other and no consensus is reached about
which semantics is the most intended. In this paper we look at disjunctive
well-founded reasoning from different angles. We show that there is an
intuitive form of the well-founded reasoning in disjunctive logic programming
which can be characterized by slightly modifying some exisitng approaches to
defining disjunctive well-founded semantics, including program transformations,
argumentation, unfounded sets (and resolution-like procedure). We also provide
a bottom-up procedure for this semantics. The significance of our work is not
only in clarifying the relationship among different approaches, but also shed
some light on what is an intended well-founded semantics for disjunctive logic
programs.","['cs.AI', 'I.2.3; I.2.4']"
http://arxiv.org/abs/cs/0301023v1,A semantic framework for preference handling in answer set programming,"['Torsten Schaub', 'Kewen Wang']","We provide a semantic framework for preference handling in answer set
programming. To this end, we introduce preference preserving consequence
operators. The resulting fixpoint characterizations provide us with a uniform
semantic framework for characterizing preference handling in existing
approaches. Although our approach is extensible to other semantics by means of
an alternating fixpoint theory, we focus here on the elaboration of preferences
under answer set semantics. Alternatively, we show how these approaches can be
characterized by the concept of order preservation. These uniform semantic
characterizations provide us with new insights about interrelationships and
moreover about ways of implementation.","['cs.AI', 'I.2.3; D.1.6']"
http://arxiv.org/abs/cs/0302029v1,Defeasible Logic Programming: An Argumentative Approach,"['Alejandro Javier Garcia', 'Guillermo Ricardo Simari']","The work reported here introduces Defeasible Logic Programming (DeLP), a
formalism that combines results of Logic Programming and Defeasible
Argumentation. DeLP provides the possibility of representing information in the
form of weak rules in a declarative manner, and a defeasible argumentation
inference mechanism for warranting the entailed conclusions.
  In DeLP an argumentation formalism will be used for deciding between
contradictory goals. Queries will be supported by arguments that could be
defeated by other arguments. A query q will succeed when there is an argument A
for q that is warranted, ie, the argument A that supports q is found undefeated
by a warrant procedure that implements a dialectical analysis.
  The defeasible argumentation basis of DeLP allows to build applications that
deal with incomplete and contradictory information in dynamic domains. Thus,
the resulting approach is suitable for representing agent's knowledge and for
providing an argumentation based reasoning mechanism to agents.","['cs.AI', 'I.2.3']"
http://arxiv.org/abs/cs/0302036v2,Constraint-based analysis of composite solvers,"['Evgueni Petrov', 'Eric Monfroy']","Cooperative constraint solving is an area of constraint programming that
studies the interaction between constraint solvers with the aim of discovering
the interaction patterns that amplify the positive qualities of individual
solvers. Automatisation and formalisation of such studies is an important issue
of cooperative constraint solving.
  In this paper we present a constraint-based analysis of composite solvers
that integrates reasoning about the individual solvers and the processed data.
The idea is to approximate this reasoning by resolution of set constraints on
the finite sets representing the predicates that express all the necessary
properties. We illustrate application of our analysis to two important
cooperation patterns: deterministic choice and loop.","['cs.AI', 'I.2']"
http://arxiv.org/abs/cs/0302039v1,Kalman-filtering using local interactions,"['Barnabas Poczos', 'Andras Lorincz']","There is a growing interest in using Kalman-filter models for brain
modelling. In turn, it is of considerable importance to represent Kalman-filter
in connectionist forms with local Hebbian learning rules. To our best
knowledge, Kalman-filter has not been given such local representation. It seems
that the main obstacle is the dynamic adaptation of the Kalman-gain. Here, a
connectionist representation is presented, which is derived by means of the
recursive prediction error method. We show that this method gives rise to
attractive local learning rules and can adapt the Kalman-gain.","['cs.AI', 'I.2.6']"
http://arxiv.org/abs/cs/0303006v1,On the Notion of Cognition,['Carlos Gershenson'],"We discuss philosophical issues concerning the notion of cognition basing
ourselves in experimental results in cognitive sciences, especially in computer
simulations of cognitive systems. There have been debates on the ""proper""
approach for studying cognition, but we have realized that all approaches can
be in theory equivalent. Different approaches model different properties of
cognitive systems from different perspectives, so we can only learn from all of
them. We also integrate ideas from several perspectives for enhancing the
notion of cognition, such that it can contain other definitions of cognition as
special cases. This allows us to propose a simple classification of different
types of cognition.","['cs.AI', 'I.2.0']"
http://arxiv.org/abs/cs/0303009v2,Unfolding Partiality and Disjunctions in Stable Model Semantics,"['T. Janhunen', 'I. Niemela', 'D. Seipel', 'P. Simons', 'J. You']","The paper studies an implementation methodology for partial and disjunctive
stable models where partiality and disjunctions are unfolded from a logic
program so that an implementation of stable models for normal
(disjunction-free) programs can be used as the core inference engine. The
unfolding is done in two separate steps. Firstly, it is shown that partial
stable models can be captured by total stable models using a simple linear and
modular program transformation. Hence, reasoning tasks concerning partial
stable models can be solved using an implementation of total stable models.
Disjunctive partial stable models have been lacking implementations which now
become available as the translation handles also the disjunctive case.
Secondly, it is shown how total stable models of disjunctive programs can be
determined by computing stable models for normal programs. Hence, an
implementation of stable models of normal programs can be used as a core engine
for implementing disjunctive programs. The feasibility of the approach is
demonstrated by constructing a system for computing stable models of
disjunctive programs using the smodels system as the core engine. The
performance of the resulting system is compared to that of dlv which is a
state-of-the-art special purpose system for disjunctive programs.","['cs.AI', 'I.2.4; F.4.1']"
http://arxiv.org/abs/cs/0303018v1,Multi-target particle filtering for the probability hypothesis density,['Hedvig Sidenbladh'],"When tracking a large number of targets, it is often computationally
expensive to represent the full joint distribution over target states. In cases
where the targets move independently, each target can instead be tracked with a
separate filter. However, this leads to a model-data association problem.
Another approach to solve the problem with computational complexity is to track
only the first moment of the joint distribution, the probability hypothesis
density (PHD). The integral of this distribution over any area S is the
expected number of targets within S. Since no record of object identity is
kept, the model-data association problem is avoided.
  The contribution of this paper is a particle filter implementation of the PHD
filter mentioned above. This PHD particle filter is applied to tracking of
multiple vehicles in terrain, a non-linear tracking problem. Experiments show
that the filter can track a changing number of vehicles robustly, achieving
near-real-time performance.","['cs.AI', 'G.3']"
http://arxiv.org/abs/cs/0305001v1,A Framework for Searching AND/OR Graphs with Cycles,"['Ambuj Mahanti', 'Supriyo Ghose', 'Samir K. Sadhukhan']","Search in cyclic AND/OR graphs was traditionally known to be an unsolved
problem. In the recent past several important studies have been reported in
this domain. In this paper, we have taken a fresh look at the problem. First, a
new and comprehensive theoretical framework for cyclic AND/OR graphs has been
presented, which was found missing in the recent literature. Based on this
framework, two best-first search algorithms, S1 and S2, have been developed. S1
does uninformed search and is a simple modification of the Bottom-up algorithm
by Martelli and Montanari. S2 performs a heuristically guided search and
replicates the modification in Bottom-up's successors, namely HS and AO*. Both
S1 and S2 solve the problem of searching AND/OR graphs in presence of cycles.
We then present a detailed analysis for the correctness and complexity results
of S1 and S2, using the proposed framework. We have observed through
experiments that S1 and S2 output correct results in all cases.","['cs.AI', 'I.2.8']"
http://arxiv.org/abs/cs/0305019v1,On rho in a Decision-Theoretic Apparatus of Dempster-Shafer Theory,['Johan Schubert'],"Thomas M. Strat has developed a decision-theoretic apparatus for
Dempster-Shafer theory (Decision analysis using belief functions, Intern. J.
Approx. Reason. 4(5/6), 391-417, 1990). In this apparatus, expected utility
intervals are constructed for different choices. The choice with the highest
expected utility is preferable to others. However, to find the preferred choice
when the expected utility interval of one choice is included in that of
another, it is necessary to interpolate a discerning point in the intervals.
This is done by the parameter rho, defined as the probability that the
ambiguity about the utility of every nonsingleton focal element will turn out
as favorable as possible. If there are several different decision makers, we
might sometimes be more interested in having the highest expected utility among
the decision makers rather than only trying to maximize our own expected
utility regardless of choices made by other decision makers. The preference of
each choice is then determined by the probability of yielding the highest
expected utility. This probability is equal to the maximal interval length of
rho under which an alternative is preferred. We must here take into account not
only the choices already made by other decision makers but also the rational
choices we can assume to be made by later decision makers. In Strats apparatus,
an assumption, unwarranted by the evidence at hand, has to be made about the
value of rho. We demonstrate that no such assumption is necessary. It is
sufficient to assume a uniform probability distribution for rho to be able to
discern the most preferable choice. We discuss when this approach is
justifiable.","['cs.AI', 'I.2.3']"
http://arxiv.org/abs/cs/0305044v2,Updating beliefs with incomplete observations,"['Gert de Cooman', 'Marco Zaffalon']","Currently, there is renewed interest in the problem, raised by Shafer in
1985, of updating probabilities when observations are incomplete. This is a
fundamental problem in general, and of particular interest for Bayesian
networks. Recently, Grunwald and Halpern have shown that commonly used updating
strategies fail in this case, except under very special assumptions. In this
paper we propose a new method for updating probabilities with incomplete
observations. Our approach is deliberately conservative: we make no assumptions
about the so-called incompleteness mechanism that associates complete with
incomplete observations. We model our ignorance about this mechanism by a
vacuous lower prevision, a tool from the theory of imprecise probabilities, and
we use only coherence arguments to turn prior into posterior probabilities. In
general, this new approach to updating produces lower and upper posterior
probabilities and expectations, as well as partially determinate decisions.
This is a logical consequence of the existing ignorance about the
incompleteness mechanism. We apply the new approach to the problem of
classification of new evidence in probabilistic expert systems, where it leads
to a new, so-called conservative updating rule. In the special case of Bayesian
networks constructed using expert knowledge, we provide an exact algorithm for
classification based on our updating rule, which has linear-time complexity for
a class of networks wider than polytrees. This result is then extended to the
more general framework of credal networks, where computations are often much
harder than with Bayesian nets. Using an example, we show that our rule appears
to provide a solid basis for reliable updating with incomplete observations,
when no strong assumptions about the incompleteness mechanism are justified.","['cs.AI', 'I.2.3']"
http://arxiv.org/abs/cs/0306124v1,Updating Probabilities,"['Peter D. Grunwald', 'Joseph Y. Halpern']","As examples such as the Monty Hall puzzle show, applying conditioning to
update a probability distribution on a ``naive space'', which does not take
into account the protocol used, can often lead to counterintuitive results.
Here we examine why. A criterion known as CAR (``coarsening at random'') in the
statistical literature characterizes when ``naive'' conditioning in a naive
space works. We show that the CAR condition holds rather infrequently, and we
provide a procedural characterization of it, by giving a randomized algorithm
that generates all and only distributions for which CAR holds. This
substantially extends previous characterizations of CAR. We also consider more
generalized notions of update such as Jeffrey conditioning and minimizing
relative entropy (MRE). We give a generalization of the CAR condition that
characterizes when Jeffrey conditioning leads to appropriate answers, and show
that there exist some very simple settings in which MRE essentially never gives
the right results. This generalizes and interconnects previous results obtained
in the literature on CAR and MRE.","['cs.AI', 'I.2.4']"
http://arxiv.org/abs/cs/0306135v1,Pruning Isomorphic Structural Sub-problems in Configuration,"['Stephane Grandcolas', 'Laurent Henocque', 'Nicolas Prcovic']","Configuring consists in simulating the realization of a complex product from
a catalog of component parts, using known relations between types, and picking
values for object attributes. This highly combinatorial problem in the field of
constraint programming has been addressed with a variety of approaches since
the foundation system R1(McDermott82). An inherent difficulty in solving
configuration problems is the existence of many isomorphisms among
interpretations. We describe a formalism independent approach to improve the
detection of isomorphisms by configurators, which does not require to adapt the
problem model. To achieve this, we exploit the properties of a characteristic
subset of configuration problems, called the structural sub-problem, which
canonical solutions can be produced or tested at a limited cost. In this paper
we present an algorithm for testing the canonicity of configurations, that can
be added as a symmetry breaking constraint to any configurator. The cost and
efficiency of this canonicity test are given.","['cs.AI', 'I.2.3; I.2.4; I.2.8; F.4.1']"
http://arxiv.org/abs/cs/0307010v2,"Probabilistic Reasoning as Information Compression by Multiple
  Alignment, Unification and Search: An Introduction and Overview",['J Gerard Wolff'],"This article introduces the idea that probabilistic reasoning (PR) may be
understood as ""information compression by multiple alignment, unification and
search"" (ICMAUS). In this context, multiple alignment has a meaning which is
similar to but distinct from its meaning in bio-informatics, while unification
means a simple merging of matching patterns, a meaning which is related to but
simpler than the meaning of that term in logic.
  A software model, SP61, has been developed for the discovery and formation of
'good' multiple alignments, evaluated in terms of information compression. The
model is described in outline.
  Using examples from the SP61 model, this article describes in outline how the
ICMAUS framework can model various kinds of PR including: PR in best-match
pattern recognition and information retrieval; one-step 'deductive' and
'abductive' PR; inheritance of attributes in a class hierarchy; chains of
reasoning (probabilistic decision networks and decision trees, and PR with
'rules'); geometric analogy problems; nonmonotonic reasoning and reasoning with
default values; modelling the function of a Bayesian network.","['cs.AI', 'I.2.3']"
http://arxiv.org/abs/cs/0307025v1,"Information Compression by Multiple Alignment, Unification and Search as
  a Unifying Principle in Computing and Cognition",['J Gerard Wolff'],"This article presents an overview of the idea that ""information compression
by multiple alignment, unification and search"" (ICMAUS) may serve as a unifying
principle in computing (including mathematics and logic) and in such aspects of
human cognition as the analysis and production of natural language, fuzzy
pattern recognition and best-match information retrieval, concept hierarchies
with inheritance of attributes, probabilistic reasoning, and unsupervised
inductive learning. The ICMAUS concepts are described together with an outline
of the SP61 software model in which the ICMAUS concepts are currently realised.
A range of examples is presented, illustrated with output from the SP61 model.","['cs.AI', 'I.2.0']"
http://arxiv.org/abs/cs/0307048v2,"Integrating cardinal direction relations and other orientation relations
  in Qualitative Spatial Reasoning",['Amar Isli'],"We propose a calculus integrating two calculi well-known in Qualitative
Spatial Reasoning (QSR): Frank's projection-based cardinal direction calculus,
and a coarser version of Freksa's relative orientation calculus. An original
constraint propagation procedure is presented, which implements the interaction
between the two integrated calculi. The importance of taking into account the
interaction is shown with a real example providing an inconsistent knowledge
base, whose inconsistency (a) cannot be detected by reasoning separately about
each of the two components of the knowledge, just because, taken separately,
each is consistent, but (b) is detected by the proposed algorithm, thanks to
the interaction knowledge propagated from each of the two compnents to the
other.","['cs.AI', 'I.2 (I.2.4)']"
http://arxiv.org/abs/cs/0307050v1,A ternary Relation Algebra of directed lines,['Amar Isli'],"We define a ternary Relation Algebra (RA) of relative position relations on
two-dimensional directed lines (d-lines for short). A d-line has two degrees of
freedom (DFs): a rotational DF (RDF), and a translational DF (TDF). The
representation of the RDF of a d-line will be handled by an RA of 2D
orientations, CYC_t, known in the literature. A second algebra, TA_t, which
will handle the TDF of a d-line, will be defined. The two algebras, CYC_t and
TA_t, will constitute, respectively, the translational and the rotational
components of the RA, PA_t, of relative position relations on d-lines: the PA_t
atoms will consist of those pairs <t,r> of a TA_t atom and a CYC_t atom that
are compatible. We present in detail the RA PA_t, with its converse table, its
rotation table and its composition tables. We show that a (polynomial)
constraint propagation algorithm, known in the literature, is complete for a
subset of PA_t relations including almost all of the atomic relations. We will
discuss the application scope of the RA, which includes incidence geometry, GIS
(Geographic Information Systems), shape representation, localisation in
(multi-)robot navigation, and the representation of motion prepositions in NLP
(Natural Language Processing). We then compare the RA to existing ones, such as
an algebra for reasoning about rectangles parallel to the axes of an
(orthogonal) coordinate system, a ``spatial Odyssey'' of Allen's interval
algebra, and an algebra for reasoning about 2D segments.","['cs.AI', 'I.2 (I.2.4)']"
http://arxiv.org/abs/cs/0307056v1,From Statistical Knowledge Bases to Degrees of Belief,"['Fahiem Bacchus', 'Adam Grove', 'Joseph Y. Halpern', 'Daphne Koller']","An intelligent agent will often be uncertain about various properties of its
environment, and when acting in that environment it will frequently need to
quantify its uncertainty. For example, if the agent wishes to employ the
expected-utility paradigm of decision theory to guide its actions, it will need
to assign degrees of belief (subjective probabilities) to various assertions.
Of course, these degrees of belief should not be arbitrary, but rather should
be based on the information available to the agent. This paper describes one
approach for inducing degrees of belief from very rich knowledge bases, that
can include information about particular individuals, statistical correlations,
physical laws, and default rules. We call our approach the random-worlds
method. The method is based on the principle of indifference: it treats all of
the worlds the agent considers possible as being equally likely. It is able to
integrate qualitative default reasoning with quantitative probabilistic
reasoning by providing a language in which both types of information can be
easily expressed. Our results show that a number of desiderata that arise in
direct inference (reasoning from statistical information to conclusions about
individuals) and default reasoning follow directly {from} the semantics of
random worlds. For example, random worlds captures important patterns of
reasoning such as specificity, inheritance, indifference to irrelevant
information, and default assumptions of independence. Furthermore, the
expressive power of the language used and the intuitive semantics of random
worlds allow the method to deal with problems that are beyond the scope of many
other non-deductive reasoning systems.","['cs.AI', 'I.2.4']"
http://arxiv.org/abs/cs/0307063v1,"An Alternative to RDF-Based Languages for the Representation and
  Processing of Ontologies in the Semantic Web",['J Gerard Wolff'],"This paper describes an approach to the representation and processing of
ontologies in the Semantic Web, based on the ICMAUS theory of computation and
AI. This approach has strengths that complement those of languages based on the
Resource Description Framework (RDF) such as RDF Schema and DAML+OIL. The main
benefits of the ICMAUS approach are simplicity and comprehensibility in the
representation of ontologies, an ability to cope with errors and uncertainties
in knowledge, and a versatile reasoning system with capabilities in the kinds
of probabilistic reasoning that seem to be required in the Semantic Web.","['cs.AI', 'I.2.0']"
http://arxiv.org/abs/cs/0308002v3,Quantifying and Visualizing Attribute Interactions,"['Aleks Jakulin', 'Ivan Bratko']","Interactions are patterns between several attributes in data that cannot be
inferred from any subset of these attributes. While mutual information is a
well-established approach to evaluating the interactions between two
attributes, we surveyed its generalizations as to quantify interactions between
several attributes. We have chosen McGill's interaction information, which has
been independently rediscovered a number of times under various names in
various disciplines, because of its many intuitively appealing properties. We
apply interaction information to visually present the most important
interactions of the data. Visualization of interactions has provided insight
into the structure of data on a number of domains, identifying redundant
attributes and opportunities for constructing new features, discovering
unexpected regularities in data, and have helped during construction of
predictive models; we illustrate the methods on numerous examples. A machine
learning method that disregards interactions may get caught in two traps:
myopia is caused by learning algorithms assuming independence in spite of
interactions, whereas fragmentation arises from assuming an interaction in
spite of independence.","['cs.AI', 'I.2.6']"
http://arxiv.org/abs/cs/0309025v1,Evidential Force Aggregation,['Johan Schubert'],"In this paper we develop an evidential force aggregation method intended for
classification of evidential intelligence into recognized force structures. We
assume that the intelligence has already been partitioned into clusters and use
the classification method individually in each cluster. The classification is
based on a measure of fitness between template and fused intelligence that
makes it possible to handle intelligence reports with multiple nonspecific and
uncertain propositions. With this measure we can aggregate on a level-by-level
basis, starting from general intelligence to achieve a complete force structure
with recognized units on all hierarchical levels.","['cs.AI', 'I.2.3; I.5.2']"
http://arxiv.org/abs/cs/0310023v1,Application of Kullback-Leibler Metric to Speech Recognition,"['Igor Bocharov', 'Pavel Lukin']","Article discusses the application of Kullback-Leibler divergence to the
recognition of speech signals and suggests three algorithms implementing this
divergence criterion: correlation algorithm, spectral algorithm and filter
algorithm. Discussion covers an approach to the problem of speech variability
and is illustrated with the results of experimental modeling of speech signals.
The article gives a number of recommendations on the choice of appropriate
model parameters and provides a comparison to some other methods of speech
recognition.","['cs.AI', 'I.2.7']"
http://arxiv.org/abs/cs/0310044v1,The Algebra of Utility Inference,['Ali E. Abbas'],"Richard Cox [1] set the axiomatic foundations of probable inference and the
algebra of propositions. He showed that consistency within these axioms
requires certain rules for updating belief. In this paper we use the analogy
between probability and utility introduced in [2] to propose an axiomatic
foundation for utility inference and the algebra of preferences. We show that
consistency within these axioms requires certain rules for updating preference.
We discuss a class of utility functions that stems from the axioms of utility
inference and show that this class is the basic building block for any general
multiattribute utility function. We use this class of utility functions
together with the algebra of preferences to construct utility functions
represented by logical operations on the attributes.","['cs.AI', 'J.4']"
http://arxiv.org/abs/cs/0310045v1,An information theory for preferences,['Ali E. Abbas'],"Recent literature in the last Maximum Entropy workshop introduced an analogy
between cumulative probability distributions and normalized utility functions.
Based on this analogy, a utility density function can de defined as the
derivative of a normalized utility function. A utility density function is
non-negative and integrates to unity. These two properties form the basis of a
correspondence between utility and probability. A natural application of this
analogy is a maximum entropy principle to assign maximum entropy utility
values. Maximum entropy utility interprets many of the common utility functions
based on the preference information needed for their assignment, and helps
assign utility values based on partial preference information. This paper
reviews maximum entropy utility and introduces further results that stem from
the duality between probability and utility.","['cs.AI', 'J.4']"
http://arxiv.org/abs/cs/0310047v1,"Abductive Logic Programs with Penalization: Semantics, Complexity and
  Implementation","['Simona Perri', 'Francesco Scarcello', 'Nicola Leone']","Abduction, first proposed in the setting of classical logics, has been
studied with growing interest in the logic programming area during the last
years.
  In this paper we study abduction with penalization in the logic programming
framework. This form of abductive reasoning, which has not been previously
analyzed in logic programming, turns out to represent several relevant
problems, including optimization problems, very naturally. We define a formal
model for abduction with penalization over logic programs, which extends the
abductive framework proposed by Kakas and Mancarella. We address knowledge
representation issues, encoding a number of problems in our abductive
framework. In particular, we consider some relevant problems, taken from
different domains, ranging from optimization theory to diagnosis and planning;
their encodings turn out to be simple and elegant in our formalism. We
thoroughly analyze the computational complexity of the main problems arising in
the context of abduction with penalization from logic programs. Finally, we
implement a system supporting the proposed abductive framework on top of the
DLV engine. To this end, we design a translation from abduction problems with
penalties into logic programs with weak constraints. We prove that this
approach is sound and complete.","['cs.AI', 'D.1.6']"
http://arxiv.org/abs/cs/0310061v1,"Local-search techniques for propositional logic extended with
  cardinality constraints","['Lengning Liu', 'Miroslaw Truszczynski']","We study local-search satisfiability solvers for propositional logic extended
with cardinality atoms, that is, expressions that provide explicit ways to
model constraints on cardinalities of sets. Adding cardinality atoms to the
language of propositional logic facilitates modeling search problems and often
results in concise encodings. We propose two ``native'' local-search solvers
for theories in the extended language. We also describe techniques to reduce
the problem to standard propositional satisfiability and allow us to use
off-the-shelf SAT solvers. We study these methods experimentally. Our general
finding is that native solvers designed specifically for the extended language
perform better than indirect methods relying on SAT solvers.","['cs.AI', 'I.2.8; F.4.1']"
http://arxiv.org/abs/cs/0310062v1,WSAT(cc) - a fast local-search ASP solver,"['Lengning Liu', 'Miroslaw Truszczynski']","We describe WSAT(cc), a local-search solver for computing models of theories
in the language of propositional logic extended by cardinality atoms. WSAT(cc)
is a processing back-end for the logic PS+, a recently proposed formalism for
answer-set programming.","['cs.AI', 'I.2.8; F.4.1']"
http://arxiv.org/abs/cs/0311004v1,Utility-Probability Duality,"['Ali Abbas', 'Jim Matheson']","This paper presents duality between probability distributions and utility
functions.","['cs.AI', 'G.3.3']"
http://arxiv.org/abs/cs/0311007v1,Parametric Connectives in Disjunctive Logic Programming,"['Simona Perri', 'Nicola Leone']","Disjunctive Logic Programming (\DLP) is an advanced formalism for Knowledge
Representation and Reasoning (KRR). \DLP is very expressive in a precise
mathematical sense: it allows to express every property of finite structures
that is decidable in the complexity class $\SigmaP{2}$ ($\NP^{\NP}$).
Importantly, the \DLP encodings are often simple and natural.
  In this paper, we single out some limitations of \DLP for KRR, which cannot
naturally express problems where the size of the disjunction is not known ``a
priori'' (like N-Coloring), but it is part of the input. To overcome these
limitations, we further enhance the knowledge modelling abilities of \DLP, by
extending this language by {\em Parametric Connectives (OR and AND)}. These
connectives allow us to represent compactly the disjunction/conjunction of a
set of atoms having a given property. We formally define the semantics of the
new language, named $DLP^{\bigvee,\bigwedge}$ and we show the usefulness of the
new constructs on relevant knowledge-based problems. We address implementation
issues and discuss related works.","['cs.AI', 'D.1.6; D.3.1']"
http://arxiv.org/abs/cs/0311024v1,Logic-Based Specification Languages for Intelligent Software Agents,"['Viviana Mascardi', 'Maurizio Martelli', 'Leon Sterling']","The research field of Agent-Oriented Software Engineering (AOSE) aims to find
abstractions, languages, methodologies and toolkits for modeling, verifying,
validating and prototyping complex applications conceptualized as Multiagent
Systems (MASs). A very lively research sub-field studies how formal methods can
be used for AOSE. This paper presents a detailed survey of six logic-based
executable agent specification languages that have been chosen for their
potential to be integrated in our ARPEGGIO project, an open framework for
specifying and prototyping a MAS. The six languages are ConGoLog, Agent-0, the
IMPACT agent programming language, DyLog, Concurrent METATEM and Ehhf. For each
executable language, the logic foundations are described and an example of use
is shown. A comparison of the six languages and a survey of similar approaches
complete the paper, together with considerations of the advantages of using
logic-based languages in MAS modeling and prototyping.","['cs.AI', 'A.1; F.4.1; I.2.11']"
http://arxiv.org/abs/cs/0311026v1,"Great Expectations. Part I: On the Customizability of Generalized
  Expected Utility","['Francis C. Chu', 'Joseph Y. Halpern']","We propose a generalization of expected utility that we call generalized EU
(GEU), where a decision maker's beliefs are represented by plausibility
measures, and the decision maker's tastes are represented by general (i.e.,not
necessarily real-valued) utility functions. We show that every agent,
``rational'' or not, can be modeled as a GEU maximizer. We then show that we
can customize GEU by selectively imposing just the constraints we want. In
particular, we show how each of Savage's postulates corresponds to constraints
on GEU.","['cs.AI', 'I.2.4']"
http://arxiv.org/abs/cs/0311027v1,"Great Expectations. Part II: Generalized Expected Utility as a Universal
  Decision Rule","['Francis C. Chu', 'Joseph Y. Halpern']","Many different rules for decision making have been introduced in the
literature. We show that a notion of generalized expected utility proposed in
Part I of this paper is a universal decision rule, in the sense that it can
represent essentially all other decision rules.","['cs.AI', 'I.2.4']"
http://arxiv.org/abs/cs/0311045v1,"Unsupervised Grammar Induction in a Framework of Information Compression
  by Multiple Alignment, Unification and Search",['J Gerard Wolff'],"This paper describes a novel approach to grammar induction that has been
developed within a framework designed to integrate learning with other aspects
of computing, AI, mathematics and logic. This framework, called ""information
compression by multiple alignment, unification and search"" (ICMAUS), is founded
on principles of Minimum Length Encoding pioneered by Solomonoff and others.
Most of the paper describes SP70, a computer model of the ICMAUS framework that
incorporates processes for unsupervised learning of grammars. An example is
presented to show how the model can infer a plausible grammar from appropriate
input. Limitations of the current model and how they may be overcome are
briefly discussed.","['cs.AI', 'I.2.6']"
http://arxiv.org/abs/cs/0311051v1,"Integrating existing cone-shaped and projection-based cardinal direction
  relations and a TCSP-like decidable generalisation",['Amar Isli'],"We consider the integration of existing cone-shaped and projection-based
calculi of cardinal direction relations, well-known in QSR. The more general,
integrating language we consider is based on convex constraints of the
qualitative form $r(x,y)$, $r$ being a cone-shaped or projection-based cardinal
direction atomic relation, or of the quantitative form $(\alpha ,\beta)(x,y)$,
with $\alpha ,\beta\in [0,2\pi)$ and $(\beta -\alpha)\in [0,\pi ]$: the meaning
of the quantitative constraint, in particular, is that point $x$ belongs to the
(convex) cone-shaped area rooted at $y$, and bounded by angles $\alpha$ and
$\beta$. The general form of a constraint is a disjunction of the form
$[r_1\vee...\vee r_{n_1}\vee (\alpha_1,\beta_1)\vee...\vee (\alpha
_{n_2},\beta_{n_2})](x,y)$, with $r_i(x,y)$, $i=1... n_1$, and $(\alpha
_i,\beta_i)(x,y)$, $i=1... n_2$, being convex constraints as described above:
the meaning of such a general constraint is that, for some $i=1... n_1$,
$r_i(x,y)$ holds, or, for some $i=1... n_2$, $(\alpha_i,\beta_i)(x,y)$ holds. A
conjunction of such general constraints is a $\tcsp$-like CSP, which we will
refer to as an $\scsp$ (Spatial Constraint Satisfaction Problem). An effective
solution search algorithm for an $\scsp$ will be described, which uses (1)
constraint propagation, based on a composition operation to be defined, as the
filtering method during the search, and (2) the Simplex algorithm, guaranteeing
completeness, at the leaves of the search tree. The approach is particularly
suited for large-scale high-level vision, such as, e.g., satellite-like
surveillance of a geographic area.","['cs.AI', 'I.2 (I.2.4)']"
http://arxiv.org/abs/cs/0312020v1,Modeling Object Oriented Constraint Programs in Z,['Laurent Henocque'],"Object oriented constraint programs (OOCPs) emerge as a leading evolution of
constraint programming and artificial intelligence, first applied to a range of
industrial applications called configuration problems. The rich variety of
technical approaches to solving configuration problems (CLP(FD), CC(FD), DCSP,
Terminological systems, constraint programs with set variables ...) is a source
of difficulty. No universally accepted formal language exists for communicating
about OOCPs, which makes the comparison of systems difficult. We present here a
Z based specification of OOCPs which avoids the falltrap of hidden object
semantics. The object system is part of the specification, and captures all of
the most advanced notions from the object oriented modeling standard UML. The
paper illustrates these issues and the conciseness and precision of Z by the
specification of a working OOCP that solves an historical AI problem : parsing
a context free grammar. Being written in Z, an OOCP specification also supports
formal proofs. The whole builds the foundation of an adaptative and evolving
framework for communicating about constrained object models and programs.","['cs.AI', 'I.2.4;F.4.1']"
http://arxiv.org/abs/cs/0312040v1,Diagnostic reasoning with A-Prolog,"['Marcello Balduccini', 'Michael Gelfond']","In this paper we suggest an architecture for a software agent which operates
a physical device and is capable of making observations and of testing and
repairing the device's components. We present simplified definitions of the
notions of symptom, candidate diagnosis, and diagnosis which are based on the
theory of action language ${\cal AL}$. The definitions allow one to give a
simple account of the agent's behavior in which many of the agent's tasks are
reduced to computing stable models of logic programs.","['cs.AI', 'F.4.1; F.2.2']"
http://arxiv.org/abs/cs/0312045v1,Weight Constraints as Nested Expressions,"['Paolo Ferraris', 'Vladimir Lifschitz']","We compare two recent extensions of the answer set (stable model) semantics
of logic programs. One of them, due to Lifschitz, Tang and Turner, allows the
bodies and heads of rules to contain nested expressions. The other, due to
Niemela and Simons, uses weight constraints. We show that there is a simple,
modular translation from the language of weight constraints into the language
of nested expressions that preserves the program's answer sets. Nested
expressions can be eliminated from the result of this translation in favor of
additional atoms. The translation makes it possible to compute answer sets for
some programs with weight constraints using satisfiability solvers, and to
prove the strong equivalence of programs with weight constraints using the
logic of here-and there.","['cs.AI', 'F.4.1; I.2.3']"
http://arxiv.org/abs/cs/0312053v1,On the Expressibility of Stable Logic Programming,"['Victor W. Marek', 'Jeffrey B. Remmel']","(We apologize for pidgin LaTeX) Schlipf \cite{sch91} proved that Stable Logic
Programming (SLP) solves all $\mathit{NP}$ decision problems. We extend
Schlipf's result to prove that SLP solves all search problems in the class
$\mathit{NP}$. Moreover, we do this in a uniform way as defined in \cite{mt99}.
Specifically, we show that there is a single $\mathrm{DATALOG}^{\neg}$ program
$P_{\mathit{Trg}}$ such that given any Turing machine $M$, any polynomial $p$
with non-negative integer coefficients and any input $\sigma$ of size $n$ over
a fixed alphabet $\Sigma$, there is an extensional database
$\mathit{edb}_{M,p,\sigma}$ such that there is a one-to-one correspondence
between the stable models of $\mathit{edb}_{M,p,\sigma} \cup P_{\mathit{Trg}}$
and the accepting computations of the machine $M$ that reach the final state in
at most $p(n)$ steps. Moreover, $\mathit{edb}_{M,p,\sigma}$ can be computed in
polynomial time from $p$, $\sigma$ and the description of $M$ and the decoding
of such accepting computations from its corresponding stable model of
$\mathit{edb}_{M,p,\sigma} \cup P_{\mathit{Trg}}$ can be computed in linear
time. A similar statement holds for Default Logic with respect to
$\Sigma_2^\mathrm{P}$-search problems\footnote{The proof of this result
involves additional technical complications and will be a subject of another
publication.}.","['cs.AI', 'F.4.1']"
http://arxiv.org/abs/cs/0401009v1,Unifying Computing and Cognition: The SP Theory and its Applications,['J Gerard Wolff'],"This book develops the conjecture that all kinds of information processing in
computers and in brains may usefully be understood as ""information compression
by multiple alignment, unification and search"". This ""SP theory"", which has
been under development since 1987, provides a unified view of such things as
the workings of a universal Turing machine, the nature of 'knowledge', the
interpretation and production of natural language, pattern recognition and
best-match information retrieval, several kinds of probabilistic reasoning,
planning and problem solving, unsupervised learning, and a range of concepts in
mathematics and logic. The theory also provides a basis for the design of an
'SP' computer with several potential advantages compared with traditional
digital computers.","['cs.AI', 'F.1.0; I.2.0']"
http://arxiv.org/abs/cs/0402033v1,Recycling Computed Answers in Rewrite Systems for Abduction,"['Fangzhen Lin', 'Jia-Huai You']","In rule-based systems, goal-oriented computations correspond naturally to the
possible ways that an observation may be explained. In some applications, we
need to compute explanations for a series of observations with the same domain.
The question whether previously computed answers can be recycled arises. A yes
answer could result in substantial savings of repeated computations. For
systems based on classic logic, the answer is YES. For nonmonotonic systems
however, one tends to believe that the answer should be NO, since recycling is
a form of adding information. In this paper, we show that computed answers can
always be recycled, in a nontrivial way, for the class of rewrite procedures
that we proposed earlier for logic programs with negation. We present some
experimental results on an encoding of the logistics domain.","['cs.AI', 'F.4.1']"
http://arxiv.org/abs/cs/0402035v1,Memory As A Monadic Control Construct In Problem-Solving,['Jean-Marie Chauvet'],"Recent advances in programming languages study and design have established a
standard way of grounding computational systems representation in category
theory. These formal results led to a better understanding of issues of control
and side-effects in functional and imperative languages. This framework can be
successfully applied to the investigation of the performance of Artificial
Intelligence (AI) inference and cognitive systems. In this paper, we delineate
a categorical formalisation of memory as a control structure driving
performance in inference systems. Abstracting away control mechanisms from
three widely used representations of memory in cognitive systems (scripts,
production rules and clusters) we explain how categorical triples capture the
interaction between learning and problem-solving.","['cs.AI', '6Q655']"
http://arxiv.org/abs/cs/0402057v2,Integrating Defeasible Argumentation and Machine Learning Techniques,"['Sergio Alejandro Gomez', 'Carlos Ivan Chesñevar']","The field of machine learning (ML) is concerned with the question of how to
construct algorithms that automatically improve with experience. In recent
years many successful ML applications have been developed, such as datamining
programs, information-filtering systems, etc. Although ML algorithms allow the
detection and extraction of interesting patterns of data for several kinds of
problems, most of these algorithms are based on quantitative reasoning, as they
rely on training data in order to infer so-called target functions.
  In the last years defeasible argumentation has proven to be a sound setting
to formalize common-sense qualitative reasoning. This approach can be combined
with other inference techniques, such as those provided by machine learning
theory.
  In this paper we outline different alternatives for combining defeasible
argumentation and machine learning techniques. We suggest how different aspects
of a generic argument-based framework can be integrated with other ML-based
approaches.","['cs.AI', 'I.2.0']"
http://arxiv.org/abs/cs/0403002v2,Epistemic Foundation of Stable Model Semantics,"['Y. Loyer', 'U. Straccia']","Stable model semantics has become a very popular approach for the management
of negation in logic programming. This approach relies mainly on the closed
world assumption to complete the available knowledge and its formulation has
its basis in the so-called Gelfond-Lifschitz transformation.
  The primary goal of this work is to present an alternative and
epistemic-based characterization of stable model semantics, to the
Gelfond-Lifschitz transformation. In particular, we show that stable model
semantics can be defined entirely as an extension of the Kripke-Kleene
semantics. Indeed, we show that the closed world assumption can be seen as an
additional source of `falsehood' to be added cumulatively to the Kripke-Kleene
semantics. Our approach is purely algebraic and can abstract from the
particular formalism of choice as it is based on monotone operators (under the
knowledge order) over bilattices only.",['cs.AI']
http://arxiv.org/abs/cs/0403006v1,The role of behavior modifiers in representation development,"['Carlos R. de la Mora B.', 'Carlos Gershenson', 'Angelica Garcia-Vega']","We address the problem of the development of representations and their
relationship to the environment. We study a software agent which develops in a
network a representation of its simple environment which captures and
integrates the relationships between agent and environment through a closure
mechanism. The inclusion of a variable behavior modifier allows better
representation development. This can be confirmed with an internal description
of the closure mechanism, and with an external description of the properties of
the representation network.","['cs.AI', 'I.2.0']"
http://arxiv.org/abs/cs/0404011v1,Parametric external predicates for the DLV System,"['G. Ianni', 'F. Calimeri', 'A. Pietramala', 'M. C. Santoro']","This document describes syntax, semantics and implementation guidelines in
order to enrich the DLV system with the possibility to make external C function
calls. This feature is realized by the introduction of parametric external
predicates, whose extension is not specified through a logic program but
implicitly computed through external code.","['cs.AI', 'I.2.4']"
http://arxiv.org/abs/cs/0404012v1,"Toward the Implementation of Functions in the DLV System (Preliminary
  Technical Report)","['Francesco Calimeri', 'Nicola Leone']","This document describes the functions as they are treated in the DLV system.
We give first the language, then specify the main implementation issues.","['cs.AI', 'I.2.4']"
http://arxiv.org/abs/cs/0404051v1,Knowledge And The Action Description Language A,"['Jorge Lobo', 'Gisela Mendez', 'Stuart R. Taylor']","We introduce Ak, an extension of the action description language A (Gelfond
and Lifschitz, 1993) to handle actions which affect knowledge. We use sensing
actions to increase an agent's knowledge of the world and non-deterministic
actions to remove knowledge. We include complex plans involving conditionals
and loops in our query language for hypothetical reasoning. We also present a
translation of Ak domain descriptions into epistemic logic programs.","['cs.AI', 'D.1.6; D.3.2']"
http://arxiv.org/abs/cs/0405008v1,"A Comparative Study of Fuzzy Classification Methods on Breast Cancer
  Data","['Ravi Jain', 'Ajith Abraham']","In this paper, we examine the performance of four fuzzy rule generation
methods on Wisconsin breast cancer data. The first method generates fuzzy if
then rules using the mean and the standard deviation of attribute values. The
second approach generates fuzzy if then rules using the histogram of attributes
values. The third procedure generates fuzzy if then rules with certainty of
each attribute into homogeneous fuzzy sets. In the fourth approach, only
overlapping areas are partitioned. The first two approaches generate a single
fuzzy if then rule for each class by specifying the membership function of each
antecedent fuzzy set using the information about attribute values of training
patterns. The other two approaches are based on fuzzy grids with homogeneous
fuzzy partitions of each attribute. The performance of each approach is
evaluated on breast cancer data sets. Simulation results show that the Modified
grid approach has a high classification rate of 99.73 %.","['cs.AI', 'I.2.1']"
http://arxiv.org/abs/cs/0405009v1,Intelligent Systems: Architectures and Perspectives,['Ajith Abraham'],"The integration of different learning and adaptation techniques to overcome
individual limitations and to achieve synergetic effects through the
hybridization or fusion of these techniques has, in recent years, contributed
to a large number of new intelligent system designs. Computational intelligence
is an innovative framework for constructing intelligent hybrid architectures
involving Neural Networks (NN), Fuzzy Inference Systems (FIS), Probabilistic
Reasoning (PR) and derivative free optimization techniques such as Evolutionary
Computation (EC). Most of these hybridization approaches, however, follow an ad
hoc design methodology, justified by success in certain application domains.
Due to the lack of a common framework it often remains difficult to compare the
various hybrid systems conceptually and to evaluate their performance
comparatively. This chapter introduces the different generic architectures for
integrating intelligent systems. The designing aspects and perspectives of
different hybrid archirectures like NN-FIS, EC-FIS, EC-NN, FIS-PR and NN-FIS-EC
systems are presented. Some conclusions are also provided towards the end.","['cs.AI', 'I.2.0']"
http://arxiv.org/abs/cs/0405010v1,A Neuro-Fuzzy Approach for Modelling Electricity Demand in Victoria,"['Ajith Abraham', 'Baikunth Nath']","Neuro-fuzzy systems have attracted growing interest of researchers in various
scientific and engineering areas due to the increasing need of intelligent
systems. This paper evaluates the use of two popular soft computing techniques
and conventional statistical approach based on Box--Jenkins autoregressive
integrated moving average (ARIMA) model to predict electricity demand in the
State of Victoria, Australia. The soft computing methods considered are an
evolving fuzzy neural network (EFuNN) and an artificial neural network (ANN)
trained using scaled conjugate gradient algorithm (CGA) and backpropagation
(BP) algorithm. The forecast accuracy is compared with the forecasts used by
Victorian Power Exchange (VPX) and the actual energy demand. To evaluate, we
considered load demand patterns for 10 consecutive months taken every 30 min
for training the different prediction models. Test results show that the
neuro-fuzzy system performed better than neural networks, ARIMA model and the
VPX forecasts.","['cs.AI', 'I.2.0']"
http://arxiv.org/abs/cs/0405011v1,Neuro Fuzzy Systems: Sate-of-the-Art Modeling Techniques,['Ajith Abraham'],"Fusion of Artificial Neural Networks (ANN) and Fuzzy Inference Systems (FIS)
have attracted the growing interest of researchers in various scientific and
engineering areas due to the growing need of adaptive intelligent systems to
solve the real world problems. ANN learns from scratch by adjusting the
interconnections between layers. FIS is a popular computing framework based on
the concept of fuzzy set theory, fuzzy if-then rules, and fuzzy reasoning. The
advantages of a combination of ANN and FIS are obvious. There are several
approaches to integrate ANN and FIS and very often it depends on the
application. We broadly classify the integration of ANN and FIS into three
categories namely concurrent model, cooperative model and fully fused model.
This paper starts with a discussion of the features of each model and
generalize the advantages and deficiencies of each model. We further focus the
review on the different types of fused neuro-fuzzy systems and citing the
advantages and disadvantages of each model.","['cs.AI', 'I.2.0']"
http://arxiv.org/abs/cs/0405012v1,Is Neural Network a Reliable Forecaster on Earth? A MARS Query!,"['Ajith Abraham', 'Dan Steinberg']","Long-term rainfall prediction is a challenging task especially in the modern
world where we are facing the major environmental problem of global warming. In
general, climate and rainfall are highly non-linear phenomena in nature
exhibiting what is known as the butterfly effect. While some regions of the
world are noticing a systematic decrease in annual rainfall, others notice
increases in flooding and severe storms. The global nature of this phenomenon
is very complicated and requires sophisticated computer modeling and simulation
to predict accurately. In this paper, we report a performance analysis for
Multivariate Adaptive Regression Splines (MARS)and artificial neural networks
for one month ahead prediction of rainfall. To evaluate the prediction
efficiency, we made use of 87 years of rainfall data in Kerala state, the
southern part of the Indian peninsula situated at latitude -longitude pairs
(8o29'N - 76o57' E). We used an artificial neural network trained using the
scaled conjugate gradient algorithm. The neural network and MARS were trained
with 40 years of rainfall data. For performance evaluation, network predicted
outputs were compared with the actual rainfall data. Simulation results reveal
that MARS is a good forecasting tool and performed better than the considered
neural network.","['cs.AI', 'I.2.0']"
http://arxiv.org/abs/cs/0405013v1,DCT Based Texture Classification Using Soft Computing Approach,"['Golam Sorwar', 'Ajith Abraham']","Classification of texture pattern is one of the most important problems in
pattern recognition. In this paper, we present a classification method based on
the Discrete Cosine Transform (DCT) coefficients of texture image. As DCT works
on gray level image, the color scheme of each image is transformed into gray
levels. For classifying the images using DCT we used two popular soft computing
techniques namely neurocomputing and neuro-fuzzy computing. We used a
feedforward neural network trained using the backpropagation learning and an
evolving fuzzy neural network to classify the textures. The soft computing
models were trained using 80% of the texture data and remaining was used for
testing and validation purposes. A performance comparison was made among the
soft computing models for the texture classification problem. We also analyzed
the effects of prolonged training of neural networks. It is observed that the
proposed neuro-fuzzy model performed better than neural network.","['cs.AI', 'I.2.0']"
http://arxiv.org/abs/cs/0405014v1,Estimating Genome Reversal Distance by Genetic Algorithm,"['Andy AuYeung', 'Ajith Abraham']","Sorting by reversals is an important problem in inferring the evolutionary
relationship between two genomes. The problem of sorting unsigned permutation
has been proven to be NP-hard. The best guaranteed error bounded is the 3/2-
approximation algorithm. However, the problem of sorting signed permutation can
be solved easily. Fast algorithms have been developed both for finding the
sorting sequence and finding the reversal distance of signed permutation. In
this paper, we present a way to view the problem of sorting unsigned
permutation as signed permutation. And the problem can then be seen as
searching an optimal signed permutation in all n2 corresponding signed
permutations. We use genetic algorithm to conduct the search. Our experimental
result shows that the proposed method outperform the 3/2-approximation
algorithm.","['cs.AI', 'I.2.0']"
http://arxiv.org/abs/cs/0405016v1,Intrusion Detection Systems Using Adaptive Regression Splines,"['Srinivas Mukkamala', 'Andrew H. Sung', 'Ajith Abraham', 'Vitorino Ramos']","Past few years have witnessed a growing recognition of intelligent techniques
for the construction of efficient and reliable intrusion detection systems. Due
to increasing incidents of cyber attacks, building effective intrusion
detection systems (IDS) are essential for protecting information systems
security, and yet it remains an elusive goal and a great challenge. In this
paper, we report a performance analysis between Multivariate Adaptive
Regression Splines (MARS), neural networks and support vector machines. The
MARS procedure builds flexible regression models by fitting separate splines to
distinct intervals of the predictor variables. A brief comparison of different
neural network learning algorithms is also given.","['cs.AI', 'C.2.0']"
http://arxiv.org/abs/cs/0405017v1,Data Mining Approach for Analyzing Call Center Performance,"['Marcin Paprzycki', 'Ajith Abraham', 'Ruiyuan Guo']","The aim of our research was to apply well-known data mining techniques (such
as linear neural networks, multi-layered perceptrons, probabilistic neural
networks, classification and regression trees, support vector machines and
finally a hybrid decision tree neural network approach) to the problem of
predicting the quality of service in call centers; based on the performance
data actually collected in a call center of a large insurance company. Our aim
was two-fold. First, to compare the performance of models built using the
above-mentioned techniques and, second, to analyze the characteristics of the
input sensitivity in order to better understand the relationship between the
perform-ance evaluation process and the actual performance and in this way help
improve the performance of call centers. In this paper we summarize our
findings.","['cs.AI', 'I.2.0']"
http://arxiv.org/abs/cs/0405018v1,Modeling Chaotic Behavior of Stock Indices Using Intelligent Paradigms,"['Ajith Abraham', 'Ninan Sajith Philip', 'P. Saratchandran']","The use of intelligent systems for stock market predictions has been widely
established. In this paper, we investigate how the seemingly chaotic behavior
of stock markets could be well represented using several connectionist
paradigms and soft computing techniques. To demonstrate the different
techniques, we considered Nasdaq-100 index of Nasdaq Stock MarketS and the S&P
CNX NIFTY stock index. We analyzed 7 year's Nasdaq 100 main index values and 4
year's NIFTY index values. This paper investigates the development of a
reliable and efficient technique to model the seemingly chaotic behavior of
stock markets. We considered an artificial neural network trained using
Levenberg-Marquardt algorithm, Support Vector Machine (SVM), Takagi-Sugeno
neuro-fuzzy model and a Difference Boosting Neural Network (DBNN). This paper
briefly explains how the different connectionist paradigms could be formulated
using different learning methods and then investigates whether they can provide
the required level of performance, which are sufficiently good and robust so as
to provide a reliable forecast model for stock market indices. Experiment
results reveal that all the connectionist paradigms considered could represent
the stock indices behavior very accurately.","['cs.AI', 'I.2.0']"
http://arxiv.org/abs/cs/0405019v1,"Hybrid Fuzzy-Linear Programming Approach for Multi Criteria Decision
  Making Problems","['Sonja Petrovic-Lazarevic', 'Ajith Abraham']","The purpose of this paper is to point to the usefulness of applying a linear
mathematical formulation of fuzzy multiple criteria objective decision methods
in organising business activities. In this respect fuzzy parameters of linear
programming are modelled by preference-based membership functions. This paper
begins with an introduction and some related research followed by some
fundamentals of fuzzy set theory and technical concepts of fuzzy multiple
objective decision models. Further a real case study of a manufacturing plant
and the implementation of the proposed technique is presented. Empirical
results clearly show the superiority of the fuzzy technique in optimising
individual objective functions when compared to non-fuzzy approach.
Furthermore, for the problem considered, the optimal solution helps to infer
that by incorporating fuzziness in a linear programming model either in
constraints, or both in objective functions and constraints, provides a similar
(or even better) level of satisfaction for obtained results compared to
non-fuzzy linear programming.","['cs.AI', 'I.2.0']"
http://arxiv.org/abs/cs/0405024v1,Meta-Learning Evolutionary Artificial Neural Networks,['Ajith Abraham'],"In this paper, we present MLEANN (Meta-Learning Evolutionary Artificial
Neural Network), an automatic computational framework for the adaptive
optimization of artificial neural networks wherein the neural network
architecture, activation function, connection weights; learning algorithm and
its parameters are adapted according to the problem. We explored the
performance of MLEANN and conventionally designed artificial neural networks
for function approximation problems. To evaluate the comparative performance,
we used three different well-known chaotic time series. We also present the
state of the art popular neural network learning algorithms and some
experimentation results related to convergence speed and generalization
performance. We explored the performance of backpropagation algorithm;
conjugate gradient algorithm, quasi-Newton algorithm and Levenberg-Marquardt
algorithm for the three chaotic time series. Performances of the different
learning algorithms were evaluated when the activation functions and
architecture were changed. We further present the theoretical background,
algorithm, design strategy and further demonstrate how effective and inevitable
is the proposed MLEANN framework to design a neural network, which is smaller,
faster and with a better generalization performance.","['cs.AI', 'I.2.0']"
http://arxiv.org/abs/cs/0405025v1,The Largest Compatible Subset Problem for Phylogenetic Data,"['Andy Auyeung', 'Ajith Abraham']","The phylogenetic tree construction is to infer the evolutionary relationship
between species from the experimental data. However, the experimental data are
often imperfect and conflicting each others. Therefore, it is important to
extract the motif from the imperfect data. The largest compatible subset
problem is that, given a set of experimental data, we want to discard the
minimum such that the remaining is compatible. The largest compatible subset
problem can be viewed as the vertex cover problem in the graph theory that has
been proven to be NP-hard. In this paper, we propose a hybrid Evolutionary
Computing (EC) method for this problem. The proposed method combines the EC
approach and the algorithmic approach for special structured graphs. As a
result, the complexity of the problem is dramatically reduced. Experiments were
performed on randomly generated graphs with different edge densities. The
vertex covers produced by the proposed method were then compared to the vertex
covers produced by a 2-approximation algorithm. The experimental results showed
that the proposed method consistently outperformed a classical 2- approximation
algorithm. Furthermore, a significant improvement was found when the graph
density was small.","['cs.AI', 'I.2.0']"
http://arxiv.org/abs/cs/0405026v1,A Concurrent Fuzzy-Neural Network Approach for Decision Support Systems,"['Cong Tran', 'Ajith Abraham', 'Lakhmi Jain']","Decision-making is a process of choosing among alternative courses of action
for solving complicated problems where multi-criteria objectives are involved.
The past few years have witnessed a growing recognition of Soft Computing
technologies that underlie the conception, design and utilization of
intelligent systems. Several works have been done where engineers and
scientists have applied intelligent techniques and heuristics to obtain optimal
decisions from imprecise information. In this paper, we present a concurrent
fuzzy-neural network approach combining unsupervised and supervised learning
techniques to develop the Tactical Air Combat Decision Support System (TACDSS).
Experiment results clearly demonstrate the efficiency of the proposed
technique.","['cs.AI', 'I.2.0']"
http://arxiv.org/abs/cs/0405028v1,"Analysis of Hybrid Soft and Hard Computing Techniques for Forex
  Monitoring Systems",['Ajith Abraham'],"In a universe with a single currency, there would be no foreign exchange
market, no foreign exchange rates, and no foreign exchange. Over the past
twenty-five years, the way the market has performed those tasks has changed
enormously. The need for intelligent monitoring systems has become a necessity
to keep track of the complex forex market. The vast currency market is a
foreign concept to the average individual. However, once it is broken down into
simple terms, the average individual can begin to understand the foreign
exchange market and use it as a financial instrument for future investing. In
this paper, we attempt to compare the performance of hybrid soft computing and
hard computing techniques to predict the average monthly forex rates one month
ahead. The soft computing models considered are a neural network trained by the
scaled conjugate gradient algorithm and a neuro-fuzzy model implementing a
Takagi-Sugeno fuzzy inference system. We also considered Multivariate Adaptive
Regression Splines (MARS), Classification and Regression Trees (CART) and a
hybrid CART-MARS technique. We considered the exchange rates of Australian
dollar with respect to US dollar, Singapore dollar, New Zealand dollar,
Japanese yen and United Kingdom pounds. The models were trained using 70% of
the data and remaining was used for testing and validation purposes. It is
observed that the proposed hybrid models could predict the forex rates more
accurately than all the techniques when applied individually. Empirical results
also reveal that the hybrid hard computing approach also improved some of our
previous work using a neuro-fuzzy approach.","['cs.AI', '1.2.0']"
http://arxiv.org/abs/cs/0405030v1,Business Intelligence from Web Usage Mining,['Ajith Abraham'],"The rapid e-commerce growth has made both business community and customers
face a new situation. Due to intense competition on one hand and the customer's
option to choose from several alternatives business community has realized the
necessity of intelligent marketing strategies and relationship management. Web
usage mining attempts to discover useful knowledge from the secondary data
obtained from the interactions of the users with the Web. Web usage mining has
become very critical for effective Web site management, creating adaptive Web
sites, business and support services, personalization, network traffic flow
analysis and so on. In this paper, we present the important concepts of Web
usage mining and its various practical applications. We further present a novel
approach 'intelligent-miner' (i-Miner) to optimize the concurrent architecture
of a fuzzy clustering algorithm (to discover web data clusters) and a fuzzy
inference system to analyze the Web site visitor trends. A hybrid evolutionary
fuzzy clustering algorithm is proposed in this paper to optimally segregate
similar user interests. The clustered data is then used to analyze the trends
using a Takagi-Sugeno fuzzy inference system learned using a combination of
evolutionary algorithm and neural network learning. Proposed approach is
compared with self-organizing maps (to discover patterns) and several function
approximation techniques like neural networks, linear genetic programming and
Takagi-Sugeno fuzzy inference system (to analyze the clusters). The results are
graphically illustrated and the practical significance is discussed in detail.
Empirical results clearly show that the proposed Web usage-mining framework is
efficient.","['cs.AI', '1.2.0']"
http://arxiv.org/abs/cs/0405031v1,"Adaptation of Mamdani Fuzzy Inference System Using Neuro - Genetic
  Approach for Tactical Air Combat Decision Support System","['Cong Tran', 'Lakhmi Jain', 'Ajith Abraham']","Normally a decision support system is build to solve problem where
multi-criteria decisions are involved. The knowledge base is the vital part of
the decision support containing the information or data that is used in
decision-making process. This is the field where engineers and scientists have
applied several intelligent techniques and heuristics to obtain optimal
decisions from imprecise information. In this paper, we present a hybrid
neuro-genetic learning approach for the adaptation a Mamdani fuzzy inference
system for the Tactical Air Combat Decision Support System (TACDSS). Some
simulation results demonstrating the difference of the learning techniques and
are also provided.","['cs.AI', '1.2.0']"
http://arxiv.org/abs/cs/0405032v1,"EvoNF: A Framework for Optimization of Fuzzy Inference Systems Using
  Neural Network Learning and Evolutionary Computation",['Ajith Abraham'],"Several adaptation techniques have been investigated to optimize fuzzy
inference systems. Neural network learning algorithms have been used to
determine the parameters of fuzzy inference system. Such models are often
called as integrated neuro-fuzzy models. In an integrated neuro-fuzzy model
there is no guarantee that the neural network learning algorithm converges and
the tuning of fuzzy inference system will be successful. Success of
evolutionary search procedures for optimization of fuzzy inference system is
well proven and established in many application areas. In this paper, we will
explore how the optimization of fuzzy inference systems could be further
improved using a meta-heuristic approach combining neural network learning and
evolutionary computation. The proposed technique could be considered as a
methodology to integrate neural networks, fuzzy inference systems and
evolutionary search procedures. We present the theoretical frameworks and some
experimental results to demonstrate the efficiency of the proposed technique.","['cs.AI', '1.2.0']"
http://arxiv.org/abs/cs/0405033v1,"Optimization of Evolutionary Neural Networks Using Hybrid Learning
  Algorithms",['Ajith Abraham'],"Evolutionary artificial neural networks (EANNs) refer to a special class of
artificial neural networks (ANNs) in which evolution is another fundamental
form of adaptation in addition to learning. Evolutionary algorithms are used to
adapt the connection weights, network architecture and learning algorithms
according to the problem environment. Even though evolutionary algorithms are
well known as efficient global search algorithms, very often they miss the best
local solutions in the complex solution space. In this paper, we propose a
hybrid meta-heuristic learning approach combining evolutionary learning and
local search methods (using 1st and 2nd order error information) to improve the
learning and faster convergence obtained using a direct evolutionary approach.
The proposed technique is tested on three different chaotic time series and the
test results are compared with some popular neuro-fuzzy systems and a recently
developed cutting angle method of global optimization. Empirical results reveal
that the proposed technique is efficient in spite of the computational
complexity.","['cs.AI', '1.2.0']"
http://arxiv.org/abs/cs/0405049v1,Export Behaviour Modeling Using EvoNF Approach,"['Ron Edwards', 'Ajith Abraham', 'Sonja Petrovic-Lazarevic']","The academic literature suggests that the extent of exporting by
multinational corporation subsidiaries (MCS) depends on their product
manufactured, resources, tax protection, customers and markets, involvement
strategy, financial independence and suppliers' relationship with a
multinational corporation (MNC). The aim of this paper is to model the complex
export pattern behaviour using a Takagi-Sugeno fuzzy inference system in order
to determine the actual volume of MCS export output (sales exported). The
proposed fuzzy inference system is optimised by using neural network learning
and evolutionary computation. Empirical results clearly show that the proposed
approach could model the export behaviour reasonable well compared to a direct
neural network approach.","['cs.AI', 'I.2.0']"
http://arxiv.org/abs/cs/0405050v1,Traffic Accident Analysis Using Decision Trees and Neural Networks,"['Miao M. Chong', 'Ajith Abraham', 'Marcin Paprzycki']","The costs of fatalities and injuries due to traffic accident have a great
impact on society. This paper presents our research to model the severity of
injury resulting from traffic accidents using artificial neural networks and
decision trees. We have applied them to an actual data set obtained from the
National Automotive Sampling System (NASS) General Estimates System (GES).
Experiment results reveal that in all the cases the decision tree outperforms
the neural network. Our research analysis also shows that the three most
important factors in fatal injury are: driver's seat belt usage, light
condition of the roadway, and driver's alcohol usage.","['cs.AI', 'I.2.0']"
http://arxiv.org/abs/cs/0405051v1,"Short Term Load Forecasting Models in Czech Republic Using Soft
  Computing Paradigms","['Muhammad Riaz Khan', 'Ajith Abraham']","This paper presents a comparative study of six soft computing models namely
multilayer perceptron networks, Elman recurrent neural network, radial basis
function network, Hopfield model, fuzzy inference system and hybrid fuzzy
neural network for the hourly electricity demand forecast of Czech Republic.
The soft computing models were trained and tested using the actual hourly load
data for seven years. A comparison of the proposed techniques is presented for
predicting 2 day ahead demands for electricity. Simulation results indicate
that hybrid fuzzy neural network and radial basis function networks are the
best candidates for the analysis and forecasting of electricity demand.","['cs.AI', 'I.2.0']"
http://arxiv.org/abs/cs/0405052v1,Decision Support Systems Using Intelligent Paradigms,"['Cong Tran', 'Ajith Abraham', 'Lakhmi Jain']","Decision-making is a process of choosing among alternative courses of action
for solving complicated problems where multi-criteria objectives are involved.
The past few years have witnessed a growing recognition of Soft Computing (SC)
technologies that underlie the conception, design and utilization of
intelligent systems. In this paper, we present different SC paradigms involving
an artificial neural network trained using the scaled conjugate gradient
algorithm, two different fuzzy inference methods optimised using neural network
learning/evolutionary algorithms and regression trees for developing
intelligent decision support systems. We demonstrate the efficiency of the
different algorithms by developing a decision support system for a Tactical Air
Combat Environment (TACE). Some empirical comparisons between the different
algorithms are also provided.","['cs.AI', 'I.2.0']"
http://arxiv.org/abs/cs/0405071v1,Regression with respect to sensing actions and partial states,"['Le-Chi Tuan', 'Chitta Baral', 'Tran Cao Son']","In this paper, we present a state-based regression function for planning
domains where an agent does not have complete information and may have sensing
actions. We consider binary domains and employ the 0-approximation [Son & Baral
2001] to define the regression function. In binary domains, the use of
0-approximation means using 3-valued states. Although planning using this
approach is incomplete with respect to the full semantics, we adopt it to have
a lower complexity. We prove the soundness and completeness of our regression
formulation with respect to the definition of progression. More specifically,
we show that (i) a plan obtained through regression for a planning problem is
indeed a progression solution of that planning problem, and that (ii) for each
plan found through progression, using regression one obtains that plan or an
equivalent one. We then develop a conditional planner that utilizes our
regression function. We prove the soundness and completeness of our planning
algorithm and present experimental results with respect to several well known
planning problems in the literature.","['cs.AI', 'I.2.4; I.2.8']"
http://arxiv.org/abs/cs/0405090v1,Propositional Defeasible Logic has Linear Complexity,['Michael J. Maher'],"Defeasible logic is a rule-based nonmonotonic logic, with both strict and
defeasible rules, and a priority relation on rules. We show that inference in
the propositional form of the logic can be performed in linear time. This
contrasts markedly with most other propositional nonmonotonic logics, in which
inference is intractable.","['cs.AI', 'D.1.6; D.3.2']"
http://arxiv.org/abs/cs/0405106v1,Pruning Search Space in Defeasible Argumentation,"['Carlos Iván Chesñevar', 'Guillermo Ricardo Simari', 'Alejandro Javier García']","Defeasible argumentation has experienced a considerable growth in AI in the
last decade. Theoretical results have been combined with development of
practical applications in AI & Law, Case-Based Reasoning and various
knowledge-based systems. However, the dialectical process associated with
inference is computationally expensive. This paper focuses on speeding up this
inference process by pruning the involved search space. Our approach is
twofold. On one hand, we identify distinguished literals for computing defeat.
On the other hand, we restrict ourselves to a subset of all possible
conflicting arguments by introducing dialectical constraints.",['cs.AI']
http://arxiv.org/abs/cs/0405113v2,"A proposal to design expert system for the calculations in the domain of
  QFT",['Andrea Severe'],"Main purposes of the paper are followings: 1) To show examples of the
calculations in domain of QFT via ``derivative rules'' of an expert system; 2)
To consider advantages and disadvantage that technology of the calculations; 3)
To reflect about how one would develop new physical theories, what knowledge
would be useful in their investigations and how this problem can be connected
with designing an expert system.",['cs.AI']
http://arxiv.org/abs/cs/0406038v1,"A New Approach to Draw Detection by Move Repetition in Computer Chess
  Programming","['Vladan Vuckovic', 'Djordje Vidanovic']","We will try to tackle both the theoretical and practical aspects of a very
important problem in chess programming as stated in the title of this article -
the issue of draw detection by move repetition. The standard approach that has
so far been employed in most chess programs is based on utilising positional
matrices in original and compressed format as well as on the implementation of
the so-called bitboard format.
  The new approach that we will be trying to introduce is based on using
variant strings generated by the search algorithm (searcher) during the tree
expansion in decision making. We hope to prove that this approach is more
efficient than the standard treatment of the issue, especially in positions
with few pieces (endgames). To illustrate what we have in mind a machine
language routine that implements our theoretical assumptions is attached. The
routine is part of the Axon chess program, developed by the authors. Axon, in
its current incarnation, plays chess at master strength (ca. 2400-2450 Elo,
based on both Axon vs computer programs and Axon vs human masters in over 3000
games altogether).","['cs.AI', 'I.2.1']"
http://arxiv.org/abs/cs/0407008v1,"Autogenic Training With Natural Language Processing Modules: A Recent
  Tool For Certain Neuro Cognitive Studies","['S. Ravichandran', 'M. N. Karthik']","Learning to respond to voice-text input involves the subject's ability in
understanding the phonetic and text based contents and his/her ability to
communicate based on his/her experience. The neuro-cognitive facility of the
subject has to support two important domains in order to make the learning
process complete. In many cases, though the understanding is complete, the
response is partial. This is one valid reason why we need to support the
information from the subject with scalable techniques such as Natural Language
Processing (NLP) for abstraction of the contents from the output. This paper
explores the feasibility of using NLP modules interlaced with Neural Networks
to perform the required task in autogenic training related to medical
applications.","['cs.AI', 'I.2.1; I.2.6; I.2.7']"
http://arxiv.org/abs/cs/0407037v1,Generalized Evolutionary Algorithm based on Tsallis Statistics,"['Ambedkar Dukkipati', 'M. Narasimha Murty', 'Shalabh Bhatnagar']","Generalized evolutionary algorithm based on Tsallis canonical distribution is
proposed. The algorithm uses Tsallis generalized canonical distribution to
weigh the configurations for `selection' instead of Gibbs-Boltzmann
distribution. Our simulation results show that for an appropriate choice of
non-extensive index that is offered by Tsallis statistics, evolutionary
algorithms based on this generalization outperform algorithms based on
Gibbs-Boltzmann distribution.",['cs.AI']
http://arxiv.org/abs/cs/0407040v1,Decomposition Based Search - A theoretical and experimental evaluation,"['W. J. van Hoeve', 'M. Milano']","In this paper we present and evaluate a search strategy called Decomposition
Based Search (DBS) which is based on two steps: subproblem generation and
subproblem solution. The generation of subproblems is done through value
ranking and domain splitting. Subdomains are explored so as to generate,
according to the heuristic chosen, promising subproblems first.
  We show that two well known search strategies, Limited Discrepancy Search
(LDS) and Iterative Broadening (IB), can be seen as special cases of DBS. First
we present a tuning of DBS that visits the same search nodes as IB, but avoids
restarts. Then we compare both theoretically and computationally DBS and LDS
using the same heuristic. We prove that DBS has a higher probability of being
successful than LDS on a comparable number of nodes, under realistic
assumptions. Experiments on a constraint satisfaction problem and an
optimization problem show that DBS is indeed very effective if compared to LDS.","['cs.AI', 'I.2.8; D.3.3']"
http://arxiv.org/abs/cs/0407042v1,Postponing Branching Decisions,"['Willem Jan van Hoeve', 'Michela Milano']","Solution techniques for Constraint Satisfaction and Optimisation Problems
often make use of backtrack search methods, exploiting variable and value
ordering heuristics. In this paper, we propose and analyse a very simple method
to apply in case the value ordering heuristic produces ties: postponing the
branching decision. To this end, we group together values in a tie, branch on
this sub-domain, and defer the decision among them to lower levels of the
search tree. We show theoretically and experimentally that this simple
modification can dramatically improve the efficiency of the search strategy.
Although in practise similar methods may have been applied already, to our
knowledge, no empirical or theoretical study has been proposed in the
literature to identify when and to what extent this strategy should be used.","['cs.AI', 'I.2.8; D.3.3']"
http://arxiv.org/abs/cs/0407044v1,Reduced cost-based ranking for generating promising subproblems,"['M. Milano', 'W. J. van Hoeve']","In this paper, we propose an effective search procedure that interleaves two
steps: subproblem generation and subproblem solution. We mainly focus on the
first part. It consists of a variable domain value ranking based on reduced
costs. Exploiting the ranking, we generate, in a Limited Discrepancy Search
tree, the most promising subproblems first. An interesting result is that
reduced costs provide a very precise ranking that allows to almost always find
the optimal solution in the first generated subproblem, even if its dimension
is significantly smaller than that of the original problem. Concerning the
proof of optimality, we exploit a way to increase the lower bound for
subproblems at higher discrepancies. We show experimental results on the TSP
and its time constrained variant to show the effectiveness of the proposed
approach, but the technique could be generalized for other problems.","['cs.AI', 'I.2.8; G.1.6; D.3.3']"
http://arxiv.org/abs/cs/0408010v5,A Simple Proportional Conflict Redistribution Rule,"['Florentin Smarandache', 'Jean Dezert']","One proposes a first alternative rule of combination to WAO (Weighted Average
Operator) proposed recently by Josang, Daniel and Vannoorenberghe, called
Proportional Conflict Redistribution rule (denoted PCR1). PCR1 and WAO are
particular cases of WO (the Weighted Operator) because the conflicting mass is
redistributed with respect to some weighting factors. In this first PCR rule,
the proportionalization is done for each non-empty set with respect to the
non-zero sum of its corresponding mass matrix - instead of its mass column
average as in WAO, but the results are the same as Ph. Smets has pointed out.
Also, we extend WAO (which herein gives no solution) for the degenerate case
when all column sums of all non-empty sets are zero, and then the conflicting
mass is transferred to the non-empty disjunctive form of all non-empty sets
together; but if this disjunctive form happens to be empty, then one considers
an open world (i.e. the frame of discernment might contain new hypotheses) and
thus all conflicting mass is transferred to the empty set. In addition to WAO,
we propose a general formula for PCR1 (WAO for non-degenerate cases).","['cs.AI', 'I.2.3']"
http://arxiv.org/abs/cs/0408021v2,"An Algorithm for Quasi-Associative and Quasi-Markovian Rules of
  Combination in Information Fusion","['Florentin Smarandache', 'Jean Dezert']","In this paper one proposes a simple algorithm of combining the fusion rules,
those rules which first use the conjunctive rule and then the transfer of
conflicting mass to the non-empty sets, in such a way that they gain the
property of associativity and fulfill the Markovian requirement for dynamic
fusion. Also, a new rule, SDL-improved, is presented.","['cs.AI', 'I.2.4']"
http://arxiv.org/abs/cs/0408044v1,FLUX: A Logic Programming Method for Reasoning Agents,['Michael Thielscher'],"FLUX is a programming method for the design of agents that reason logically
about their actions and sensor information in the presence of incomplete
knowledge. The core of FLUX is a system of Constraint Handling Rules, which
enables agents to maintain an internal model of their environment by which they
control their own behavior. The general action representation formalism of the
fluent calculus provides the formal semantics for the constraint solver. FLUX
exhibits excellent computational behavior due to both a carefully restricted
expressiveness and the inference paradigm of progression.",['cs.AI']
http://arxiv.org/abs/cs/0408055v1,"Cauchy Annealing Schedule: An Annealing Schedule for Boltzmann Selection
  Scheme in Evolutionary Algorithms","['Ambedkar Dukkipati', 'M. Narasimha Murty', 'Shalabh Bhatnagar']","Boltzmann selection is an important selection mechanism in evolutionary
algorithms as it has theoretical properties which help in theoretical analysis.
However, Boltzmann selection is not used in practice because a good annealing
schedule for the `inverse temperature' parameter is lacking. In this paper we
propose a Cauchy annealing schedule for Boltzmann selection scheme based on a
hypothesis that selection-strength should increase as evolutionary process goes
on and distance between two selection strengths should decrease for the process
to converge. To formalize these aspects, we develop formalism for selection
mechanisms using fitness distributions and give an appropriate measure for
selection-strength. In this paper, we prove an important result, by which we
derive an annealing schedule called Cauchy annealing schedule. We demonstrate
the novelty of proposed annealing schedule using simulations in the framework
of genetic algorithms.",['cs.AI']
http://arxiv.org/abs/cs/0408064v3,Proportional Conflict Redistribution Rules for Information Fusion,"['Florentin Smarandache', 'Jean Dezert']","In this paper we propose five versions of a Proportional Conflict
Redistribution rule (PCR) for information fusion together with several
examples. From PCR1 to PCR2, PCR3, PCR4, PCR5 one increases the complexity of
the rules and also the exactitude of the redistribution of conflicting masses.
PCR1 restricted from the hyper-power set to the power set and without
degenerate cases gives the same result as the Weighted Average Operator (WAO)
proposed recently by J{\o}sang, Daniel and Vannoorenberghe but does not satisfy
the neutrality property of vacuous belief assignment. That's why improved PCR
rules are proposed in this paper. PCR4 is an improvement of minC and Dempster's
rules. The PCR rules redistribute the conflicting mass, after the conjunctive
rule has been applied, proportionally with some functions depending on the
masses assigned to their corresponding columns in the mass matrix. There are
infinitely many ways these functions (weighting factors) can be chosen
depending on the complexity one wants to deal with in specific applications and
fusion systems. Any fusion combination rule is at some degree ad-hoc.","['cs.AI', 'I.2.4']"
http://arxiv.org/abs/cs/0409007v1,The Generalized Pignistic Transformation,"['Jean Dezert', 'Florentin Smarandache', 'Milan Daniel']","This paper presents in detail the generalized pignistic transformation (GPT)
succinctly developed in the Dezert-Smarandache Theory (DSmT) framework as a
tool for decision process. The GPT allows to provide a subjective probability
measure from any generalized basic belief assignment given by any corpus of
evidence. We mainly focus our presentation on the 3D case and provide the
complete result obtained by the GPT and its validation drawn from the
probability theory.","['cs.AI', 'I.2.4']"
http://arxiv.org/abs/cs/0409040v3,Unification of Fusion Theories,['Florentin Smarandache'],"Since no fusion theory neither rule fully satisfy all needed applications,
the author proposes a Unification of Fusion Theories and a combination of
fusion rules in solving problems/applications. For each particular application,
one selects the most appropriate model, rule(s), and algorithm of
implementation. We are working in the unification of the fusion theories and
rules, which looks like a cooking recipe, better we'd say like a logical chart
for a computer programmer, but we don't see another method to comprise/unify
all things. The unification scenario presented herein, which is now in an
incipient form, should periodically be updated incorporating new discoveries
from the fusion and engineering research.","['cs.AI', 'I.2.3']"
http://arxiv.org/abs/cs/0410014v1,Normal forms for Answer Sets Programming,"['Stefania Costantini', 'Alessandro Provetti']","Normal forms for logic programs under stable/answer set semantics are
introduced. We argue that these forms can simplify the study of program
properties, mainly consistency. The first normal form, called the {\em kernel}
of the program, is useful for studying existence and number of answer sets. A
kernel program is composed of the atoms which are undefined in the Well-founded
semantics, which are those that directly affect the existence of answer sets.
The body of rules is composed of negative literals only. Thus, the kernel form
tends to be significantly more compact than other formulations. Also, it is
possible to check consistency of kernel programs in terms of colorings of the
Extended Dependency Graph program representation which we previously developed.
The second normal form is called {\em 3-kernel.} A 3-kernel program is composed
of the atoms which are undefined in the Well-founded semantics. Rules in
3-kernel programs have at most two conditions, and each rule either belongs to
a cycle, or defines a connection between cycles. 3-kernel programs may have
positive conditions. The 3-kernel normal form is very useful for the static
analysis of program consistency, i.e., the syntactic characterization of
existence of answer sets. This result can be obtained thanks to a novel
graph-like representation of programs, called Cycle Graph which presented in
the companion article \cite{Cos04b}.","['cs.AI', 'I.2.4']"
http://arxiv.org/abs/cs/0410033v2,"An In-Depth Look at Information Fusion Rules & the Unification of Fusion
  Theories",['Florentin Smarandache'],"This paper may look like a glossary of the fusion rules and we also introduce
new ones presenting their formulas and examples: Conjunctive, Disjunctive,
Exclusive Disjunctive, Mixed Conjunctive-Disjunctive rules, Conditional rule,
Dempster's, Yager's, Smets' TBM rule, Dubois-Prade's, Dezert-Smarandache
classical and hybrid rules, Murphy's average rule,
Inagaki-Lefevre-Colot-Vannoorenberghe Unified Combination rules [and, as
particular cases: Iganaki's parameterized rule, Weighting Average Operator,
minC (M. Daniel), and newly Proportional Conflict Redistribution rules
(Smarandache-Dezert) among which PCR5 is the most exact way of redistribution
of the conflicting mass to non-empty sets following the path of the conjunctive
rule], Zhang's Center Combination rule, Convolutive x-Averaging, Consensus
Operator (Josang), Cautious Rule (Smets), ?-junctions rules (Smets), etc. and
three new T-norm & T-conorm rules adjusted from fuzzy and neutrosophic sets to
information fusion (Tchamova-Smarandache). Introducing the degree of union and
degree of inclusion with respect to the cardinal of sets not with the fuzzy set
point of view, besides that of intersection, many fusion rules can be improved.
There are corner cases where each rule might have difficulties working or may
not get an expected result.","['cs.AI', 'I.2.3']"
http://arxiv.org/abs/cs/0410049v1,Intransitivity and Vagueness,['Joseph Y. Halpern'],"There are many examples in the literature that suggest that
indistinguishability is intransitive, despite the fact that the
indistinguishability relation is typically taken to be an equivalence relation
(and thus transitive). It is shown that if the uncertainty perception and the
question of when an agent reports that two things are indistinguishable are
both carefully modeled, the problems disappear, and indistinguishability can
indeed be taken to be an equivalence relation. Moreover, this model also
suggests a logic of vagueness that seems to solve many of the problems related
to vagueness discussed in the philosophical literature. In particular, it is
shown here how the logic can handle the sorites paradox.",['cs.AI']
http://arxiv.org/abs/cs/0410050v1,"Sleeping Beauty Reconsidered: Conditioning and Reflection in
  Asynchronous Systems",['Joseph Y. Halpern'],"A careful analysis of conditioning in the Sleeping Beauty problem is done,
using the formal model for reasoning about knowledge and probability developed
by Halpern and Tuttle. While the Sleeping Beauty problem has been viewed as
revealing problems with conditioning in the presence of imperfect recall, the
analysis done here reveals that the problems are not so much due to imperfect
recall as to asynchrony. The implications of this analysis for van Fraassen's
Reflection Principle and Savage's Sure-Thing Principle are considered.",['cs.AI']
http://arxiv.org/abs/cs/0411015v1,Bounded Input Bounded Predefined Control Bounded Output,['Ziny Flikop'],"The paper is an attempt to generalize a methodology, which is similar to the
bounded-input bounded-output method currently widely used for the system
stability studies. The presented earlier methodology allows decomposition of
input space into bounded subspaces and defining for each subspace its bounding
surface. It also defines a corresponding predefined control, which maps any
point of a bounded input into a desired bounded output subspace. This
methodology was improved by providing a mechanism for the fast defining a
bounded surface. This paper presents enhanced bounded-input
bounded-predefined-control bounded-output approach, which provides adaptability
feature to the control and allows transferring of a controlled system along a
suboptimal trajectory.","['cs.AI', 'I.2.8 I.2.9']"
http://arxiv.org/abs/cs/0411034v2,"Generating Conditional Probabilities for Bayesian Networks: Easing the
  Knowledge Acquisition Problem",['Balaram Das'],"The number of probability distributions required to populate a conditional
probability table (CPT) in a Bayesian network, grows exponentially with the
number of parent-nodes associated with that table. If the table is to be
populated through knowledge elicited from a domain expert then the sheer
magnitude of the task forms a considerable cognitive barrier. In this paper we
devise an algorithm to populate the CPT while easing the extent of knowledge
acquisition. The input to the algorithm consists of a set of weights that
quantify the relative strengths of the influences of the parent-nodes on the
child-node, and a set of probability distributions the number of which grows
only linearly with the number of associated parent-nodes. These are elicited
from the domain expert. The set of probabilities are obtained by taking into
consideration the heuristics that experts use while arriving at probabilistic
estimations. The algorithm is used to populate the CPT by computing appropriate
weighted sums of the elicited distributions. We invoke the methods of
information geometry to demonstrate how these weighted sums capture the
expert's judgemental strategy.",['cs.AI']
http://arxiv.org/abs/cs/0411071v1,Comparing Multi-Target Trackers on Different Force Unit Levels,"['Hedvig Sidenbladh', 'Pontus Svenson', 'Johan Schubert']","Consider the problem of tracking a set of moving targets. Apart from the
tracking result, it is often important to know where the tracking fails, either
to steer sensors to that part of the state-space, or to inform a human operator
about the status and quality of the obtained information. An intuitive quality
measure is the correlation between two tracking results based on uncorrelated
observations. In the case of Bayesian trackers such a correlation measure could
be the Kullback-Leibler difference.
  We focus on a scenario with a large number of military units moving in some
terrain. The units are observed by several types of sensors and ""meta-sensors""
with force aggregation capabilities. The sensors register units of different
size. Two separate multi-target probability hypothesis density (PHD) particle
filters are used to track some type of units (e.g., companies) and their
sub-units (e.g., platoons), respectively, based on observations of units of
those sizes. Each observation is used in one filter only.
  Although the state-space may well be the same in both filters, the posterior
PHD distributions are not directly comparable -- one unit might correspond to
three or four spatially distributed sub-units. Therefore, we introduce a
mapping function between distributions for different unit size, based on
doctrine knowledge of unit configuration.
  The mapped distributions can now be compared -- locally or globally -- using
some measure, which gives the correlation between two PHD distributions in a
bounded volume of the state-space. To locate areas where the tracking fails, a
discretized quality map of the state-space can be generated by applying the
measure locally to different parts of the space.","['cs.AI', 'I.2.0']"
http://arxiv.org/abs/cs/0411072v1,Extremal optimization for sensor report pre-processing,['Pontus Svenson'],"We describe the recently introduced extremal optimization algorithm and apply
it to target detection and association problems arising in pre-processing for
multi-target tracking.
  Here we consider the problem of pre-processing for multiple target tracking
when the number of sensor reports received is very large and arrives in large
bursts. In this case, it is sometimes necessary to pre-process reports before
sending them to tracking modules in the fusion system. The pre-processing step
associates reports to known tracks (or initializes new tracks for reports on
objects that have not been seen before). It could also be used as a pre-process
step before clustering, e.g., in order to test how many clusters to use.
  The pre-processing is done by solving an approximate version of the original
problem. In this approximation, not all pair-wise conflicts are calculated. The
approximation relies on knowing how many such pair-wise conflicts that are
necessary to compute. To determine this, results on phase-transitions occurring
when coloring (or clustering) large random instances of a particular graph
ensemble are used.","['cs.AI', 'I.2.8']"
http://arxiv.org/abs/cs/0412091v1,"The Combination of Paradoxical, Uncertain, and Imprecise Sources of
  Information based on DSmT and Neutro-Fuzzy Inference","['Florentin Smarandache', 'Jean Dezert']","The management and combination of uncertain, imprecise, fuzzy and even
paradoxical or high conflicting sources of information has always been, and
still remains today, of primal importance for the development of reliable
modern information systems involving artificial reasoning. In this chapter, we
present a survey of our recent theory of plausible and paradoxical reasoning,
known as Dezert-Smarandache Theory (DSmT) in the literature, developed for
dealing with imprecise, uncertain and paradoxical sources of information. We
focus our presentation here rather on the foundations of DSmT, and on the two
important new rules of combination, than on browsing specific applications of
DSmT available in literature. Several simple examples are given throughout the
presentation to show the efficiency and the generality of this new approach.
The last part of this chapter concerns the presentation of the neutrosophic
logic, the neutro-fuzzy inference and its connection with DSmT. Fuzzy logic and
neutrosophic logic are useful tools in decision making after fusioning the
information using the DSm hybrid rule of combination of masses.","['cs.AI', 'I.2.4']"
http://arxiv.org/abs/cs/0501068v1,"Learning to automatically detect features for mobile robots using
  second-order Hidden Markov Models","['Olivier Aycard', 'Jean-Francois Mari', 'Richard Washington']","In this paper, we propose a new method based on Hidden Markov Models to
interpret temporal sequences of sensor data from mobile robots to automatically
detect features. Hidden Markov Models have been used for a long time in pattern
recognition, especially in speech recognition. Their main advantages over other
methods (such as neural networks) are their ability to model noisy temporal
signals of variable length. We show in this paper that this approach is well
suited for interpretation of temporal sequences of mobile-robot sensor data. We
present two distinct experiments and results: the first one in an indoor
environment where a mobile robot learns to detect features like open doors or
T-intersections, the second one in an outdoor environment where a different
mobile robot has to identify situations like climbing a hill or crossing a
rock.",['cs.AI']
http://arxiv.org/abs/cs/0501072v1,Inferring knowledge from a large semantic network,"['Dominique Dutoit', 'Thierry Poibeau']","In this paper, we present a rich semantic network based on a differential
analysis. We then detail implemented measures that take into account common and
differential features between words. In a last section, we describe some
industrial applications.",['cs.AI']
http://arxiv.org/abs/cs/0501084v1,"Towards Automated Integration of Guess and Check Programs in Answer Set
  Programming: A Meta-Interpreter and Applications","['Thomas Eiter', 'Axel Polleres']","Answer set programming (ASP) with disjunction offers a powerful tool for
declaratively representing and solving hard problems. Many NP-complete problems
can be encoded in the answer set semantics of logic programs in a very concise
and intuitive way, where the encoding reflects the typical ""guess and check""
nature of NP problems: The property is encoded in a way such that polynomial
size certificates for it correspond to stable models of a program. However, the
problem-solving capacity of full disjunctive logic programs (DLPs) is beyond
NP, and captures a class of problems at the second level of the polynomial
hierarchy. While these problems also have a clear ""guess and check"" structure,
finding an encoding in a DLP reflecting this structure may sometimes be a
non-obvious task, in particular if the ""check"" itself is a coNP-complete
problem; usually, such problems are solved by interleaving separate guess and
check programs, where the check is expressed by inconsistency of the check
program. In this paper, we present general transformations of head-cycle free
(extended) disjunctive logic programs into stratified and positive (extended)
disjunctive logic programs based on meta-interpretation techniques. The answer
sets of the original and the transformed program are in simple correspondence,
and, moreover, inconsistency of the original program is indicated by a
designated answer set of the transformed program. Our transformations
facilitate the integration of separate ""guess"" and ""check"" programs, which are
often easy to obtain, automatically into a single disjunctive logic program.
Our results complement recent results on meta-interpretation in ASP, and extend
methods and techniques for a declarative ""guess and check"" problem solving
paradigm through ASP.","['cs.AI', 'I.2.3; F.4.1']"
http://arxiv.org/abs/cs/0501086v1,Clever Search: A WordNet Based Wrapper for Internet Search Engines,"['Peter M. Kruse', 'Andre Naujoks', 'Dietmar Roesner', 'Manuela Kunze']","This paper presents an approach to enhance search engines with information
about word senses available in WordNet. The approach exploits information about
the conceptual relations within the lexical-semantic net. In the wrapper for
search engines presented, WordNet information is used to specify user's request
or to classify the results of a publicly available web search engine, like
google, yahoo, etc.","['cs.AI', 'H 3.3, H 5.2']"
http://arxiv.org/abs/cs/0501089v1,Issues in Exploiting GermaNet as a Resource in Real Applications,"['Manuela Kunze', 'Dietmar Roesner']","This paper reports about experiments with GermaNet as a resource within
domain specific document analysis. The main question to be answered is: How is
the coverage of GermaNet in a specific domain? We report about results of a
field test of GermaNet for analyses of autopsy protocols and present a sketch
about the integration of GermaNet inside XDOC. Our remarks will contribute to a
GermaNet user's wish list.","['cs.AI', 'H3.1; I.2.7']"
http://arxiv.org/abs/cs/0501093v1,Transforming Business Rules Into Natural Language Text,"['Manuela Kunze', 'Dietmar Roesner']","The aim of the project presented in this paper is to design a system for an
NLG architecture, which supports the documentation process of eBusiness models.
A major task is to enrich the formal description of an eBusiness model with
additional information needed in an NLG task.","['cs.AI', 'I.2.7']"
http://arxiv.org/abs/cs/0501094v2,Corpus based Enrichment of GermaNet Verb Frames,"['Manuela Kunze', 'Dietmar Roesner']","Lexical semantic resources, like WordNet, are often used in real applications
of natural language document processing. For example, we integrated GermaNet in
our document suite XDOC of processing of German forensic autopsy protocols. In
addition to the hypernymy and synonymy relation, we want to adapt GermaNet's
verb frames for our analysis. In this paper we outline an approach for the
domain related enrichment of GermaNet verb frames by corpus based syntactic and
co-occurred data analyses of real documents.","['cs.AI', 'I.2.7; I.2.6']"
http://arxiv.org/abs/cs/0501095v1,Context Related Derivation of Word Senses,"['Manuela Kunze', 'Dietmar Roesner']","Real applications of natural language document processing are very often
confronted with domain specific lexical gaps during the analysis of documents
of a new domain. This paper describes an approach for the derivation of domain
specific concepts for the extension of an existing ontology. As resources we
need an initial ontology and a partially processed corpus of a domain. We
exploit the specific characteristic of the sublanguage in the corpus. Our
approach is based on syntactical structures (noun phrases) and compound
analyses to extract information required for the extension of GermaNet's
lexical resources.","['cs.AI', 'I.2.7; I.2.6']"
http://arxiv.org/abs/cs/0501096v1,Transforming and Enriching Documents for the Semantic Web,"['Dietmar Roesner', 'Manuela Kunze', 'Sylke Kroetzsch']","We suggest to employ techniques from Natural Language Processing (NLP) and
Knowledge Representation (KR) to transform existing documents into documents
amenable for the Semantic Web. Semantic Web documents have at least part of
their semantics and pragmatics marked up explicitly in both a machine
processable as well as human readable manner. XML and its related standards
(XSLT, RDF, Topic Maps etc.) are the unifying platform for the tools and
methodologies developed for different application scenarios.","['cs.AI', 'H3.1; I.2.7']"
http://arxiv.org/abs/cs/0502060v1,Perspectives for Strong Artificial Life,['J. -Ph Rennard'],"This text introduces the twin deadlocks of strong artificial life.
Conceptualization of life is a deadlock both because of the existence of a
continuum between the inert and the living, and because we only know one
instance of life. Computationalism is a second deadlock since it remains a
matter of faith. Nevertheless, artificial life realizations quickly progress
and recent constructions embed an always growing set of the intuitive
properties of life. This growing gap between theory and realizations should
sooner or later crystallize in some kind of paradigm shift and then give clues
to break the twin deadlocks.","['cs.AI', 'I.2.0']"
http://arxiv.org/abs/cs/0504064v1,"Neural-Network Techniques for Visual Mining Clinical
  Electroencephalograms","['Vitaly Schetinin', 'Joachim Schult', 'Anatoly Brazhnikov']","In this chapter we describe new neural-network techniques developed for
visual mining clinical electroencephalograms (EEGs), the weak electrical
potentials invoked by brain activity. These techniques exploit fruitful ideas
of Group Method of Data Handling (GMDH). Section 2 briefly describes the
standard neural-network techniques which are able to learn well-suited
classification modes from data presented by relevant features. Section 3
introduces an evolving cascade neural network technique which adds new input
nodes as well as new neurons to the network while the training error decreases.
This algorithm is applied to recognize artifacts in the clinical EEGs. Section
4 presents the GMDH-type polynomial networks learnt from data. We applied this
technique to distinguish the EEGs recorded from an Alzheimer and a healthy
patient as well as recognize EEG artifacts. Section 5 describes the new
neural-network technique developed to induce multi-class concepts from data. We
used this technique for inducing a 16-class concept from the large-scale
clinical EEG data. Finally we discuss perspectives of applying the
neural-network techniques to clinical EEGs.",['cs.AI']
http://arxiv.org/abs/cs/0504065v1,"Estimating Classification Uncertainty of Bayesian Decision Tree
  Technique on Financial Data","['Vitaly Schetinin', 'Jonathan E. Fieldsend', 'Derek Partridge', 'Wojtek J. Krzanowski', 'Richard M. Everson', 'Trevor C. Bailey', 'Adolfo Hernandez']","Bayesian averaging over classification models allows the uncertainty of
classification outcomes to be evaluated, which is of crucial importance for
making reliable decisions in applications such as financial in which risks have
to be estimated. The uncertainty of classification is determined by a trade-off
between the amount of data available for training, the diversity of a
classifier ensemble and the required performance. The interpretability of
classification models can also give useful information for experts responsible
for making reliable classifications. For this reason Decision Trees (DTs) seem
to be attractive classification models. The required diversity of the DT
ensemble can be achieved by using the Bayesian model averaging all possible
DTs. In practice, the Bayesian approach can be implemented on the base of a
Markov Chain Monte Carlo (MCMC) technique of random sampling from the posterior
distribution. For sampling large DTs, the MCMC method is extended by Reversible
Jump technique which allows inducing DTs under given priors. For the case when
the prior information on the DT size is unavailable, the sweeping technique
defining the prior implicitly reveals a better performance. Within this Chapter
we explore the classification uncertainty of the Bayesian MCMC techniques on
some datasets from the StatLog Repository and real financial data. The
classification uncertainty is compared within an Uncertainty Envelope technique
dealing with the class posterior distribution and a given confidence
probability. This technique provides realistic estimates of the classification
uncertainty which can be easily interpreted in statistical terms with the aim
of risk evaluation.",['cs.AI']
http://arxiv.org/abs/cs/0504066v1,"Comparison of the Bayesian and Randomised Decision Tree Ensembles within
  an Uncertainty Envelope Technique","['Vitaly Schetinin', 'Jonathan E. Fieldsend', 'Derek Partridge', 'Wojtek J. Krzanowski', 'Richard M. Everson', 'Trevor C. Bailey', 'Adolfo Hernandez']","Multiple Classifier Systems (MCSs) allow evaluation of the uncertainty of
classification outcomes that is of crucial importance for safety critical
applications. The uncertainty of classification is determined by a trade-off
between the amount of data available for training, the classifier diversity and
the required performance. The interpretability of MCSs can also give useful
information for experts responsible for making reliable classifications. For
this reason Decision Trees (DTs) seem to be attractive classification models
for experts. The required diversity of MCSs exploiting such classification
models can be achieved by using two techniques, the Bayesian model averaging
and the randomised DT ensemble. Both techniques have revealed promising results
when applied to real-world problems. In this paper we experimentally compare
the classification uncertainty of the Bayesian model averaging with a
restarting strategy and the randomised DT ensemble on a synthetic dataset and
some domain problems commonly used in the machine learning community. To make
the Bayesian DT averaging feasible, we use a Markov Chain Monte Carlo
technique. The classification uncertainty is evaluated within an Uncertainty
Envelope technique dealing with the class posterior distribution and a given
confidence probability. Exploring a full posterior distribution, this technique
produces realistic estimates which can be easily interpreted in statistical
terms. In our experiments we found out that the Bayesian DTs are superior to
the randomised DT ensembles within the Uncertainty Envelope technique.",['cs.AI']
http://arxiv.org/abs/cs/0504071v1,Proceedings of the Pacific Knowledge Acquisition Workshop 2004,"['Byeong Ho Kang', 'Achim Hoffmann', 'Takahira Yamaguchi', 'Wai Kiang Yeap']","Artificial intelligence (AI) research has evolved over the last few decades
and knowledge acquisition research is at the core of AI research. PKAW-04 is
one of three international knowledge acquisition workshops held in the
Pacific-Rim, Canada and Europe over the last two decades. PKAW-04 has a strong
emphasis on incremental knowledge acquisition, machine learning, neural nets
and active mining.
  The proceedings contain 19 papers that were selected by the program committee
among 24 submitted papers. All papers were peer reviewed by at least two
reviewers. The papers in these proceedings cover the methods and tools as well
as the applications related to develop expert systems or knowledge based
systems.",['cs.AI']
http://arxiv.org/abs/cs/0505018v1,Temporal and Spatial Data Mining with Second-Order Hidden Models,"['Jean-Francois Mari', 'Florence Le Ber']","In the frame of designing a knowledge discovery system, we have developed
stochastic models based on high-order hidden Markov models. These models are
capable to map sequences of data into a Markov chain in which the transitions
between the states depend on the \texttt{n} previous states according to the
order of the model. We study the process of achieving information extraction
fromspatial and temporal data by means of an unsupervised classification. We
use therefore a French national database related to the land use of a region,
named Teruti, which describes the land use both in the spatial and temporal
domain. Land-use categories (wheat, corn, forest, ...) are logged every year on
each site regularly spaced in the region. They constitute a temporal sequence
of images in which we look for spatial and temporal dependencies. The temporal
segmentation of the data is done by means of a second-order Hidden Markov Model
(\hmmd) that appears to have very good capabilities to locate stationary
segments, as shown in our previous work in speech recognition. Thespatial
classification is performed by defining a fractal scanning ofthe images with
the help of a Hilbert-Peano curve that introduces atotal order on the sites,
preserving the relation ofneighborhood between the sites. We show that the
\hmmd performs aclassification that is meaningful for the agronomists.Spatial
and temporal classification may be achieved simultaneously by means of a 2
levels \hmmd that measures the \aposteriori probability to map a temporal
sequence of images onto a set of hidden classes.",['cs.AI']
http://arxiv.org/abs/cs/0505081v1,An ontological approach to the construction of problem-solving models,"['Sabine Bruaux', 'Gilles Kassel', 'Gilles Morel']","Our ongoing work aims at defining an ontology-centered approach for building
expertise models for the CommonKADS methodology. This approach (which we have
named ""OntoKADS"") is founded on a core problem-solving ontology which
distinguishes between two conceptualization levels: at an object level, a set
of concepts enable us to define classes of problem-solving situations, and at a
meta level, a set of meta-concepts represent modeling primitives. In this
article, our presentation of OntoKADS will focus on the core ontology and, in
particular, on roles - the primitive situated at the interface between domain
knowledge and reasoning, and whose ontological status is still much debated. We
first propose a coherent, global, ontological framework which enables us to
account for this primitive. We then show how this novel characterization of the
primitive allows definition of new rules for the construction of expertise
models.","['cs.AI', 'I.2.4']"
http://arxiv.org/abs/cs/0506031v1,A Constrained Object Model for Configuration Based Workflow Composition,"['Patrick Albert', 'Laurent Henocque', 'Mathias Kleiner']","Automatic or assisted workflow composition is a field of intense research for
applications to the world wide web or to business process modeling. Workflow
composition is traditionally addressed in various ways, generally via theorem
proving techniques. Recent research observed that building a composite workflow
bears strong relationships with finite model search, and that some workflow
languages can be defined as constrained object metamodels . This lead to
consider the viability of applying configuration techniques to this problem,
which was proven feasible. Constrained based configuration expects a
constrained object model as input. The purpose of this document is to formally
specify the constrained object model involved in ongoing experiments and
research using the Z specification language.","['cs.AI', 'C.0; D.2.1; D.3.1; F.4.1']"
http://arxiv.org/abs/cs/0507010v1,A Study for the Feature Core of Dynamic Reduct,['Jiayang Wang'],"To the reduct problems of decision system, the paper proposes the notion of
dynamic core according to the dynamic reduct model. It describes various formal
definitions of dynamic core, and discusses some properties about dynamic core.
All of these show that dynamic core possesses the essential characters of the
feature core.","['cs.AI', 'I.2.4']"
http://arxiv.org/abs/cs/0507023v1,"Two-dimensional cellular automata and the analysis of correlated time
  series","['Luis O. Rigo Jr.', 'Valmir C. Barbosa']","Correlated time series are time series that, by virtue of the underlying
process to which they refer, are expected to influence each other strongly. We
introduce a novel approach to handle such time series, one that models their
interaction as a two-dimensional cellular automaton and therefore allows them
to be treated as a single entity. We apply our approach to the problems of
filling gaps and predicting values in rainfall time series. Computational
results show that the new approach compares favorably to Kalman smoothing and
filtering.","['cs.AI', 'B.6.1; G.3']"
http://arxiv.org/abs/cs/0507029v1,ATNoSFERES revisited,"['Samuel Landau', 'Olivier Sigaud', 'Marc Schoenauer']","ATNoSFERES is a Pittsburgh style Learning Classifier System (LCS) in which
the rules are represented as edges of an Augmented Transition Network.
Genotypes are strings of tokens of a stack-based language, whose execution
builds the labeled graph. The original ATNoSFERES, using a bitstring to
represent the language tokens, has been favorably compared in previous work to
several Michigan style LCSs architectures in the context of Non Markov
problems. Several modifications of ATNoSFERES are proposed here: the most
important one conceptually being a representational change: each token is now
represented by an integer, hence the genotype is a string of integers; several
other modifications of the underlying grammar language are also proposed. The
resulting ATNoSFERES-II is validated on several standard animat Non Markov
problems, on which it outperforms all previously published results in the LCS
literature. The reasons for these improvement are carefully analyzed, and some
assumptions are proposed on the underlying mechanisms in order to explain these
good results.",['cs.AI']
http://arxiv.org/abs/cs/0508132v1,Planning with Preferences using Logic Programming,"['Tran Cao Son', 'Enrico Pontelli']","We present a declarative language, PP, for the high-level specification of
preferences between possible solutions (or trajectories) of a planning problem.
This novel language allows users to elegantly express non-trivial,
multi-dimensional preferences and priorities over such preferences. The
semantics of PP allows the identification of most preferred trajectories for a
given goal. We also provide an answer set programming implementation of
planning problems with PP preferences.","['cs.AI', 'F.4.1']"
http://arxiv.org/abs/cs/0509011v1,"Clustering Mixed Numeric and Categorical Data: A Cluster Ensemble
  Approach","['Zengyou He', 'Xiaofei Xu', 'Shengchun Deng']","Clustering is a widely used technique in data mining applications for
discovering patterns in underlying data. Most traditional clustering algorithms
are limited to handling datasets that contain either numeric or categorical
attributes. However, datasets with mixed types of attributes are common in real
life data mining applications. In this paper, we propose a novel
divide-and-conquer technique to solve this problem. First, the original mixed
dataset is divided into two sub-datasets: the pure categorical dataset and the
pure numeric dataset. Next, existing well established clustering algorithms
designed for different types of datasets are employed to produce corresponding
clusters. Last, the clustering results on the categorical and numeric dataset
are combined as a categorical dataset, on which the categorical data clustering
algorithm is used to get the final clusters. Our contribution in this paper is
to provide an algorithm framework for the mixed attributes clustering problem,
in which existing clustering algorithms can be easily integrated, the
capabilities of different kinds of clustering algorithms and characteristics of
different types of datasets could be fully exploited. Comparisons with other
clustering algorithms on real life datasets illustrate the superiority of our
approach.",['cs.AI']
http://arxiv.org/abs/cs/0509033v1,K-Histograms: An Efficient Clustering Algorithm for Categorical Dataset,"['Zengyou He', 'Xiaofei Xu', 'Shengchun Deng', 'Bin Dong']","Clustering categorical data is an integral part of data mining and has
attracted much attention recently. In this paper, we present k-histogram, a new
efficient algorithm for clustering categorical data. The k-histogram algorithm
extends the k-means algorithm to categorical domain by replacing the means of
clusters with histograms, and dynamically updates histograms in the clustering
process. Experimental results on real datasets show that k-histogram algorithm
can produce better clustering results than k-modes algorithm, the one related
with our work most closely.",['cs.AI']
http://arxiv.org/abs/cs/0510050v1,"Integration of the DOLCE top-level ontology into the OntoSpec
  methodology",['Gilles Kassel'],"This report describes a new version of the OntoSpec methodology for ontology
building. Defined by the LaRIA Knowledge Engineering Team (University of
Picardie Jules Verne, Amiens, France), OntoSpec aims at helping builders to
model ontological knowledge (upstream of formal representation). The
methodology relies on a set of rigorously-defined modelling primitives and
principles. Its application leads to the elaboration of a semi-informal
ontology, which is independent of knowledge representation languages. We
recently enriched the OntoSpec methodology by endowing it with a new resource,
the DOLCE top-level ontology defined at the LOA (IST-CNR, Trento, Italy). The
goal of this integration is to provide modellers with additional help in
structuring application ontologies, while maintaining independence
vis-\`{a}-vis formal representation languages. In this report, we first provide
an overview of the OntoSpec methodology's general principles and then describe
the DOLCE re-engineering process. A complete version of DOLCE-OS (i.e. a
specification of DOLCE in the semi-informal OntoSpec language) is presented in
an appendix.",['cs.AI']
http://arxiv.org/abs/cs/0510062v1,"Using Interval Particle Filtering for Marker less 3D Human Motion
  Capture","['Jamal Saboune', 'François Charpillet']","In this paper we present a new approach for marker less human motion capture
from conventional camera feeds. The aim of our study is to recover 3D positions
of key points of the body that can serve for gait analysis. Our approach is
based on foreground segmentation, an articulated body model and particle
filters. In order to be generic and simple no restrictive dynamic modelling was
used. A new modified particle filtering algorithm was introduced. It is used
efficiently to search the model configuration space. This new algorithm which
we call Interval Particle Filtering reorganizes the configurations search space
in an optimal deterministic way and proved to be efficient in tracking natural
human movement. Results for human motion capture from a single camera are
presented and compared to results obtained from a marker based system. The
system proved to be able to track motion successfully even in partial
occlusions.",['cs.AI']
http://arxiv.org/abs/cs/0510063v1,Markerless Human Motion Capture for Gait Analysis,"['Jamal Saboune', 'François Charpillet']","The aim of our study is to detect balance disorders and a tendency towards
the falls in the elderly, knowing gait parameters. In this paper we present a
new tool for gait analysis based on markerless human motion capture, from
camera feeds. The system introduced here, recovers the 3D positions of several
key points of the human body while walking. Foreground segmentation, an
articulated body model and particle filtering are basic elements of our
approach. No dynamic model is used thus this system can be described as generic
and simple to implement. A modified particle filtering algorithm, which we call
Interval Particle Filtering, is used to reorganise and search through the
model's configurations search space in a deterministic optimal way. This
algorithm was able to perform human movement tracking with success. Results
from the treatment of a single cam feeds are shown and compared to results
obtained using a marker based human motion capture system.",['cs.AI']
http://arxiv.org/abs/cs/0510079v2,Evidence with Uncertain Likelihoods,"['Joseph Y. Halpern', 'Riccardo Pucella']","An agent often has a number of hypotheses, and must choose among them based
on observations, or outcomes of experiments. Each of these observations can be
viewed as providing evidence for or against various hypotheses. All the
attempts to formalize this intuition up to now have assumed that associated
with each hypothesis h there is a likelihood function \mu_h, which is a
probability measure that intuitively describes how likely each observation is,
conditional on h being the correct hypothesis. We consider an extension of this
framework where there is uncertainty as to which of a number of likelihood
functions is appropriate, and discuss how one formal approach to defining
evidence, which views evidence as a function from priors to posteriors, can be
generalized to accommodate this uncertainty.","['cs.AI', 'I.2.3; G.3']"
http://arxiv.org/abs/cs/0510083v1,"Neuronal Spectral Analysis of EEG and Expert Knowledge Integration for
  Automatic Classification of Sleep Stages","['Nizar Kerkeni', 'Frederic Alexandre', 'Mohamed Hedi Bedoui', 'Laurent Bougrain', 'Mohamed Dogui']","Being able to analyze and interpret signal coming from electroencephalogram
(EEG) recording can be of high interest for many applications including medical
diagnosis and Brain-Computer Interfaces. Indeed, human experts are today able
to extract from this signal many hints related to physiological as well as
cognitive states of the recorded subject and it would be very interesting to
perform such task automatically but today no completely automatic system
exists. In previous studies, we have compared human expertise and automatic
processing tools, including artificial neural networks (ANN), to better
understand the competences of each and determine which are the difficult
aspects to integrate in a fully automatic system. In this paper, we bring more
elements to that study in reporting the main results of a practical experiment
which was carried out in an hospital for sleep pathology study. An EEG
recording was studied and labeled by a human expert and an ANN. We describe
here the characteristics of the experiment, both human and neuronal procedure
of analysis, compare their performances and point out the main limitations
which arise from this study.",['cs.AI']
http://arxiv.org/abs/cs/0510091v1,"An efficient memetic, permutation-based evolutionary algorithm for
  real-world train timetabling","['Marc Schoenauer', 'Yann Semet']","Train timetabling is a difficult and very tightly constrained combinatorial
problem that deals with the construction of train schedules. We focus on the
particular problem of local reconstruction of the schedule following a small
perturbation, seeking minimisation of the total accumulated delay by adapting
times of departure and arrival for each train and allocation of resources
(tracks, routing nodes, etc.). We describe a permutation-based evolutionary
algorithm that relies on a semi-greedy heuristic to gradually reconstruct the
schedule by inserting trains one after the other following the permutation.
This algorithm can be hybridised with ILOG commercial MIP programming tool
CPLEX in a coarse-grained manner: the evolutionary part is used to quickly
obtain a good but suboptimal solution and this intermediate solution is refined
using CPLEX. Experimental results are presented on a large real-world case
involving more than one million variables and 2 million constraints. Results
are surprisingly good as the evolutionary algorithm, alone or hybridised,
produces excellent solutions much faster than CPLEX alone.",['cs.AI']
http://arxiv.org/abs/cs/0511004v1,Evolutionary Computing,"['Aguston E. Eiben', 'Marc Schoenauer']","Evolutionary computing (EC) is an exciting development in Computer Science.
It amounts to building, applying and studying algorithms based on the Darwinian
principles of natural selection. In this paper we briefly introduce the main
concepts behind evolutionary computing. We present the main components all
evolutionary algorithms (EA), sketch the differences between different types of
EAs and survey application areas ranging from optimization, modeling and
simulation to entertainment.",['cs.AI']
http://arxiv.org/abs/cs/0511015v2,"Towards a Hierarchical Model of Consciousness, Intelligence, Mind and
  Body",['Prashant'],This article is taken out.,['cs.AI']
http://arxiv.org/abs/cs/0511091v1,Evolution of Voronoi based Fuzzy Recurrent Controllers,"['Carlos Kavka', 'Patricia Roggero', 'Marc Schoenauer']","A fuzzy controller is usually designed by formulating the knowledge of a
human expert into a set of linguistic variables and fuzzy rules. Among the most
successful methods to automate the fuzzy controllers development process are
evolutionary algorithms. In this work, we propose the Recurrent Fuzzy Voronoi
(RFV) model, a representation for recurrent fuzzy systems. It is an extension
of the FV model proposed by Kavka and Schoenauer that extends the application
domain to include temporal problems. The FV model is a representation for fuzzy
controllers based on Voronoi diagrams that can represent fuzzy systems with
synergistic rules, fulfilling the $\epsilon$-completeness property and
providing a simple way to introduce a priory knowledge. In the proposed
representation, the temporal relations are embedded by including internal units
that provide feedback by connecting outputs to inputs. These internal units act
as memory elements. In the RFV model, the semantic of the internal units can be
specified together with the a priori rules. The geometric interpretation of the
rules allows the use of geometric variational operators during the evolution.
The representation and the algorithms are validated in two problems in the area
of system identification and evolutionary robotics.",['cs.AI']
http://arxiv.org/abs/cs/0512045v2,Branch-and-Prune Search Strategies for Numerical Constraint Solving,"['Xuan-Ha Vu', 'Marius-Calin Silaghi', 'Djamila Sam-Haroud', 'Boi Faltings']","When solving numerical constraints such as nonlinear equations and
inequalities, solvers often exploit pruning techniques, which remove redundant
value combinations from the domains of variables, at pruning steps. To find the
complete solution set, most of these solvers alternate the pruning steps with
branching steps, which split each problem into subproblems. This forms the
so-called branch-and-prune framework, well known among the approaches for
solving numerical constraints. The basic branch-and-prune search strategy that
uses domain bisections in place of the branching steps is called the bisection
search. In general, the bisection search works well in case (i) the solutions
are isolated, but it can be improved further in case (ii) there are continuums
of solutions (this often occurs when inequalities are involved). In this paper,
we propose a new branch-and-prune search strategy along with several variants,
which not only allow yielding better branching decisions in the latter case,
but also work as well as the bisection search does in the former case. These
new search algorithms enable us to employ various pruning techniques in the
construction of inner and outer approximations of the solution set. Our
experiments show that these algorithms speed up the solving process often by
one order of magnitude or more when solving problems with continuums of
solutions, while keeping the same performance as the bisection search when the
solutions are isolated.","['cs.AI', 'F.4.1; I.2.8']"
http://arxiv.org/abs/cs/0512047v2,"Processing Uncertainty and Indeterminacy in Information Systems success
  mapping","['Jose L. Salmeron', 'Florentin Smarandache']","IS success is a complex concept, and its evaluation is complicated,
unstructured and not readily quantifiable. Numerous scientific publications
address the issue of success in the IS field as well as in other fields. But,
little efforts have been done for processing indeterminacy and uncertainty in
success research. This paper shows a formal method for mapping success using
Neutrosophic Success Map. This is an emerging tool for processing indeterminacy
and uncertainty in success research. EIS success have been analyzed using this
tool.","['cs.AI', 'I.2.11']"
http://arxiv.org/abs/cs/0512099v1,Mathematical Models in Schema Theory,['Mark Burgin'],"In this paper, a mathematical schema theory is developed. This theory has
three roots: brain theory schemas, grid automata, and block-shemas. In Section
2 of this paper, elements of the theory of grid automata necessary for the
mathematical schema theory are presented. In Section 3, elements of brain
theory necessary for the mathematical schema theory are presented. In Section
4, other types of schemas are considered. In Section 5, the mathematical schema
theory is developed. The achieved level of schema representation allows one to
model by mathematical tools virtually any type of schemas considered before,
including schemas in neurophisiology, psychology, computer science, Internet
technology, databases, logic, and mathematics.","['cs.AI', 'I.2.4']"
http://arxiv.org/abs/cs/0601001v2,Truecluster: robust scalable clustering with model selection,['Jens Oehlschlägel'],"Data-based classification is fundamental to most branches of science. While
recent years have brought enormous progress in various areas of statistical
computing and clustering, some general challenges in clustering remain: model
selection, robustness, and scalability to large datasets. We consider the
important problem of deciding on the optimal number of clusters, given an
arbitrary definition of space and clusteriness. We show how to construct a
cluster information criterion that allows objective model selection. Differing
from other approaches, our truecluster method does not require specific
assumptions about underlying distributions, dissimilarity definitions or
cluster models. Truecluster puts arbitrary clustering algorithms into a generic
unified (sampling-based) statistical framework. It is scalable to big datasets
and provides robust cluster assignments and case-wise diagnostics. Truecluster
will make clustering more objective, allows for automation, and will save time
and costs. Free R software is available.","['cs.AI', 'G.3; I.5.3']"
http://arxiv.org/abs/cs/0601031v1,"Divide-and-Evolve: a New Memetic Scheme for Domain-Independent Temporal
  Planning","['Marc Schoenauer', 'Pierre Savéant', 'Vincent Vidal']","An original approach, termed Divide-and-Evolve is proposed to hybridize
Evolutionary Algorithms (EAs) with Operational Research (OR) methods in the
domain of Temporal Planning Problems (TPPs). Whereas standard Memetic
Algorithms use local search methods to improve the evolutionary solutions, and
thus fail when the local method stops working on the complete problem, the
Divide-and-Evolve approach splits the problem at hand into several, hopefully
easier, sub-problems, and can thus solve globally problems that are intractable
when directly fed into deterministic OR algorithms. But the most prominent
advantage of the Divide-and-Evolve approach is that it immediately opens up an
avenue for multi-objective optimization, even though the OR method that is used
is single-objective. Proof of concept approach on the standard
(single-objective) Zeno transportation benchmark is given, and a small original
multi-objective benchmark is proposed in the same Zeno framework to assess the
multi-objective capabilities of the proposed methodology, a breakthrough in
Temporal Planning.",['cs.AI']
http://arxiv.org/abs/cs/0601052v1,Artificial and Biological Intelligence,['Subhash Kak'],"This article considers evidence from physical and biological sciences to show
machines are deficient compared to biological systems at incorporating
intelligence. Machines fall short on two counts: firstly, unlike brains,
machines do not self-organize in a recursive manner; secondly, machines are
based on classical logic, whereas Nature's intelligence may depend on quantum
mechanics.",['cs.AI']
http://arxiv.org/abs/cs/0601109v3,"Certainty Closure: Reliable Constraint Reasoning with Incomplete or
  Erroneous Data","['Neil Yorke-Smith', 'Carmen Gervet']","Constraint Programming (CP) has proved an effective paradigm to model and
solve difficult combinatorial satisfaction and optimisation problems from
disparate domains. Many such problems arising from the commercial world are
permeated by data uncertainty. Existing CP approaches that accommodate
uncertainty are less suited to uncertainty arising due to incomplete and
erroneous data, because they do not build reliable models and solutions
guaranteed to address the user's genuine problem as she perceives it. Other
fields such as reliable computation offer combinations of models and associated
methods to handle these types of uncertain data, but lack an expressive
framework characterising the resolution methodology independently of the model.
  We present a unifying framework that extends the CP formalism in both model
and solutions, to tackle ill-defined combinatorial problems with incomplete or
erroneous data. The certainty closure framework brings together modelling and
solving methodologies from different fields into the CP paradigm to provide
reliable and efficient approches for uncertain constraint problems. We
demonstrate the applicability of the framework on a case study in network
diagnosis. We define resolution forms that give generic templates, and their
associated operational semantics, to derive practical solution methods for
reliable solutions.","['cs.AI', 'I.2.3']"
http://arxiv.org/abs/cs/0602022v1,Avoiding the Bloat with Stochastic Grammar-based Genetic Programming,"['Alain Ratle', 'Michèle Sebag']","The application of Genetic Programming to the discovery of empirical laws is
often impaired by the huge size of the search space, and consequently by the
computer resources needed. In many cases, the extreme demand for memory and CPU
is due to the massive growth of non-coding segments, the introns. The paper
presents a new program evolution framework which combines distribution-based
evolution in the PBIL spirit, with grammar-based genetic programming; the
information is stored as a probability distribution on the gra mmar rules,
rather than in a population. Experiments on a real-world like problem show that
this approach gives a practical solution to the problem of intron growth.",['cs.AI']
http://arxiv.org/abs/cs/0602031v1,Classifying Signals with Local Classifiers,['Wit Jakuczun'],"This paper deals with the problem of classifying signals. The new method for
building so called local classifiers and local features is presented. The
method is a combination of the lifting scheme and the support vector machines.
Its main aim is to produce effective and yet comprehensible classifiers that
would help in understanding processes hidden behind classified signals. To
illustrate the method we present the results obtained on an artificial and a
real dataset.","['cs.AI', 'I.5; G.3; G.1.2']"
http://arxiv.org/abs/cs/0603025v2,Open Answer Set Programming with Guarded Programs,"['Stijn Heymans', 'Davy Van Nieuwenborgh', 'Dirk Vermeir']","Open answer set programming (OASP) is an extension of answer set programming
where one may ground a program with an arbitrary superset of the program's
constants. We define a fixed point logic (FPL) extension of Clark's completion
such that open answer sets correspond to models of FPL formulas and identify a
syntactic subclass of programs, called (loosely) guarded programs. Whereas
reasoning with general programs in OASP is undecidable, the FPL translation of
(loosely) guarded programs falls in the decidable (loosely) guarded fixed point
logic (mu(L)GF). Moreover, we reduce normal closed ASP to loosely guarded OASP,
enabling for the first time, a characterization of an answer set semantics by
muLGF formulas. We further extend the open answer set semantics for programs
with generalized literals. Such generalized programs (gPs) have interesting
properties, e.g., the ability to express infinity axioms. We restrict the
syntax of gPs such that both rules and generalized literals are guarded. Via a
translation to guarded fixed point logic, we deduce 2-exptime-completeness of
satisfiability checking in such guarded gPs (GgPs). Bound GgPs are restricted
GgPs with exptime-complete satisfiability checking, but still sufficiently
expressive to optimally simulate computation tree logic (CTL). We translate
Datalog lite programs to GgPs, establishing equivalence of GgPs under an open
answer set semantics, alternation-free muGF, and Datalog lite.","['cs.AI', 'I.2.3; I.2.4']"
http://arxiv.org/abs/cs/0603034v1,Metatheory of actions: beyond consistency,"['Andreas Herzig', 'Ivan Varzinczak']","Consistency check has been the only criterion for theory evaluation in
logic-based approaches to reasoning about actions. This work goes beyond that
and contributes to the metatheory of actions by investigating what other
properties a good domain description in reasoning about actions should have. We
state some metatheoretical postulates concerning this sore spot. When all
postulates are satisfied together we have a modular action theory. Besides
being easier to understand and more elaboration tolerant in McCarthy's sense,
modular theories have interesting properties. We point out the problems that
arise when the postulates about modularity are violated and propose algorithmic
checks that can help the designer of an action theory to overcome them.",['cs.AI']
http://arxiv.org/abs/cs/0603038v2,"Estimation of linear, non-gaussian causal models in the presence of
  confounding latent variables","['Patrik O. Hoyer', 'Shohei Shimizu', 'Antti J. Kerminen']","The estimation of linear causal models (also known as structural equation
models) from data is a well-known problem which has received much attention in
the past. Most previous work has, however, made an explicit or implicit
assumption of gaussianity, limiting the identifiability of the models. We have
recently shown (Shimizu et al, 2005; Hoyer et al, 2006) that for non-gaussian
distributions the full causal model can be estimated in the no hidden variables
case. In this contribution, we discuss the estimation of the model when
confounding latent variables are present. Although in this case uniqueness is
no longer guaranteed, there is at most a finite set of models which can fit the
data. We develop an algorithm for estimating this set, and describe numerical
simulations which confirm the theoretical arguments and demonstrate the
practical viability of the approach. Full Matlab code is provided for all
simulations.",['cs.AI']
http://arxiv.org/abs/cs/0603081v1,"Application of Support Vector Regression to Interpolation of Sparse
  Shock Physics Data Sets","['Nikita A. Sakhanenko', 'George F. Luger', 'Hanna E. Makaruk', 'David B. Holtkamp']","Shock physics experiments are often complicated and expensive. As a result,
researchers are unable to conduct as many experiments as they would like -
leading to sparse data sets. In this paper, Support Vector Machines for
regression are applied to velocimetry data sets for shock damaged and melted
tin metal. Some success at interpolating between data sets is achieved.
Implications for future work are discussed.","['cs.AI', 'I.2; J.2']"
http://arxiv.org/abs/cs/0603120v1,Approximation Algorithms for K-Modes Clustering,['Zengyou He'],"In this paper, we study clustering with respect to the k-modes objective
function, a natural formulation of clustering for categorical data. One of the
main contributions of this paper is to establish the connection between k-modes
and k-median, i.e., the optimum of k-median is at most twice the optimum of
k-modes for the same categorical data clustering problem. Based on this
observation, we derive a deterministic algorithm that achieves an approximation
factor of 2. Furthermore, we prove that the distance measure in k-modes defines
a metric. Hence, we are able to extend existing approximation algorithms for
metric k-median to k-modes. Empirical results verify the superiority of our
method.",['cs.AI']
http://arxiv.org/abs/cs/0604009v1,Can an Organism Adapt Itself to Unforeseen Circumstances?,['Alexey V. Melkikh'],"A model of an organism as an autonomous intelligent system has been proposed.
This model was used to analyze learning of an organism in various environmental
conditions. Processes of learning were divided into two types: strong and weak
processes taking place in the absence and the presence of aprioristic
information about an object respectively. Weak learning is synonymous to
adaptation when aprioristic programs already available in a system (an
organism) are started. It was shown that strong learning is impossible for both
an organism and any autonomous intelligent system. It was shown also that the
knowledge base of an organism cannot be updated. Therefore, all behavior
programs of an organism are congenital. A model of a conditioned reflex as a
series of consecutive measurements of environmental parameters has been
advanced. Repeated measurements are necessary in this case to reduce the error
during decision making.",['cs.AI']
http://arxiv.org/abs/cs/0604042v1,"Adaptative combination rule and proportional conflict redistribution
  rule for information fusion","['M. C. Florea', 'J. Dezert', 'P. Valin', 'F. Smarandache', 'Anne-Laure Jousselme']","This paper presents two new promising rules of combination for the fusion of
uncertain and potentially highly conflicting sources of evidences in the
framework of the theory of belief functions in order to palliate the well-know
limitations of Dempster's rule and to work beyond the limits of applicability
of the Dempster-Shafer theory. We present both a new class of adaptive
combination rules (ACR) and a new efficient Proportional Conflict
Redistribution (PCR) rule allowing to deal with highly conflicting sources for
static and dynamic fusion applications.","['cs.AI', 'I.4.8']"
http://arxiv.org/abs/cs/0604070v2,Retraction and Generalized Extension of Computing with Words,"['Yongzhi Cao', 'Mingsheng Ying', 'Guoqing Chen']","Fuzzy automata, whose input alphabet is a set of numbers or symbols, are a
formal model of computing with values. Motivated by Zadeh's paradigm of
computing with words rather than numbers, Ying proposed a kind of fuzzy
automata, whose input alphabet consists of all fuzzy subsets of a set of
symbols, as a formal model of computing with all words. In this paper, we
introduce a somewhat general formal model of computing with (some special)
words. The new features of the model are that the input alphabet only comprises
some (not necessarily all) fuzzy subsets of a set of symbols and the fuzzy
transition function can be specified arbitrarily. By employing the methodology
of fuzzy control, we establish a retraction principle from computing with words
to computing with values for handling crisp inputs and a generalized extension
principle from computing with words to computing with all words for handling
fuzzy inputs. These principles show that computing with values and computing
with all words can be respectively implemented by computing with words. Some
algebraic properties of retractions and generalized extensions are addressed as
well.",['cs.AI']
http://arxiv.org/abs/cs/0604086v1,A Knowledge-Based Approach for Selecting Information Sources,"['Thomas Eiter', 'Michael Fink', 'Hans Tompits']","Through the Internet and the World-Wide Web, a vast number of information
sources has become available, which offer information on various subjects by
different providers, often in heterogeneous formats. This calls for tools and
methods for building an advanced information-processing infrastructure. One
issue in this area is the selection of suitable information sources in query
answering. In this paper, we present a knowledge-based approach to this
problem, in the setting where one among a set of information sources
(prototypically, data repositories) should be selected for evaluating a user
query. We use extended logic programs (ELPs) to represent rich descriptions of
the information sources, an underlying domain theory, and user queries in a
formal query language (here, XML-QL, but other languages can be handled as
well). Moreover, we use ELPs for declarative query analysis and generation of a
query description. Central to our approach are declarative source-selection
programs, for which we define syntax and semantics. Due to the structured
nature of the considered data items, the semantics of such programs must
carefully respect implicit context information in source-selection rules, and
furthermore combine it with possible user preferences. A prototype
implementation of our approach has been realized exploiting the DLV KR system
and its plp front-end for prioritized ELPs. We describe a representative
example involving specific movie databases, and report about experimental
results.","['cs.AI', 'I.2.4; H.3.3']"
http://arxiv.org/abs/cs/0605012v2,Perspective alignment in spatial language,"['L. Steels', 'M. Loetzsch']","It is well known that perspective alignment plays a major role in the
planning and interpretation of spatial language. In order to understand the
role of perspective alignment and the cognitive processes involved, we have
made precise complete cognitive models of situated embodied agents that
self-organise a communication system for dialoging about the position and
movement of real world objects in their immediate surroundings. We show in a
series of robotic experiments which cognitive mechanisms are necessary and
sufficient to achieve successful spatial language and why and how perspective
alignment can take place, either implicitly or based on explicit marking.",['cs.AI']
http://arxiv.org/abs/cs/0605017v1,"Reasoning and Planning with Sensing Actions, Incomplete Information, and
  Static Causal Laws using Answer Set Programming","['Phan Huy Tu', 'Tran Cao Son', 'Chitta Baral']","We extend the 0-approximation of sensing actions and incomplete information
in [Son and Baral 2000] to action theories with static causal laws and prove
its soundness with respect to the possible world semantics. We also show that
the conditional planning problem with respect to this approximation is
NP-complete. We then present an answer set programming based conditional
planner, called ASCP, that is capable of generating both conformant plans and
conditional plans in the presence of sensing actions, incomplete information
about the initial state, and static causal laws. We prove the correctness of
our implementation and argue that our planner is sound and complete with
respect to the proposed approximation. Finally, we present experimental results
comparing ASCP to other planners.","['cs.AI', 'I.2.3; I.2.4; I.2.8']"
http://arxiv.org/abs/cs/0605055v1,"Approximate Discrete Probability Distribution Representation using a
  Multi-Resolution Binary Tree","['David Bellot', 'Pierre Bessiere']","Computing and storing probabilities is a hard problem as soon as one has to
deal with complex distributions over multiple random variables. The problem of
efficient representation of probability distributions is central in term of
computational efficiency in the field of probabilistic reasoning. The main
problem arises when dealing with joint probability distributions over a set of
random variables: they are always represented using huge probability arrays. In
this paper, a new method based on binary-tree representation is introduced in
order to store efficiently very large joint distributions. Our approach
approximates any multidimensional joint distributions using an adaptive
discretization of the space. We make the assumption that the lower is the
probability mass of a particular region of feature space, the larger is the
discretization step. This assumption leads to a very optimized representation
in term of time and memory. The other advantages of our approach are the
ability to refine dynamically the distribution every time it is needed leading
to a more accurate representation of the probability distribution and to an
anytime representation of the distribution.",['cs.AI']
http://arxiv.org/abs/cs/0605108v2,Diagnosability of Fuzzy Discrete Event Systems,"['Fuchun Liu', 'Daowen Qiu', 'Hongyan Xing', 'Zhujun Fan']","In order to more effectively cope with the real-world problems of vagueness,
{\it fuzzy discrete event systems} (FDESs) were proposed recently, and the
supervisory control theory of FDESs was developed. In view of the importance of
failure diagnosis, in this paper, we present an approach of the failure
diagnosis in the framework of FDESs. More specifically: (1) We formalize the
definition of diagnosability for FDESs, in which the observable set and failure
set of events are {\it fuzzy}, that is, each event has certain degree to be
observable and unobservable, and, also, each event may possess different
possibility of failure occurring. (2) Through the construction of
observability-based diagnosers of FDESs, we investigate its some basic
properties. In particular, we present a necessary and sufficient condition for
diagnosability of FDESs. (3) Some examples serving to illuminate the
applications of the diagnosability of FDESs are described. To conclude, some
related issues are raised for further consideration.","['cs.AI', 'F.1.2; F.4.3; J.7']"
http://arxiv.org/abs/cs/0605123v1,Classification of Ordinal Data,['Jaime S. Cardoso'],"Classification of ordinal data is one of the most important tasks of relation
learning. In this thesis a novel framework for ordered classes is proposed. The
technique reduces the problem of classifying ordered classes to the standard
two-class problem. The introduced method is then mapped into support vector
machines and neural networks. Compared with a well-known approach using
pairwise objects as training samples, the new algorithm has a reduced
complexity and training time. A second novel model, the unimodal model, is also
introduced and a parametric version is mapped into neural networks. Several
case studies are presented to assert the validity of the proposed models.",['cs.AI']
http://arxiv.org/abs/cs/0606020v2,Imagination as Holographic Processor for Text Animation,"['Vadim Astakhov', 'Tamara Astakhova', 'Brian Sanders']","Imagination is the critical point in developing of realistic artificial
intelligence (AI) systems. One way to approach imagination would be simulation
of its properties and operations. We developed two models: AI-Brain Network
Hierarchy of Languages and Semantical Holographic Calculus as well as
simulation system ScriptWriter that emulate the process of imagination through
an automatic animation of English texts. The purpose of this paper is to
demonstrate the model and to present ScriptWriter system
http://nvo.sdsc.edu/NVO/JCSG/get_SRB_mime_file2.cgi//home/tamara.sdsc/test/demo.zip?F=/home/tamara.sdsc/test/demo.zip&M=application/x-gtar
for simulation of the imagination.",['cs.AI']
http://arxiv.org/abs/cs/0606029v1,Belief Calculus,['Audun Josang'],"In Dempster-Shafer belief theory, general beliefs are expressed as belief
mass distribution functions over frames of discernment. In Subjective Logic
beliefs are expressed as belief mass distribution functions over binary frames
of discernment. Belief representations in Subjective Logic, which are called
opinions, also contain a base rate parameter which express the a priori belief
in the absence of evidence. Philosophically, beliefs are quantitative
representations of evidence as perceived by humans or by other intelligent
agents. The basic operators of classical probability calculus, such as addition
and multiplication, can be applied to opinions, thereby making belief calculus
practical. Through the equivalence between opinions and Beta probability
density functions, this also provides a calculus for Beta probability density
functions. This article explains the basic elements of belief calculus.",['cs.AI']
http://arxiv.org/abs/cs/0606066v1,The Cumulative Rule for Belief Fusion,['Audun Josang'],"The problem of combining beliefs in the Dempster-Shafer belief theory has
attracted considerable attention over the last two decades. The classical
Dempster's Rule has often been criticised, and many alternative rules for
belief combination have been proposed in the literature. The consensus operator
for combining beliefs has nice properties and produces more intuitive results
than Dempster's rule, but has the limitation that it can only be applied to
belief distribution functions on binary state spaces. In this paper we present
a generalisation of the consensus operator that can be applied to Dirichlet
belief functions on state spaces of arbitrary size. This rule, called the
cumulative rule of belief combination, can be derived from classical
statistical theory, and corresponds well with human intuition.",['cs.AI']
http://arxiv.org/abs/cs/0606081v3,New Millennium AI and the Convergence of History,['Juergen Schmidhuber'],"Artificial Intelligence (AI) has recently become a real formal science: the
new millennium brought the first mathematically sound, asymptotically optimal,
universal problem solvers, providing a new, rigorous foundation for the
previously largely heuristic field of General AI and embedded agents. At the
same time there has been rapid progress in practical methods for learning true
sequence-processing programs, as opposed to traditional methods limited to
stationary pattern association. Here we will briefly review some of the new
results, and speculate about future developments, pointing out that the time
intervals between the most notable events in over 40,000 years or 2^9 lifetimes
of human history have sped up exponentially, apparently converging to zero
within the next few decades. Or is this impression just a by-product of the way
humans allocate memory space to past events?","['cs.AI', 'I.2']"
http://arxiv.org/abs/cs/0607005v2,Belief Conditioning Rules (BCRs),"['Florentin Smarandache', 'Jean Dezert']","In this paper we propose a new family of Belief Conditioning Rules (BCRs) for
belief revision. These rules are not directly related with the fusion of
several sources of evidence but with the revision of a belief assignment
available at a given time according to the new truth (i.e. conditioning
constraint) one has about the space of solutions of the problem.","['cs.AI', 'I.4.8']"
http://arxiv.org/abs/cs/0607071v1,Islands for SAT,"['H. Fang', 'Y. Kilani', 'J. H. M. Lee', 'P. J. Stuckey']","In this note we introduce the notion of islands for restricting local search.
We show how we can construct islands for CNF SAT problems, and how much search
space can be eliminated by restricting search to the island.",['cs.AI']
http://arxiv.org/abs/cs/0607084v1,About Norms and Causes,"['Daniel Kayser', 'Farid Nouioua']","Knowing the norms of a domain is crucial, but there exist no repository of
norms. We propose a method to extract them from texts: texts generally do not
describe a norm, but rather how a state-of-affairs differs from it. Answers
concerning the cause of the state-of-affairs described often reveal the
implicit norm. We apply this idea to the domain of driving, and validate it by
designing algorithms that identify, in a text, the ""basic"" norms to which it
refers implicitly.",['cs.AI']
http://arxiv.org/abs/cs/0607086v1,Representing Knowledge about Norms,"['Daniel Kayser', 'Farid Nouioua']","Norms are essential to extend inference: inferences based on norms are far
richer than those based on logical implications. In the recent decades, much
effort has been devoted to reason on a domain, once its norms are represented.
How to extract and express those norms has received far less attention.
Extraction is difficult: as the readers are supposed to know them, the norms of
a domain are seldom made explicit. For one thing, extracting norms requires a
language to represent them, and this is the topic of this paper. We apply this
language to represent norms in the domain of driving, and show that it is
adequate to reason on the causes of accidents, as described by car-crash
reports.",['cs.AI']
http://arxiv.org/abs/cs/0607143v1,"Target Type Tracking with PCR5 and Dempster's rules: A Comparative
  Analysis","['Jean Dezert', 'Albena Tchamova', 'Florentin Smarandache', 'Pavlina Konstantinova']","In this paper we consider and analyze the behavior of two combinational rules
for temporal (sequential) attribute data fusion for target type estimation. Our
comparative analysis is based on Dempster's fusion rule proposed in
Dempster-Shafer Theory (DST) and on the Proportional Conflict Redistribution
rule no. 5 (PCR5) recently proposed in Dezert-Smarandache Theory (DSmT). We
show through very simple scenario and Monte-Carlo simulation, how PCR5 allows a
very efficient Target Type Tracking and reduces drastically the latency delay
for correct Target Type decision with respect to Demspter's rule. For cases
presenting some short Target Type switches, Demspter's rule is proved to be
unable to detect the switches and thus to track correctly the Target Type
changes. The approach proposed here is totally new, efficient and promising to
be incorporated in real-time Generalized Data Association - Multi Target
Tracking systems (GDA-MTT) and provides an important result on the behavior of
PCR5 with respect to Dempster's rule. The MatLab source code is provided in","['cs.AI', 'I.4.8']"
http://arxiv.org/abs/cs/0607147v2,Fusion of qualitative beliefs using DSmT,"['Florentin Smarandache', 'Jean Dezert']","This paper introduces the notion of qualitative belief assignment to model
beliefs of human experts expressed in natural language (with linguistic
labels). We show how qualitative beliefs can be efficiently combined using an
extension of Dezert-Smarandache Theory (DSmT) of plausible and paradoxical
quantitative reasoning to qualitative reasoning. We propose a new arithmetic on
linguistic labels which allows a direct extension of classical DSm fusion rule
or DSm Hybrid rules. An approximate qualitative PCR5 rule is also proposed
jointly with a Qualitative Average Operator. We also show how crisp or interval
mappings can be used to deal indirectly with linguistic labels. A very simple
example is provided to illustrate our qualitative fusion rules.","['cs.AI', 'I.4.8']"
http://arxiv.org/abs/cs/0608002v1,"An Introduction to the DSm Theory for the Combination of Paradoxical,
  Uncertain, and Imprecise Sources of Information","['Florentin Smarandache', 'Jean Dezert']","The management and combination of uncertain, imprecise, fuzzy and even
paradoxical or high conflicting sources of information has always been, and
still remains today, of primal importance for the development of reliable
modern information systems involving artificial reasoning. In this
introduction, we present a survey of our recent theory of plausible and
paradoxical reasoning, known as Dezert-Smarandache Theory (DSmT) in the
literature, developed for dealing with imprecise, uncertain and paradoxical
sources of information. We focus our presentation here rather on the
foundations of DSmT, and on the two important new rules of combination, than on
browsing specific applications of DSmT available in literature. Several simple
examples are given throughout the presentation to show the efficiency and the
generality of this new approach.","['cs.AI', 'I.4.8']"
http://arxiv.org/abs/cs/0608019v1,Relation Variables in Qualitative Spatial Reasoning,['Sebastian Brand'],"We study an alternative to the prevailing approach to modelling qualitative
spatial reasoning (QSR) problems as constraint satisfaction problems. In the
standard approach, a relation between objects is a constraint whereas in the
alternative approach it is a variable. The relation-variable approach greatly
simplifies integration and implementation of QSR. To substantiate this point,
we discuss several QSR algorithms from the literature which in the
relation-variable approach reduce to the customary constraint propagation
algorithm enforcing generalised arc-consistency.",['cs.AI']
http://arxiv.org/abs/cs/0608028v1,Using Sets of Probability Measures to Represent Uncertainty,['Joseph Y. Halpern'],"I explore the use of sets of probability measures as a representation of
uncertainty.","['cs.AI', 'I.2.4']"
http://arxiv.org/abs/cs/0609111v2,"A State-Based Regression Formulation for Domains with Sensing
  Actions<br> and Incomplete Information","['Le-Chi Tuan', 'Chitta Baral', 'Tran Cao Son']","We present a state-based regression function for planning domains where an
agent does not have complete information and may have sensing actions. We
consider binary domains and employ a three-valued characterization of domains
with sensing actions to define the regression function. We prove the soundness
and completeness of our regression formulation with respect to the definition
of progression. More specifically, we show that (i) a plan obtained through
regression for a planning problem is indeed a progression solution of that
planning problem, and that (ii) for each plan found through progression, using
regression one obtains that plan or an equivalent one.","['cs.AI', 'I.2.4; I.2.8']"
http://arxiv.org/abs/cs/0609132v1,Semantic Description of Parameters in Web Service Annotations,['Jochen Gruber'],"A modification of OWL-S regarding parameter description is proposed. It is
strictly based on Description Logic. In addition to class description of
parameters it also allows the modelling of relations between parameters and the
precise description of the size of data to be supplied to a service. In
particular, it solves two major issues identified within current proposals for
a Semantic Web Service annotation standard.","['cs.AI', 'F.3.0']"
http://arxiv.org/abs/cs/0609136v1,The ALVIS Format for Linguistically Annotated Documents,"['Adeline Nazarenko', 'Erick Alphonse', 'Julien Derivière', 'Thierry Hamon', 'Guillaume Vauvert', 'Davy Weissenbacher']","The paper describes the ALVIS annotation format designed for the indexing of
large collections of documents in topic-specific search engines. This paper is
exemplified on the biological domain and on MedLine abstracts, as developing a
specialized search engine for biologists is one of the ALVIS case studies. The
ALVIS principle for linguistic annotations is based on existing works and
standard propositions. We made the choice of stand-off annotations rather than
inserted mark-up. Annotations are encoded as XML elements which form the
linguistic subsection of the document record.","['cs.AI', 'H.3.1']"
http://arxiv.org/abs/cs/0609142v1,Modular self-organization,['Bruno Scherrer'],"The aim of this paper is to provide a sound framework for addressing a
difficult problem: the automatic construction of an autonomous agent's modular
architecture. We combine results from two apparently uncorrelated domains:
Autonomous planning through Markov Decision Processes and a General Data
Clustering Approach using a kernel-like method. Our fundamental idea is that
the former is a good framework for addressing autonomy whereas the latter
allows to tackle self-organizing problems.",['cs.AI']
http://arxiv.org/abs/cs/0610006v2,"A Typed Hybrid Description Logic Programming Language with Polymorphic
  Order-Sorted DL-Typed Unification for Semantic Web Type Systems",['Adrian Paschke'],"In this paper we elaborate on a specific application in the context of hybrid
description logic programs (hybrid DLPs), namely description logic Semantic Web
type systems (DL-types) which are used for term typing of LP rules based on a
polymorphic, order-sorted, hybrid DL-typed unification as procedural semantics
of hybrid DLPs. Using Semantic Web ontologies as type systems facilitates
interchange of domain-independent rules over domain boundaries via dynamically
typing and mapping of explicitly defined type ontologies.","['cs.AI', 'F.3; H.2; I.2; D.2']"
http://arxiv.org/abs/cs/0610015v1,Why did the accident happen? A norm-based reasoning approach,['Farid Nouioua'],"In this paper we describe an architecture of a system that answer the
question : Why did the accident happen? from the textual description of an
accident. We present briefly the different parts of the architecture and then
we describe with more detail the semantic part of the system i.e. the part in
which the norm-based reasoning is performed on the explicit knowlege extracted
from the text.",['cs.AI']
http://arxiv.org/abs/cs/0610023v1,Une expérience de sémantique inférentielle,"['Farid Nouioua', 'Daniel Kayser']","We develop a system which must be able to perform the same inferences that a
human reader of an accident report can do and more particularly to determine
the apparent causes of the accident. We describe the general framework in which
we are situated, linguistic and semantic levels of the analysis and the
inference rules used by the system.",['cs.AI']
http://arxiv.org/abs/cs/0610043v1,"Farthest-Point Heuristic based Initialization Methods for K-Modes
  Clustering",['Zengyou He'],"The k-modes algorithm has become a popular technique in solving categorical
data clustering problems in different application domains. However, the
algorithm requires random selection of initial points for the clusters.
Different initial points often lead to considerable distinct clustering
results. In this paper we present an experimental study on applying a
farthest-point heuristic based initialization method to k-modes clustering to
improve its performance. Experiments show that new initialization method leads
to better clustering accuracy than random selection initialization method for
k-modes clustering.",['cs.AI']
http://arxiv.org/abs/cs/0610060v1,Comparing Typical Opening Move Choices Made by Humans and Chess Engines,"['Mark Levene', 'Judit Bar-Ilan']","The opening book is an important component of a chess engine, and thus
computer chess programmers have been developing automated methods to improve
the quality of their books. For chess, which has a very rich opening theory,
large databases of high-quality games can be used as the basis of an opening
book, from which statistics relating to move choices from given positions can
be collected. In order to find out whether the opening books used by modern
chess engines in machine versus machine competitions are ``comparable'' to
those used by chess players in human versus human competitions, we carried out
analysis on 26 test positions using statistics from two opening books one
compiled from humans' games and the other from machines' games. Our analysis
using several nonparametric measures, shows that, overall, there is a strong
association between humans' and machines' choices of opening moves when using a
book to guide their choices.","['cs.AI', 'I.2.0']"
http://arxiv.org/abs/cs/0610111v3,Local approximate inference algorithms,"['Kyomin Jung', 'Devavrat Shah']","We present a new local approximation algorithm for computing Maximum a
Posteriori (MAP) and log-partition function for arbitrary exponential family
distribution represented by a finite-valued pair-wise Markov random field
(MRF), say $G$. Our algorithm is based on decomposition of $G$ into {\em
appropriately} chosen small components; then computing estimates locally in
each of these components and then producing a {\em good} global solution. We
show that if the underlying graph $G$ either excludes some finite-sized graph
as its minor (e.g. Planar graph) or has low doubling dimension (e.g. any graph
with {\em geometry}), then our algorithm will produce solution for both
questions within {\em arbitrary accuracy}. We present a message-passing
implementation of our algorithm for MAP computation using self-avoiding walk of
graph. In order to evaluate the computational cost of this implementation, we
derive novel tight bounds on the size of self-avoiding walk tree for arbitrary
graph.
  As a consequence of our algorithmic result, we show that the normalized
log-partition function (also known as free-energy) for a class of {\em regular}
MRFs will converge to a limit, that is computable to an arbitrary accuracy.",['cs.AI']
http://arxiv.org/abs/cs/0610140v1,Constant for associative patterns ensemble,"['Leonid Makarov', 'Peter Komarov']","Creation procedure of associative patterns ensemble in terms of formal logic
with using neural net-work (NN) model is formulated. It is shown that the
associative patterns set is created by means of unique procedure of NN work
which having individual parameters of entrance stimulus transformation. It is
ascer-tained that the quantity of the selected associative patterns possesses
is a constant.","['cs.AI', 'I.2.6']"
http://arxiv.org/abs/cs/0610156v1,Adaptation Knowledge Discovery from a Case Base,"[""Mathieu D'Aquin"", 'Fadi Badra', 'Sandrine Lafrogne', 'Jean Lieber', 'Amedeo Napoli', 'Laszlo Szathmary']","In case-based reasoning, the adaptation step depends in general on
domain-dependent knowledge, which motivates studies on adaptation knowledge
acquisition (AKA). CABAMAKA is an AKA system based on principles of knowledge
discovery from databases. This system explores the variations within the case
base to elicit adaptation knowledge. It has been successfully tested in an
application of case-based decision support to breast cancer treatment.",['cs.AI']
http://arxiv.org/abs/cs/0610165v1,Decentralized Failure Diagnosis of Stochastic Discrete Event Systems,"['Fuchun Liu', 'Daowen Qiu', 'Hongyan Xing', 'Zhujun Fan']","Recently, the diagnosability of {\it stochastic discrete event systems}
(SDESs) was investigated in the literature, and, the failure diagnosis
considered was {\it centralized}. In this paper, we propose an approach to {\it
decentralized} failure diagnosis of SDESs, where the stochastic system uses
multiple local diagnosers to detect failures and each local diagnoser possesses
its own information. In a way, the centralized failure diagnosis of SDESs can
be viewed as a special case of the decentralized failure diagnosis presented in
this paper with only one projection. The main contributions are as follows: (1)
We formalize the notion of codiagnosability for stochastic automata, which
means that a failure can be detected by at least one local stochastic diagnoser
within a finite delay. (2) We construct a codiagnoser from a given stochastic
automaton with multiple projections, and the codiagnoser associated with the
local diagnosers is used to test codiagnosability condition of SDESs. (3) We
deal with a number of basic properties of the codiagnoser. In particular, a
necessary and sufficient condition for the codiagnosability of SDESs is
presented. (4) We give a computing method in detail to check whether
codiagnosability is violated. And (5) some examples are described to illustrate
the applications of the codiagnosability and its computing method.","['cs.AI', 'F.1.2; I.2.8; G.3; I.6.8']"
http://arxiv.org/abs/cs/0610175v1,DSmT: A new paradigm shift for information fusion,"['Jean Dezert', 'Florentin Smarandache']","The management and combination of uncertain, imprecise, fuzzy and even
paradoxical or high conflicting sources of information has always been and
still remains of primal importance for the development of reliable information
fusion systems. In this short survey paper, we present the theory of plausible
and paradoxical reasoning, known as DSmT (Dezert-Smarandache Theory) in
literature, developed for dealing with imprecise, uncertain and potentially
highly conflicting sources of information. DSmT is a new paradigm shift for
information fusion and recent publications have shown the interest and the
potential ability of DSmT to solve fusion problems where Dempster's rule used
in Dempster-Shafer Theory (DST) provides counter-intuitive results or fails to
provide useful result at all. This paper is focused on the foundations of DSmT
and on its main rules of combination (classic, hybrid and Proportional Conflict
Redistribution rules). Shafer's model on which is based DST appears as a
particular and specific case of DSm hybrid model which can be easily handled by
DSmT as well. Several simple but illustrative examples are given throughout
this paper to show the interest and the generality of this new theory.","['cs.AI', 'I.4.8']"
http://arxiv.org/abs/cs/0611047v1,"The Reaction RuleML Classification of the Event / Action / State
  Processing and Reasoning Space",['Adrian Paschke'],"Reaction RuleML is a general, practical, compact and user-friendly
XML-serialized language for the family of reaction rules. In this white paper
we give a review of the history of event / action /state processing and
reaction rule approaches and systems in different domains, define basic
concepts and give a classification of the event, action, state processing and
reasoning space as well as a discussion of relevant / related work","['cs.AI', 'I.2; I.2.11; F.3; H.2.4']"
http://arxiv.org/abs/cs/0611085v1,"Fuzzy Logic Classification of Imaging Laser Desorption Fourier Transform
  Mass Spectrometry Data","['Timothy R. McJunkin', 'Jill R. Scott']","A fuzzy logic based classification engine has been developed for classifying
mass spectra obtained with an imaging internal source Fourier transform mass
spectrometer (I^2LD-FTMS). Traditionally, an operator uses the relative
abundance of ions with specific mass-to-charge (m/z) ratios to categorize
spectra. An operator does this by comparing the spectrum of m/z versus
abundance of an unknown sample against a library of spectra from known samples.
Automated positioning and acquisition allow I^2LD-FTMS to acquire data from
very large grids, this would require classification of up to 3600 spectrum per
hour to keep pace with the acquisition. The tedious job of classifying numerous
spectra generated in an I^2LD-FTMS imaging application can be replaced by a
fuzzy rule base if the cues an operator uses can be encapsulated. We present
the translation of linguistic rules to a fuzzy classifier for mineral phases in
basalt. This paper also describes a method for gathering statistics on ions,
which are not currently used in the rule base, but which may be candidates for
making the rule base more accurate and complete or to form new rule bases based
on data obtained from known samples. A spatial method for classifying spectra
with low membership values, based on neighboring sample classifications, is
also presented.",['cs.AI']
http://arxiv.org/abs/cs/0611118v2,A Neutrosophic Description Logic,"['Haibin Wang', 'Andre Rogatko', 'Florentin Smarandache', 'Rajshekhar Sunderraman']","Description Logics (DLs) are appropriate, widely used, logics for managing
structured knowledge. They allow reasoning about individuals and concepts, i.e.
set of individuals with common properties. Typically, DLs are limited to
dealing with crisp, well defined concepts. That is, concepts for which the
problem whether an individual is an instance of it is yes/no question. More
often than not, the concepts encountered in the real world do not have a
precisely defined criteria of membership: we may say that an individual is an
instance of a concept only to a certain degree, depending on the individual's
properties. The DLs that deal with such fuzzy concepts are called fuzzy DLs. In
order to deal with fuzzy, incomplete, indeterminate and inconsistent concepts,
we need to extend the fuzzy DLs, combining the neutrosophic logic with a
classical DL. In particular, concepts become neutrosophic (here neutrosophic
means fuzzy, incomplete, indeterminate, and inconsistent), thus reasoning about
neutrosophic concepts is supported. We'll define its syntax, its semantics, and
describe its properties.","['cs.AI', 'F.4.1']"
http://arxiv.org/abs/cs/0611135v1,"Genetic Programming for Kernel-based Learning with Co-evolving Subsets
  Selection","['Christian Gagné', 'Marc Schoenauer', 'Michèle Sebag', 'Marco Tomassini']","Support Vector Machines (SVMs) are well-established Machine Learning (ML)
algorithms. They rely on the fact that i) linear learning can be formalized as
a well-posed optimization problem; ii) non-linear learning can be brought into
linear learning thanks to the kernel trick and the mapping of the initial
search space onto a high dimensional feature space. The kernel is designed by
the ML expert and it governs the efficiency of the SVM approach. In this paper,
a new approach for the automatic design of kernels by Genetic Programming,
called the Evolutionary Kernel Machine (EKM), is presented. EKM combines a
well-founded fitness function inspired from the margin criterion, and a
co-evolution framework ensuring the computational scalability of the approach.
Empirical validation on standard ML benchmark demonstrates that EKM is
competitive using state-of-the-art SVMs with tuned hyper-parameters.",['cs.AI']
http://arxiv.org/abs/cs/0611138v1,"Functional Brain Imaging with Multi-Objective Multi-Modal Evolutionary
  Optimization","['Vojtech Krmicek', 'Michèle Sebag']","Functional brain imaging is a source of spatio-temporal data mining problems.
A new framework hybridizing multi-objective and multi-modal optimization is
proposed to formalize these data mining problems, and addressed through
Evolutionary Computation (EC). The merits of EC for spatio-temporal data mining
are demonstrated as the approach facilitates the modelling of the experts'
requirements, and flexibly accommodates their changing goals.",['cs.AI']
http://arxiv.org/abs/cs/0611141v1,A Generic Global Constraint based on MDDs,"['Peter Tiedemann', 'Henrik Reif Andersen', 'Rasmus Pagh']","The paper suggests the use of Multi-Valued Decision Diagrams (MDDs) as the
supporting data structure for a generic global constraint. We give an algorithm
for maintaining generalized arc consistency (GAC) on this constraint that
amortizes the cost of the GAC computation over a root-to-terminal path in the
search tree. The technique used is an extension of the GAC algorithm for the
regular language constraint on finite length input. Our approach adds support
for skipped variables, maintains the reduced property of the MDD dynamically
and provides domain entailment detection. Finally we also show how to adapt the
approach to constraint types that are closely related to MDDs, such as AOMDDs
and Case DAGs.",['cs.AI']
http://arxiv.org/abs/cs/0612056v1,Conscious Intelligent Systems - Part 1 : I X I,['U. Gayathree'],"Did natural consciousness and intelligent systems arise out of a path that
was co-evolutionary to evolution? Can we explain human self-consciousness as
having risen out of such an evolutionary path? If so how could it have been?
  In this first part of a two-part paper (titled IXI), we take a learning
system perspective to the problem of consciousness and intelligent systems, an
approach that may look unseasonable in this age of fMRI's and high tech
neuroscience.
  We posit conscious intelligent systems in natural environments and wonder how
natural factors influence their design paths. Such a perspective allows us to
explain seamlessly a variety of natural factors, factors ranging from the rise
and presence of the human mind, man's sense of I, his self-consciousness and
his looping thought processes to factors like reproduction, incubation,
extinction, sleep, the richness of natural behavior, etc. It even allows us to
speculate on a possible human evolution scenario and other natural phenomena.",['cs.AI']
http://arxiv.org/abs/cs/0612057v1,"Conscious Intelligent Systems - Part II - Mind, Thought, Language and
  Understanding",['U. Gayathree'],"This is the second part of a paper on Conscious Intelligent Systems. We use
the understanding gained in the first part (Conscious Intelligent Systems Part
1: IXI (arxiv id cs.AI/0612056)) to look at understanding. We see how the
presence of mind affects understanding and intelligent systems; we see that the
presence of mind necessitates language. The rise of language in turn has
important effects on understanding. We discuss the humanoid question and how
the question of self-consciousness (and by association mind/thought/language)
would affect humanoids too.",['cs.AI']
http://arxiv.org/abs/cs/0612068v1,Interactive Configuration by Regular String Constraints,"['Esben Rune Hansen', 'Henrik Reif Andersen']","A product configurator which is complete, backtrack free and able to compute
the valid domains at any state of the configuration can be constructed by
building a Binary Decision Diagram (BDD). Despite the fact that the size of the
BDD is exponential in the number of variables in the worst case, BDDs have
proved to work very well in practice. Current BDD-based techniques can only
handle interactive configuration with small finite domains. In this paper we
extend the approach to handle string variables constrained by regular
expressions. The user is allowed to change the strings by adding letters at the
end of the string. We show how to make a data structure that can perform fast
valid domain computations given some assignment on the set of string variables.
  We first show how to do this by using one large DFA. Since this approach is
too space consuming to be of practical use, we construct a data structure that
simulates the large DFA and in most practical cases are much more space
efficient. As an example a configuration problem on $n$ string variables with
only one solution in which each string variable is assigned to a value of
length of $k$ the former structure will use $\Omega(k^n)$ space whereas the
latter only need $O(kn)$. We also show how this framework easily can be
combined with the recent BDD techniques to allow both boolean, integer and
string variables in the configuration problem.",['cs.AI']
http://arxiv.org/abs/cs/0612109v2,Truncating the loop series expansion for Belief Propagation,"['Vicenc Gomez', 'J. M. Mooij', 'H. J. Kappen']","Recently, M. Chertkov and V.Y. Chernyak derived an exact expression for the
partition sum (normalization constant) corresponding to a graphical model,
which is an expansion around the Belief Propagation solution. By adding
correction terms to the BP free energy, one for each ""generalized loop"" in the
factor graph, the exact partition sum is obtained. However, the usually
enormous number of generalized loops generally prohibits summation over all
correction terms. In this article we introduce Truncated Loop Series BP
(TLSBP), a particular way of truncating the loop series of M. Chertkov and V.Y.
Chernyak by considering generalized loops as compositions of simple loops. We
analyze the performance of TLSBP in different scenarios, including the Ising
model, regular random graphs and on Promedas, a large probabilistic medical
diagnostic system. We show that TLSBP often improves upon the accuracy of the
BP solution, at the expense of increased computation time. We also show that
the performance of TLSBP strongly depends on the degree of interaction between
the variables. For weak interactions, truncating the series leads to
significant improvements, whereas for strong interactions it can be
ineffective, even if a high number of terms is considered.",['cs.AI']
http://arxiv.org/abs/cs/0701013v1,Attribute Value Weighting in K-Modes Clustering,"['Zengyou He', 'Xaiofei Xu', 'Shengchun Deng']","In this paper, the traditional k-modes clustering algorithm is extended by
weighting attribute value matches in dissimilarity computation. The use of
attribute value weighting technique makes it possible to generate clusters with
stronger intra-similarities, and therefore achieve better clustering
performance. Experimental results on real life datasets show that these value
weighting based k-modes algorithms are superior to the standard k-modes
algorithm with respect to clustering accuracy.",['cs.AI']
http://arxiv.org/abs/cs/0701184v2,"Structure and Problem Hardness: Goal Asymmetry and DPLL Proofs in<br>
  SAT-Based Planning","['Joerg Hoffmann', 'Carla Gomes', 'Bart Selman']","In Verification and in (optimal) AI Planning, a successful method is to
formulate the application as boolean satisfiability (SAT), and solve it with
state-of-the-art DPLL-based procedures. There is a lack of understanding of why
this works so well. Focussing on the Planning context, we identify a form of
problem structure concerned with the symmetrical or asymmetrical nature of the
cost of achieving the individual planning goals. We quantify this sort of
structure with a simple numeric parameter called AsymRatio, ranging between 0
and 1. We run experiments in 10 benchmark domains from the International
Planning Competitions since 2000; we show that AsymRatio is a good indicator of
SAT solver performance in 8 of these domains. We then examine carefully crafted
synthetic planning domains that allow control of the amount of structure, and
that are clean enough for a rigorous analysis of the combinatorial search
space. The domains are parameterized by size, and by the amount of structure.
The CNFs we examine are unsatisfiable, encoding one planning step less than the
length of the optimal plan. We prove upper and lower bounds on the size of the
best possible DPLL refutations, under different settings of the amount of
structure, as a function of size. We also identify the best possible sets of
branching variables (backdoors). With minimum AsymRatio, we prove exponential
lower bounds, and identify minimal backdoors of size linear in the number of
variables. With maximum AsymRatio, we identify logarithmic DPLL refutations
(and backdoors), showing a doubly exponential gap between the two structural
extreme cases. The reasons for this behavior -- the proof arguments --
illuminate the prototypical patterns of structure causing the empirical
behavior observed in the competition benchmarks.","['cs.AI', 'I.2.8; I.2.3']"
http://arxiv.org/abs/cs/0702028v2,Uniform and Partially Uniform Redistribution Rules,"['Florentin Smarandache', 'Jean Dezert']","This short paper introduces two new fusion rules for combining quantitative
basic belief assignments. These rules although very simple have not been
proposed in literature so far and could serve as useful alternatives because of
their low computation cost with respect to the recent advanced Proportional
Conflict Redistribution rules developed in the DSmT framework.","['cs.AI', 'I.4.8']"
http://arxiv.org/abs/cs/0702170v1,Generic Global Constraints based on MDDs,"['Peter Tiedemann', 'Henrik Reif Andersen', 'Rasmus Pagh']","Constraint Programming (CP) has been successfully applied to both constraint
satisfaction and constraint optimization problems. A wide variety of
specialized global constraints provide critical assistance in achieving a good
model that can take advantage of the structure of the problem in the search for
a solution. However, a key outstanding issue is the representation of 'ad-hoc'
constraints that do not have an inherent combinatorial nature, and hence are
not modeled well using narrowly specialized global constraints. We attempt to
address this issue by considering a hybrid of search and compilation.
Specifically we suggest the use of Reduced Ordered Multi-Valued Decision
Diagrams (ROMDDs) as the supporting data structure for a generic global
constraint. We give an algorithm for maintaining generalized arc consistency
(GAC) on this constraint that amortizes the cost of the GAC computation over a
root-to-leaf path in the search tree without requiring asymptotically more
space than used for the MDD. Furthermore we present an approach for
incrementally maintaining the reduced property of the MDD during the search,
and show how this can be used for providing domain entailment detection.
Finally we discuss how to apply our approach to other similar data structures
such as AOMDDs and Case DAGs. The technique used can be seen as an extension of
the GAC algorithm for the regular language constraint on finite length input.",['cs.AI']
http://arxiv.org/abs/cs/0703060v1,"Redesigning Decision Matrix Method with an indeterminacy-based inference
  process","['Jose L. Salmeron', 'Florentin Smarandache']","For academics and practitioners concerned with computers, business and
mathematics, one central issue is supporting decision makers. In this paper, we
propose a generalization of Decision Matrix Method (DMM), using Neutrosophic
logic. It emerges as an alternative to the existing logics and it represents a
mathematical model of uncertainty and indeterminacy. This paper proposes the
Neutrosophic Decision Matrix Method as a more realistic tool for decision
making. In addition, a de-neutrosophication process is included.","['cs.AI', 'I.2.11']"
http://arxiv.org/abs/cs/0703124v1,Modelling Complexity in Musical Rhythm,"['Cheng-Yuan Liou', 'Tai-Hei Wu', 'Chia-Ying Lee']","This paper constructs a tree structure for the music rhythm using the
L-system. It models the structure as an automata and derives its complexity. It
also solves the complexity for the L-system. This complexity can resolve the
similarity between trees. This complexity serves as a measure of psychological
complexity for rhythms. It resolves the music complexity of various
compositions including the Mozart effect K488.
  Keyword: music perception, psychological complexity, rhythm, L-system,
automata, temporal associative memory, inverse problem, rewriting rule,
bracketed string, tree similarity",['cs.AI']
http://arxiv.org/abs/cs/0703130v1,"Space-contained conflict revision, for geographic information","['Omar Doukari', 'Robert Jeansoulin']","Using qualitative reasoning with geographic information, contrarily, for
instance, with robotics, looks not only fastidious (i.e.: encoding knowledge
Propositional Logics PL), but appears to be computational complex, and not
tractable at all, most of the time. However, knowledge fusion or revision, is a
common operation performed when users merge several different data sets in a
unique decision making process, without much support. Introducing logics would
be a great improvement, and we propose in this paper, means for deciding -a
priori- if one application can benefit from a complete revision, under only the
assumption of a conjecture that we name the ""containment conjecture"", which
limits the size of the minimal conflicts to revise. We demonstrate that this
conjecture brings us the interesting computational property of performing a
not-provable but global, revision, made of many local revisions, at a tractable
size. We illustrate this approach on an application.",['cs.AI']
http://arxiv.org/abs/cs/0703156v1,Case Base Mining for Adaptation Knowledge Acquisition,"[""Mathieu D'Aquin"", 'Fadi Badra', 'Sandrine Lafrogne', 'Jean Lieber', 'Amedeo Napoli', 'Laszlo Szathmary']","In case-based reasoning, the adaptation of a source case in order to solve
the target problem is at the same time crucial and difficult to implement. The
reason for this difficulty is that, in general, adaptation strongly depends on
domain-dependent knowledge. This fact motivates research on adaptation
knowledge acquisition (AKA). This paper presents an approach to AKA based on
the principles and techniques of knowledge discovery from databases and
data-mining. It is implemented in CABAMAKA, a system that explores the
variations within the case base to elicit adaptation knowledge. This system has
been successfully tested in an application of case-based reasoning to decision
support in the domain of breast cancer treatment.",['cs.AI']
http://arxiv.org/abs/0704.1394v1,Calculating Valid Domains for BDD-Based Interactive Configuration,"['Tarik Hadzic', 'Rune Moller Jensen', 'Henrik Reif Andersen']","In these notes we formally describe the functionality of Calculating Valid
Domains from the BDD representing the solution space of valid configurations.
The formalization is largely based on the CLab configuration framework.",['cs.AI']
http://arxiv.org/abs/0704.2010v2,A study of structural properties on profiles HMMs,"['Juliana S Bernardes', 'Alberto Davila', 'Vitor Santos Costa', 'Gerson Zaverucha']","Motivation: Profile hidden Markov Models (pHMMs) are a popular and very
useful tool in the detection of the remote homologue protein families.
Unfortunately, their performance is not always satisfactory when proteins are
in the 'twilight zone'. We present HMMER-STRUCT, a model construction algorithm
and tool that tries to improve pHMM performance by using structural information
while training pHMMs. As a first step, HMMER-STRUCT constructs a set of pHMMs.
Each pHMM is constructed by weighting each residue in an aligned protein
according to a specific structural property of the residue. Properties used
were primary, secondary and tertiary structures, accessibility and packing.
HMMER-STRUCT then prioritizes the results by voting. Results: We used the SCOP
database to perform our experiments. Throughout, we apply leave-one-family-out
cross-validation over protein superfamilies. First, we used the MAMMOTH-mult
structural aligner to align the training set proteins. Then, we performed two
sets of experiments. In a first experiment, we compared structure weighted
models against standard pHMMs and against each other. In a second experiment,
we compared the voting model against individual pHMMs. We compare method
performance through ROC curves and through Precision/Recall curves, and assess
significance through the paired two tailed t-test. Our results show significant
performance improvements of all structurally weighted models over default
HMMER, and a significant improvement in sensitivity of the combined models over
both the original model and the structurally weighted models.","['cs.AI', 'J.3']"
http://arxiv.org/abs/0704.3433v1,Bayesian approach to rough set,"['Tshilidzi Marwala', 'Bodie Crossingham']","This paper proposes an approach to training rough set models using Bayesian
framework trained using Markov Chain Monte Carlo (MCMC) method. The prior
probabilities are constructed from the prior knowledge that good rough set
models have fewer rules. Markov Chain Monte Carlo sampling is conducted through
sampling in the rough set granule space and Metropolis algorithm is used as an
acceptance criteria. The proposed method is tested to estimate the risk of HIV
given demographic data. The results obtained shows that the proposed approach
is able to achieve an average accuracy of 58% with the accuracy varying up to
66%. In addition the Bayesian rough set give the probabilities of the estimated
HIV status as well as the linguistic rules describing how the demographic
parameters drive the risk of HIV.","['cs.AI', 'I.2.6']"
http://arxiv.org/abs/0704.3515v1,"Comparing Robustness of Pairwise and Multiclass Neural-Network Systems
  for Face Recognition","['J. Uglov', 'V. Schetinin', 'C. Maple']","Noise, corruptions and variations in face images can seriously hurt the
performance of face recognition systems. To make such systems robust,
multiclass neuralnetwork classifiers capable of learning from noisy data have
been suggested. However on large face data sets such systems cannot provide the
robustness at a high level. In this paper we explore a pairwise neural-network
system as an alternative approach to improving the robustness of face
recognition. In our experiments this approach is shown to outperform the
multiclass neural-network system in terms of the predictive accuracy on the
face images corrupted by noise.",['cs.AI']
http://arxiv.org/abs/0704.3905v1,Ensemble Learning for Free with Evolutionary Algorithms ?,"['Christian Gagné', 'Michèle Sebag', 'Marc Schoenauer', 'Marco Tomassini']","Evolutionary Learning proceeds by evolving a population of classifiers, from
which it generally returns (with some notable exceptions) the single
best-of-run classifier as final result. In the meanwhile, Ensemble Learning,
one of the most efficient approaches in supervised Machine Learning for the
last decade, proceeds by building a population of diverse classifiers. Ensemble
Learning with Evolutionary Computation thus receives increasing attention. The
Evolutionary Ensemble Learning (EEL) approach presented in this paper features
two contributions. First, a new fitness function, inspired by co-evolution and
enforcing the classifier diversity, is presented. Further, a new selection
criterion based on the classification margin is proposed. This criterion is
used to extract the classifier ensemble from the final population only
(Off-line) or incrementally along evolution (On-line). Experiments on a set of
benchmark problems show that Off-line outperforms single-hypothesis
evolutionary learning and state-of-art Boosting and generates smaller
classifier ensembles.",['cs.AI']
http://arxiv.org/abs/0705.0197v1,"Fault Classification in Cylinders Using Multilayer Perceptrons, Support
  Vector Machines and Guassian Mixture Models","['Tshilidzi Marwala', 'Unathi Mahola', 'Snehashish Chakraverty']","Gaussian mixture models (GMM) and support vector machines (SVM) are
introduced to classify faults in a population of cylindrical shells. The
proposed procedures are tested on a population of 20 cylindrical shells and
their performance is compared to the procedure, which uses multi-layer
perceptrons (MLP). The modal properties extracted from vibration data are used
to train the GMM, SVM and MLP. It is observed that the GMM produces 98%, SVM
produces 94% classification accuracy while the MLP produces 88% classification
rates.",['cs.AI']
http://arxiv.org/abs/0705.0693v1,Learning to Bluff,"['Evan Hurwitz', 'Tshilidzi Marwala']","The act of bluffing confounds game designers to this day. The very nature of
bluffing is even open for debate, adding further complication to the process of
creating intelligent virtual players that can bluff, and hence play,
realistically. Through the use of intelligent, learning agents, and carefully
designed agent outlooks, an agent can in fact learn to predict its opponents
reactions based not only on its own cards, but on the actions of those around
it. With this wider scope of understanding, an agent can in learn to bluff its
opponents, with the action representing not an illogical action, as bluffing is
often viewed, but rather as an act of maximising returns through an effective
statistical optimisation. By using a tee dee lambda learning algorithm to
continuously adapt neural network agent intelligence, agents have been shown to
be able to learn to bluff without outside prompting, and even to learn to call
each others bluffs in free, competitive play.",['cs.AI']
http://arxiv.org/abs/0705.0734v1,Soft constraint abstraction based on semiring homomorphism,"['Sanjiang Li', 'Mingsheng Ying']","The semiring-based constraint satisfaction problems (semiring CSPs), proposed
by Bistarelli, Montanari and Rossi \cite{BMR97}, is a very general framework of
soft constraints. In this paper we propose an abstraction scheme for soft
constraints that uses semiring homomorphism. To find optimal solutions of the
concrete problem, the idea is, first working in the abstract problem and
finding its optimal solutions, then using them to solve the concrete problem.
  In particular, we show that a mapping preserves optimal solutions if and only
if it is an order-reflecting semiring homomorphism. Moreover, for a semiring
homomorphism $\alpha$ and a problem $P$ over $S$, if $t$ is optimal in
$\alpha(P)$, then there is an optimal solution $\bar{t}$ of $P$ such that
$\bar{t}$ has the same value as $t$ in $\alpha(P)$.",['cs.AI']
http://arxiv.org/abs/0705.0761v3,Bayesian Approach to Neuro-Rough Models,"['Tshilidzi Marwala', 'Bodie Crossingham']","This paper proposes a neuro-rough model based on multi-layered perceptron and
rough set. The neuro-rough model is then tested on modelling the risk of HIV
from demographic data. The model is formulated using Bayesian framework and
trained using Monte Carlo method and Metropolis criterion. When the model was
tested to estimate the risk of HIV infection given the demographic data it was
found to give the accuracy of 62%. The proposed model is able to combine the
accuracy of the Bayesian MLP model and the transparency of Bayesian rough set
model.",['cs.AI']
http://arxiv.org/abs/0705.0969v1,"Artificial Neural Networks and Support Vector Machines for Water Demand
  Time Series Forecasting","['Ishmael S. Msiza', 'Fulufhelo V. Nelwamondo', 'Tshilidzi Marwala']","Water plays a pivotal role in many physical processes, and most importantly
in sustaining human life, animal life and plant life. Water supply entities
therefore have the responsibility to supply clean and safe water at the rate
required by the consumer. It is therefore necessary to implement mechanisms and
systems that can be employed to predict both short-term and long-term water
demands. The increasingly growing field of computational intelligence
techniques has been proposed as an efficient tool in the modelling of dynamic
phenomena. The primary objective of this paper is to compare the efficiency of
two computational intelligence techniques in water demand forecasting. The
techniques under comparison are the Artificial Neural Networks (ANNs) and the
Support Vector Machines (SVMs). In this study it was observed that the ANNs
perform better than the SVMs. This performance is measured against the
generalisation ability of the two.",['cs.AI']
http://arxiv.org/abs/0705.1031v1,"Fuzzy Artmap and Neural Network Approach to Online Processing of Inputs
  with Missing Values","['F. V. Nelwamondo', 'T. Marwala']","An ensemble based approach for dealing with missing data, without predicting
or imputing the missing values is proposed. This technique is suitable for
online operations of neural networks and as a result, is used for online
condition monitoring. The proposed technique is tested in both classification
and regression problems. An ensemble of Fuzzy-ARTMAPs is used for
classification whereas an ensemble of multi-layer perceptrons is used for the
regression problem. Results obtained using this ensemble-based technique are
compared to those obtained using a combination of auto-associative neural
networks and genetic algorithms and findings show that this method can perform
up to 9% better in regression problems. Another advantage of the proposed
technique is that it eliminates the need for finding the best estimate of the
data, and hence, saves time.",['cs.AI']
http://arxiv.org/abs/0705.1209v1,Artificial Intelligence for Conflict Management,"['E. Habtemariam', 'T. Marwala', 'M. Lagazio']","Militarised conflict is one of the risks that have a significant impact on
society. Militarised Interstate Dispute (MID) is defined as an outcome of
interstate interactions, which result on either peace or conflict. Effective
prediction of the possibility of conflict between states is an important
decision support tool for policy makers. In a previous research, neural
networks (NNs) have been implemented to predict the MID. Support Vector
Machines (SVMs) have proven to be very good prediction techniques and are
introduced for the prediction of MIDs in this study and compared to neural
networks. The results show that SVMs predict MID better than NNs while NNs give
more consistent and easy to interpret sensitivity analysis than SVMs.",['cs.AI']
http://arxiv.org/abs/0705.1244v1,Evolving Symbolic Controllers,"['Nicolas Godzik', 'Marc Schoenauer', 'Michèle Sebag']","The idea of symbolic controllers tries to bridge the gap between the top-down
manual design of the controller architecture, as advocated in Brooks'
subsumption architecture, and the bottom-up designer-free approach that is now
standard within the Evolutionary Robotics community. The designer provides a
set of elementary behavior, and evolution is given the goal of assembling them
to solve complex tasks. Two experiments are presented, demonstrating the
efficiency and showing the recursiveness of this approach. In particular, the
sensitivity with respect to the proposed elementary behaviors, and the
robustness w.r.t. generalization of the resulting controllers are studied in
detail.",['cs.AI']
http://arxiv.org/abs/0705.1309v1,Robust Multi-Cellular Developmental Design,"['Alexandre Devert', 'Nicolas Bredèche', 'Marc Schoenauer']","This paper introduces a continuous model for Multi-cellular Developmental
Design. The cells are fixed on a 2D grid and exchange ""chemicals"" with their
neighbors during the growth process. The quantity of chemicals that a cell
produces, as well as the differentiation value of the cell in the phenotype,
are controlled by a Neural Network (the genotype) that takes as inputs the
chemicals produced by the neighboring cells at the previous time step. In the
proposed model, the number of iterations of the growth process is not
pre-determined, but emerges during evolution: only organisms for which the
growth process stabilizes give a phenotype (the stable state), others are
declared nonviable. The optimization of the controller is done using the NEAT
algorithm, that optimizes both the topology and the weights of the Neural
Networks. Though each cell only receives local information from its neighbors,
the experimental results of the proposed approach on the 'flags' problems (the
phenotype must match a given 2D pattern) are almost as good as those of a
direct regression approach using the same model with global information.
Moreover, the resulting multi-cellular organisms exhibit almost perfect
self-healing characteristics.",['cs.AI']
http://arxiv.org/abs/0705.2235v1,"Response Prediction of Structural System Subject to Earthquake Motions
  using Artificial Neural Network","['S. Chakraverty', 'T. Marwala', 'Pallavi Gupta', 'Thando Tettey']","This paper uses Artificial Neural Network (ANN) models to compute response of
structural system subject to Indian earthquakes at Chamoli and Uttarkashi
ground motion data. The system is first trained for a single real earthquake
data. The trained ANN architecture is then used to simulate earthquakes with
various intensities and it was found that the predicted responses given by ANN
model are accurate for practical purposes. When the ANN is trained by a part of
the ground motion data, it can also identify the responses of the structural
system well. In this way the safeness of the structural systems may be
predicted in case of future earthquakes without waiting for the earthquake to
occur for the lessons. Time period and the corresponding maximum response of
the building for an earthquake has been evaluated, which is again trained to
predict the maximum response of the building at different time periods. The
trained time period versus maximum response ANN model is also tested for real
earthquake data of other place, which was not used in the training and was
found to be in good agreement.",['cs.AI']
http://arxiv.org/abs/0705.2236v1,"Fault Classification using Pseudomodal Energies and Neuro-fuzzy
  modelling","['Tshilidzi Marwala', 'Thando Tettey', 'Snehashish Chakraverty']","This paper presents a fault classification method which makes use of a
Takagi-Sugeno neuro-fuzzy model and Pseudomodal energies calculated from the
vibration signals of cylindrical shells. The calculation of Pseudomodal
Energies, for the purposes of condition monitoring, has previously been found
to be an accurate method of extracting features from vibration signals. This
calculation is therefore used to extract features from vibration signals
obtained from a diverse population of cylindrical shells. Some of the cylinders
in the population have faults in different substructures. The pseudomodal
energies calculated from the vibration signals are then used as inputs to a
neuro-fuzzy model. A leave-one-out cross-validation process is used to test the
performance of the model. It is found that the neuro-fuzzy model is able to
classify faults with an accuracy of 91.62%, which is higher than the previously
used multilayer perceptron.",['cs.AI']
http://arxiv.org/abs/0705.2310v1,On-Line Condition Monitoring using Computational Intelligence,"['C. B. Vilakazi', 'T. Marwala', 'P. Mautla', 'E. Moloto']","This paper presents bushing condition monitoring frameworks that use
multi-layer perceptrons (MLP), radial basis functions (RBF) and support vector
machines (SVM) classifiers. The first level of the framework determines if the
bushing is faulty or not while the second level determines the type of fault.
The diagnostic gases in the bushings are analyzed using the dissolve gas
analysis. MLP gives superior performance in terms of accuracy and training time
than SVM and RBF. In addition, an on-line bushing condition monitoring
approach, which is able to adapt to newly acquired data are introduced. This
approach is able to accommodate new classes that are introduced by incoming
data and is implemented using an incremental learning algorithm that uses MLP.
The testing results improved from 67.5% to 95.8% as new data were introduced
and the testing results improved from 60% to 95.3% as new conditions were
introduced. On average the confidence value of the framework on its decision
was 0.92.",['cs.AI']
http://arxiv.org/abs/0705.3360v1,The Road to Quantum Artificial Intelligence,['Kyriakos N. Sgarbas'],"This paper overviews the basic principles and recent advances in the emerging
field of Quantum Computation (QC), highlighting its potential application to
Artificial Intelligence (AI). The paper provides a very brief introduction to
basic QC issues like quantum registers, quantum gates and quantum algorithms
and then it presents references, ideas and research guidelines on how QC can be
used to deal with some basic AI problems, such as search and pattern matching,
as soon as quantum computers become widely available.",['cs.AI']
http://arxiv.org/abs/0705.4302v1,Truecluster matching,['Jens Oehlschlägel'],"Cluster matching by permuting cluster labels is important in many clustering
contexts such as cluster validation and cluster ensemble techniques. The
classic approach is to minimize the euclidean distance between two cluster
solutions which induces inappropriate stability in certain settings. Therefore,
we present the truematch algorithm that introduces two improvements best
explained in the crisp case. First, instead of maximizing the trace of the
cluster crosstable, we propose to maximize a chi-square transformation of this
crosstable. Thus, the trace will not be dominated by the cells with the largest
counts but by the cells with the most non-random observations, taking into
account the marginals. Second, we suggest a probabilistic component in order to
break ties and to make the matching algorithm truly random on random data. The
truematch algorithm is designed as a building block of the truecluster
framework and scales in polynomial time. First simulation results confirm that
the truematch algorithm gives more consistent truecluster results for unequal
cluster sizes. Free R software is available.","['cs.AI', 'G.3; I.5.3']"
http://arxiv.org/abs/0706.0022v1,Modeling Computations in a Semantic Network,"['Marko A. Rodriguez', 'Johan Bollen']","Semantic network research has seen a resurgence from its early history in the
cognitive sciences with the inception of the Semantic Web initiative. The
Semantic Web effort has brought forth an array of technologies that support the
encoding, storage, and querying of the semantic network data structure at the
world stage. Currently, the popular conception of the Semantic Web is that of a
data modeling medium where real and conceptual entities are related in
semantically meaningful ways. However, new models have emerged that explicitly
encode procedural information within the semantic network substrate. With these
new technologies, the Semantic Web has evolved from a data modeling medium to a
computational medium. This article provides a classification of existing
computational modeling efforts and the requirements of supporting technologies
that will aid in the further growth of this burgeoning domain.","['cs.AI', 'I.2.12; I.2.4.k']"
http://arxiv.org/abs/0706.1137v1,Automatically Restructuring Practice Guidelines using the GEM DTD,"['Amanda Bouffier', 'Thierry Poibeau']","This paper describes a system capable of semi-automatically filling an XML
template from free texts in the clinical domain (practice guidelines). The XML
template includes semantic information not explicitly encoded in the text
(pairs of conditions and actions/recommendations). Therefore, there is a need
to compute the exact scope of conditions over text sequences expressing the
required actions. We present a system developed for this task. We show that it
yields good performance when applied to the analysis of French practice
guidelines.",['cs.AI']
http://arxiv.org/abs/0706.1290v1,Temporal Reasoning without Transitive Tables,['Sylviane R. Schwer'],"Representing and reasoning about qualitative temporal information is an
essential part of many artificial intelligence tasks. Lots of models have been
proposed in the litterature for representing such temporal information. All
derive from a point-based or an interval-based framework. One fundamental
reasoning task that arises in applications of these frameworks is given by the
following scheme: given possibly indefinite and incomplete knowledge of the
binary relationships between some temporal objects, find the consistent
scenarii between all these objects. All these models require transitive tables
-- or similarly inference rules-- for solving such tasks. We have defined an
alternative model, S-languages - to represent qualitative temporal information,
based on the only two relations of \emph{precedence} and \emph{simultaneity}.
In this paper, we show how this model enables to avoid transitive tables or
inference rules to handle this kind of problem.","['cs.AI', 'F.4.3']"
http://arxiv.org/abs/0706.3639v1,A Collection of Definitions of Intelligence,"['Shane Legg', 'Marcus Hutter']","This paper is a survey of a large number of informal definitions of
``intelligence'' that the authors have collected over the years. Naturally,
compiling a complete list would be impossible as many definitions of
intelligence are buried deep inside articles and books. Nevertheless, the
70-odd definitions presented here are, to the authors' knowledge, the largest
and most well referenced collection there is.",['cs.AI']
http://arxiv.org/abs/0706.4375v1,"A Robust Linguistic Platform for Efficient and Domain specific Web
  Content Analysis","['Thierry Hamon', 'Adeline Nazarenko', 'Thierry Poibeau', 'Sophie Aubin', 'Julien Derivière']","Web semantic access in specific domains calls for specialized search engines
with enhanced semantic querying and indexing capacities, which pertain both to
information retrieval (IR) and to information extraction (IE). A rich
linguistic analysis is required either to identify the relevant semantic units
to index and weight them according to linguistic specific statistical
distribution, or as the basis of an information extraction process. Recent
developments make Natural Language Processing (NLP) techniques reliable enough
to process large collections of documents and to enrich them with semantic
annotations. This paper focuses on the design and the development of a text
processing platform, Ogmios, which has been developed in the ALVIS project. The
Ogmios platform exploits existing NLP modules and resources, which may be tuned
to specific domains and produces linguistically annotated documents. We show
how the three constraints of genericity, domain semantic awareness and
performance can be handled all together.",['cs.AI']
http://arxiv.org/abs/0707.2506v1,"Mixed Integer Linear Programming For Exact Finite-Horizon Planning In
  Decentralized Pomdps","['Raghav Aras', 'Alain Dutech', 'François Charpillet']","We consider the problem of finding an n-agent joint-policy for the optimal
finite-horizon control of a decentralized Pomdp (Dec-Pomdp). This is a problem
of very high complexity (NEXP-hard in n >= 2). In this paper, we propose a new
mathematical programming approach for the problem. Our approach is based on two
ideas: First, we represent each agent's policy in the sequence-form and not in
the tree-form, thereby obtaining a very compact representation of the set of
joint-policies. Second, using this compact representation, we solve this
problem as an instance of combinatorial optimization for which we formulate a
mixed integer linear program (MILP). The optimal solution of the MILP directly
yields an optimal joint-policy for the Dec-Pomdp. Computational experience
shows that formulating and solving the MILP requires significantly less time to
solve benchmark Dec-Pomdp problems than existing algorithms. For example, the
multi-agent tiger problem for horizon 4 is solved in 72 secs with the MILP
whereas existing algorithms require several hours to solve it.",['cs.AI']
http://arxiv.org/abs/0707.4289v1,"A Leaf Recognition Algorithm for Plant Classification Using
  Probabilistic Neural Network","['Stephen Gang Wu', 'Forrest Sheng Bao', 'Eric You Xu', 'Yu-Xuan Wang', 'Yi-Fan Chang', 'Qiao-Liang Xiang']","In this paper, we employ Probabilistic Neural Network (PNN) with image and
data processing techniques to implement a general purpose automated leaf
recognition algorithm. 12 leaf features are extracted and orthogonalized into 5
principal variables which consist the input vector of the PNN. The PNN is
trained by 1800 leaves to classify 32 kinds of plants with an accuracy greater
than 90%. Compared with other approaches, our algorithm is an accurate
artificial intelligence approach which is fast in execution and easy in
implementation.","['cs.AI', 'I.5.4']"
http://arxiv.org/abs/0708.4311v1,"2006: Celebrating 75 years of AI - History and Outlook: the Next 25
  Years",['Juergen Schmidhuber'],"When Kurt Goedel layed the foundations of theoretical computer science in
1931, he also introduced essential concepts of the theory of Artificial
Intelligence (AI). Although much of subsequent AI research has focused on
heuristics, which still play a major role in many practical AI applications, in
the new millennium AI theory has finally become a full-fledged formal science,
with important optimality results for embodied agents living in unknown
environments, obtained through a combination of theory a la Goedel and
probability theory. Here we look back at important milestones of AI history,
mention essential recent results, and speculate about what we may expect from
the next 25 years, emphasizing the significance of the ongoing dramatic
hardware speedups, and discussing Goedel-inspired, self-referential,
self-improving universal problem solvers.","['cs.AI', 'I.2.0']"
http://arxiv.org/abs/0709.0522v1,Qualitative Belief Conditioning Rules (QBCR),"['Florentin Smarandache', 'Jean Dezert']","In this paper we extend the new family of (quantitative) Belief Conditioning
Rules (BCR) recently developed in the Dezert-Smarandache Theory (DSmT) to their
qualitative counterpart for belief revision. Since the revision of quantitative
as well as qualitative belief assignment given the occurrence of a new event
(the conditioning constraint) can be done in many possible ways, we present
here only what we consider as the most appealing Qualitative Belief
Conditioning Rules (QBCR) which allow to revise the belief directly with words
and linguistic labels and thus avoids the introduction of ad-hoc translations
of quantitative beliefs into quantitative ones for solving the problem.","['cs.AI', 'I.2.3']"
http://arxiv.org/abs/0709.1167v2,Using RDF to Model the Structure and Process of Systems,"['Marko A. Rodriguez', 'Jennifer H. Watkins', 'Johan Bollen', 'Carlos Gershenson']","Many systems can be described in terms of networks of discrete elements and
their various relationships to one another. A semantic network, or
multi-relational network, is a directed labeled graph consisting of a
heterogeneous set of entities connected by a heterogeneous set of
relationships. Semantic networks serve as a promising general-purpose modeling
substrate for complex systems. Various standardized formats and tools are now
available to support practical, large-scale semantic network models. First, the
Resource Description Framework (RDF) offers a standardized semantic network
data model that can be further formalized by ontology modeling languages such
as RDF Schema (RDFS) and the Web Ontology Language (OWL). Second, the recent
introduction of highly performant triple-stores (i.e. semantic network
databases) allows semantic network models on the order of $10^9$ edges to be
efficiently stored and manipulated. RDF and its related technologies are
currently used extensively in the domains of computer science, digital library
science, and the biological sciences. This article will provide an introduction
to RDF/RDFS/OWL and an examination of its suitability to model discrete element
complex systems.","['cs.AI', 'I.6.0']"
http://arxiv.org/abs/0709.1701v1,Enrichment of Qualitative Beliefs for Reasoning under Uncertainty,"['Xinde Li', 'Xinhan Huang', 'Florentin Smarandache', 'Jean Dezert']","This paper deals with enriched qualitative belief functions for reasoning
under uncertainty and for combining information expressed in natural language
through linguistic labels. In this work, two possible enrichments (quantitative
and/or qualitative) of linguistic labels are considered and operators
(addition, multiplication, division, etc) for dealing with them are proposed
and explained. We denote them $qe$-operators, $qe$ standing for
""qualitative-enriched"" operators. These operators can be seen as a direct
extension of the classical qualitative operators ($q$-operators) proposed
recently in the Dezert-Smarandache Theory of plausible and paradoxist reasoning
(DSmT). $q$-operators are also justified in details in this paper. The
quantitative enrichment of linguistic label is a numerical supporting degree in
$[0,\infty)$, while the qualitative enrichment takes its values in a finite
ordered set of linguistic values. Quantitative enrichment is less precise than
qualitative enrichment, but it is expected more close with what human experts
can easily provide when expressing linguistic labels with supporting degrees.
Two simple examples are given to show how the fusion of qualitative-enriched
belief assignments can be done.",['cs.AI']
http://arxiv.org/abs/0709.2065v1,Toward Psycho-robots,['Andrei Khrennikov'],"We try to perform geometrization of psychology by representing mental states,
<<ideas>>, by points of a metric space, <<mental space>>. Evolution of ideas is
described by dynamical systems in metric mental space. We apply the mental
space approach for modeling of flows of unconscious and conscious information
in the human brain. In a series of models, Models 1-4, we consider cognitive
systems with increasing complexity of psychological behavior determined by
structure of flows of ideas. Since our models are in fact models of the
AI-type, one immediately recognizes that they can be used for creation of
AI-systems, which we call psycho-robots, exhibiting important elements of human
psyche. Creation of such psycho-robots may be useful improvement of domestic
robots. At the moment domestic robots are merely simple working devices (e.g.
vacuum cleaners or lawn mowers) . However, in future one can expect demand in
systems which be able not only perform simple work tasks, but would have
elements of human self-developing psyche. Such AI-psyche could play an
important role both in relations between psycho-robots and their owners as well
as between psycho-robots. Since the presence of a huge numbers of
psycho-complexes is an essential characteristic of human psychology, it would
be interesting to model them in the AI-framework.",['cs.AI']
http://arxiv.org/abs/0709.3974v1,"Fitness landscape of the cellular automata majority problem: View from
  the Olympus","['Sébastien Verel', 'Philippe Collard', 'Marco Tomassini', 'Leonardo Vanneschi']","In this paper we study cellular automata (CAs) that perform the computational
Majority task. This task is a good example of what the phenomenon of emergence
in complex systems is. We take an interest in the reasons that make this
particular fitness landscape a difficult one. The first goal is to study the
landscape as such, and thus it is ideally independent from the actual
heuristics used to search the space. However, a second goal is to understand
the features a good search technique for this particular problem space should
possess. We statistically quantify in various ways the degree of difficulty of
searching this landscape. Due to neutrality, investigations based on sampling
techniques on the whole landscape are difficult to conduct. So, we go exploring
the landscape from the top. Although it has been proved that no CA can perform
the task perfectly, several efficient CAs for this task have been found.
Exploiting similarities between these CAs and symmetries in the landscape, we
define the Olympus landscape which is regarded as the ''heavenly home'' of the
best local optima known (blok). Then we measure several properties of this
subspace. Although it is easier to find relevant CAs in this subspace than in
the overall landscape, there are structural reasons that prevent a searcher
from finding overfitted CAs in the Olympus. Finally, we study dynamics and
performance of genetic algorithms on the Olympus in order to confirm our
analysis and to find efficient CAs for the Majority problem with low
computational cost.",['cs.AI']
http://arxiv.org/abs/0709.4010v1,Local search heuristics: Fitness Cloud versus Fitness Landscape,"['Philippe Collard', 'Sébastien Verel', 'Manuel Clergue']","This paper introduces the concept of fitness cloud as an alternative way to
visualize and analyze search spaces than given by the geographic notion of
fitness landscape. It is argued that the fitness cloud concept overcomes
several deficiencies of the landscape representation. Our analysis is based on
the correlation between fitness of solutions and fitnesses of nearest solutions
according to some neighboring. We focus on the behavior of local search
heuristics, such as hill climber, on the well-known NK fitness landscape. In
both cases the fitness vs. fitness correlation is shown to be related to the
epistatic parameter K.",['cs.AI']
http://arxiv.org/abs/0709.4011v1,Measuring the Evolvability Landscape to study Neutrality,"['Sébastien Verel', 'Philippe Collard', 'Manuel Clergue']","This theoretical work defines the measure of autocorrelation of evolvability
in the context of neutral fitness landscape. This measure has been studied on
the classical MAX-SAT problem. This work highlight a new characteristic of
neutral fitness landscapes which allows to design new adapted metaheuristic.",['cs.AI']
http://arxiv.org/abs/0709.4015v1,"From Texts to Structured Documents: The Case of Health Practice
  Guidelines",['Amanda Bouffier'],"This paper describes a system capable of semi-automatically filling an XML
template from free texts in the clinical domain (practice guidelines). The XML
template includes semantic information not explicitly encoded in the text
(pairs of conditions and actions/recommendations). Therefore, there is a need
to compute the exact scope of conditions over text sequences expressing the
required actions. We present in this paper the rules developed for this task.
We show that the system yields good performance when applied to the analysis of
French practice guidelines.",['cs.AI']
http://arxiv.org/abs/0710.0013v1,Lagrangian Relaxation for MAP Estimation in Graphical Models,"['Jason K. Johnson', 'Dmitry M. Malioutov', 'Alan S. Willsky']","We develop a general framework for MAP estimation in discrete and Gaussian
graphical models using Lagrangian relaxation techniques. The key idea is to
reformulate an intractable estimation problem as one defined on a more
tractable graph, but subject to additional constraints. Relaxing these
constraints gives a tractable dual problem, one defined by a thin graph, which
is then optimized by an iterative procedure. When this iterative optimization
leads to a consistent estimate, one which also satisfies the constraints, then
it corresponds to an optimal MAP estimate of the original model. Otherwise
there is a ``duality gap'', and we obtain a bound on the optimal solution.
Thus, our approach combines convex optimization with dynamic programming
techniques applicable for thin graphs. The popular tree-reweighted max-product
(TRMP) method may be seen as solving a particular class of such relaxations,
where the intractable graph is relaxed to a set of spanning trees. We also
consider relaxations to a set of small induced subgraphs, thin subgraphs (e.g.
loops), and a connected tree obtained by ``unwinding'' cycles. In addition, we
propose a new class of multiscale relaxations that introduce ``summary''
variables. The potential benefits of such generalizations include: reducing or
eliminating the ``duality gap'' in hard problems, reducing the number or
Lagrange multipliers in the dual problem, and accelerating convergence of the
iterative optimization procedure.",['cs.AI']
http://arxiv.org/abs/0710.4231v1,Analyzing covert social network foundation behind terrorism disaster,"['Yoshiharu Maeno', 'Yukio Ohsawa']","This paper addresses a method to analyze the covert social network foundation
hidden behind the terrorism disaster. It is to solve a node discovery problem,
which means to discover a node, which functions relevantly in a social network,
but escaped from monitoring on the presence and mutual relationship of nodes.
The method aims at integrating the expert investigator's prior understanding,
insight on the terrorists' social network nature derived from the complex graph
theory, and computational data processing. The social network responsible for
the 9/11 attack in 2001 is used to execute simulation experiment to evaluate
the performance of the method.",['cs.AI']
http://arxiv.org/abs/0710.4975v2,Node discovery problem for a social network,['Yoshiharu Maeno'],"Methods to solve a node discovery problem for a social network are presented.
Covert nodes refer to the nodes which are not observable directly. They
transmit the influence and affect the resulting collaborative activities among
the persons in a social network, but do not appear in the surveillance logs
which record the participants of the collaborative activities. Discovering the
covert nodes is identifying the suspicious logs where the covert nodes would
appear if the covert nodes became overt. The performance of the methods is
demonstrated with a test dataset generated from computationally synthesized
networks and a real organization.",['cs.AI']
http://arxiv.org/abs/0711.1466v3,Predicting relevant empty spots in social interaction,"['Yoshiharu Maeno', 'Yukio Ohsawa']","An empty spot refers to an empty hard-to-fill space which can be found in the
records of the social interaction, and is the clue to the persons in the
underlying social network who do not appear in the records. This contribution
addresses a problem to predict relevant empty spots in social interaction.
Homogeneous and inhomogeneous networks are studied as a model underlying the
social interaction. A heuristic predictor function approach is presented as a
new method to address the problem. Simulation experiment is demonstrated over a
homogeneous network. A test data in the form of baskets is generated from the
simulated communication. Precision to predict the empty spots is calculated to
demonstrate the performance of the presented approach.",['cs.AI']
http://arxiv.org/abs/0711.3419v1,"Translating OWL and Semantic Web Rules into Prolog: Moving Toward
  Description Logic Programs","['Ken Samuel', 'Leo Obrst', 'Suzette Stoutenberg', 'Karen Fox', 'Paul Franklin', 'Adrian Johnson', 'Ken Laskey', 'Deborah Nichols', 'Steve Lopez', 'Jason Peterson']","To appear in Theory and Practice of Logic Programming (TPLP), 2008.
  We are researching the interaction between the rule and the ontology layers
of the Semantic Web, by comparing two options: 1) using OWL and its rule
extension SWRL to develop an integrated ontology/rule language, and 2) layering
rules on top of an ontology with RuleML and OWL. Toward this end, we are
developing the SWORIER system, which enables efficient automated reasoning on
ontologies and rules, by translating all of them into Prolog and adding a set
of general rules that properly capture the semantics of OWL. We have also
enabled the user to make dynamic changes on the fly, at run time. This work
addresses several of the concerns expressed in previous work, such as negation,
complementary classes, disjunctive heads, and cardinality, and it discusses
alternative approaches for dealing with inconsistencies in the knowledge base.
In addition, for efficiency, we implemented techniques called
extensionalization, avoiding reanalysis, and code minimization.",['cs.AI']
http://arxiv.org/abs/0712.0836v1,Evolving localizations in reaction-diffusion cellular automata,"['Andrew Adamatzky', 'Larry Bull', 'Pierre Collet', 'Emmanuel Sapin']","We consider hexagonal cellular automata with immediate cell neighbourhood and
three cell-states. Every cell calculates its next state depending on the
integral representation of states in its neighbourhood, i.e. how many
neighbours are in each one state. We employ evolutionary algorithms to breed
local transition functions that support mobile localizations (gliders), and
characterize sets of the functions selected in terms of quasi-chemical systems.
Analysis of the set of functions evolved allows to speculate that mobile
localizations are likely to emerge in the quasi-chemical systems with limited
diffusion of one reagent, a small number of molecules is required for
amplification of travelling localizations, and reactions leading to stationary
localizations involve relatively equal amount of quasi-chemical species.
Techniques developed can be applied in cascading signals in nature-inspired
spatially extended computing devices, and phenomenological studies and
classification of non-linear discrete systems.",['cs.AI']
http://arxiv.org/abs/0712.2389v2,Decomposition During Search for Propagation-Based Constraint Solvers,"['Martin Mann', 'Guido Tack', 'Sebastian Will']","We describe decomposition during search (DDS), an integration of And/Or tree
search into propagation-based constraint solvers. The presented search
algorithm dynamically decomposes sub-problems of a constraint satisfaction
problem into independent partial problems, avoiding redundant work.
  The paper discusses how DDS interacts with key features that make
propagation-based solvers successful: constraint propagation, especially for
global constraints, and dynamic search heuristics.
  We have implemented DDS for the Gecode constraint programming library. Two
applications, solution counting in graph coloring and protein structure
prediction, exemplify the benefits of DDS in practice.",['cs.AI']
http://arxiv.org/abs/0712.3329v1,Universal Intelligence: A Definition of Machine Intelligence,"['Shane Legg', 'Marcus Hutter']","A fundamental problem in artificial intelligence is that nobody really knows
what intelligence is. The problem is especially acute when we need to consider
artificial systems which are significantly different to humans. In this paper
we approach this problem in the following way: We take a number of well known
informal definitions of human intelligence that have been given by experts, and
extract their essential features. These are then mathematically formalised to
produce a general measure of intelligence for arbitrary machines. We believe
that this equation formally captures the concept of machine intelligence in the
broadest reasonable sense. We then show how this formal definition is related
to the theory of universal optimal learning agents. Finally, we survey the many
other tests and definitions of intelligence that have been proposed for
machines.",['cs.AI']
http://arxiv.org/abs/0712.3825v1,Tests of Machine Intelligence,"['Shane Legg', 'Marcus Hutter']","Although the definition and measurement of intelligence is clearly of
fundamental importance to the field of artificial intelligence, no general
survey of definitions and tests of machine intelligence exists. Indeed few
researchers are even aware of alternatives to the Turing test and its many
derivatives. In this paper we fill this gap by providing a short survey of the
many tests of machine intelligence that have been proposed.",['cs.AI']
http://arxiv.org/abs/0712.4318v1,"Convergence of Expected Utilities with Algorithmic Probability
  Distributions",['Peter de Blanc'],"We consider an agent interacting with an unknown environment. The environment
is a function which maps natural numbers to natural numbers; the agent's set of
hypotheses about the environment contains all such functions which are
computable and compatible with a finite set of known input-output pairs, and
the agent assigns a positive probability to each such hypothesis. We do not
require that this probability distribution be computable, but it must be
bounded below by a positive computable function. The agent has a utility
function on outputs from the environment. We show that if this utility function
is bounded below in absolute value by an unbounded computable function, then
the expected utility of any input is undefined. This implies that a computable
utility function will have convergent expected utilities iff that function is
bounded.",['cs.AI']
http://arxiv.org/abs/0801.1275v1,Le terme et le concept : fondements d'une ontoterminologie,['Christophe Roche'],"Most definitions of ontology, viewed as a ""specification of a
conceptualization"", agree on the fact that if an ontology can take different
forms, it necessarily includes a vocabulary of terms and some specification of
their meaning in relation to the domain's conceptualization. And as domain
knowledge is mainly conveyed through scientific and technical texts, we can
hope to extract some useful information from them for building ontology. But is
it as simple as this? In this article we shall see that the lexical structure,
i.e. the network of words linked by linguistic relationships, does not
necessarily match the domain conceptualization. We have to bear in mind that
writing documents is the concern of textual linguistics, of which one of the
principles is the incompleteness of text, whereas building ontology - viewed as
task-independent knowledge - is concerned with conceptualization based on
formal and not natural languages. Nevertheless, the famous Sapir and Whorf
hypothesis, concerning the interdependence of thought and language, is also
applicable to formal languages. This means that the way an ontology is built
and a concept is defined depends directly on the formal language which is used;
and the results will not be the same. The introduction of the notion of
ontoterminology allows to take into account epistemological principles for
formal ontology building.",['cs.AI']
http://arxiv.org/abs/0801.1336v1,Stream Computing,['Subhash Kak'],"Stream computing is the use of multiple autonomic and parallel modules
together with integrative processors at a higher level of abstraction to embody
""intelligent"" processing. The biological basis of this computing is sketched
and the matter of learning is examined.",['cs.AI']
http://arxiv.org/abs/0802.2429v1,Anisotropic selection in cellular genetic algorithms,"['David Simoncini', 'Sébastien Verel', 'Philippe Collard', 'Manuel Clergue']","In this paper we introduce a new selection scheme in cellular genetic
algorithms (cGAs). Anisotropic Selection (AS) promotes diversity and allows
accurate control of the selective pressure. First we compare this new scheme
with the classical rectangular grid shapes solution according to the selective
pressure: we can obtain the same takeover time with the two techniques although
the spreading of the best individual is different. We then give experimental
results that show to what extent AS promotes the emergence of niches that
support low coupling and high cohesion. Finally, using a cGA with anisotropic
selection on a Quadratic Assignment Problem we show the existence of an
anisotropic optimal value for which the best average performance is observed.
Further work will focus on the selective pressure self-adjustment ability
provided by this new selection scheme.",['cs.AI']
http://arxiv.org/abs/0803.1087v3,"The Future of Scientific Simulations: from Artificial Life to Artificial
  Cosmogenesis",['Clement Vidal'],"This philosophical paper explores the relation between modern scientific
simulations and the future of the universe. We argue that a simulation of an
entire universe will result from future scientific activity. This requires us
to tackle the challenge of simulating open-ended evolution at all levels in a
single simulation. The simulation should encompass not only biological
evolution, but also physical evolution (a level below) and cultural evolution
(a level above). The simulation would allow us to probe what would happen if we
would ""replay the tape of the universe"" with the same or different laws and
initial conditions. We also distinguish between real-world and artificial-world
modelling. Assuming that intelligent life could indeed simulate an entire
universe, this leads to two tentative hypotheses. Some authors have argued that
we may already be in a simulation run by an intelligent entity. Or, if such a
simulation could be made real, this would lead to the production of a new
universe. This last direction is argued with a careful speculative
philosophical approach, emphasizing the imperative to find a solution to the
heat death problem in cosmology. The reader is invited to consult Annex 1 for
an overview of the logical structure of this paper. -- Keywords: far future,
future of science, ALife, simulation, realization, cosmology, heat death,
fine-tuning, physical eschatology, cosmological natural selection, cosmological
artificial selection, artificial cosmogenesis, selfish biocosm hypothesis,
meduso-anthropic principle, developmental singularity hypothesis, role of
intelligent life.",['cs.AI']
http://arxiv.org/abs/0803.1207v3,Serious Flaws in Korf et al.'s Analysis on Time Complexity of A*,['Hang Dinh'],This paper has been withdrawn.,['cs.AI']
http://arxiv.org/abs/0803.3192v1,"Eye-Tracking Evolutionary Algorithm to minimize user's fatigue in IEC
  applied to Interactive One-Max problem","['Denis Pallez', 'Philippe Collard', 'Thierry Baccino', 'Laurent Dumercy']","In this paper, we describe a new algorithm that consists in combining an
eye-tracker for minimizing the fatigue of a user during the evaluation process
of Interactive Evolutionary Computation. The approach is then applied to the
Interactive One-Max optimization problem.",['cs.AI']
http://arxiv.org/abs/0803.3363v2,Node discovery in a networked organization,['Yoshiharu Maeno'],"In this paper, I present a method to solve a node discovery problem in a
networked organization. Covert nodes refer to the nodes which are not
observable directly. They affect social interactions, but do not appear in the
surveillance logs which record the participants of the social interactions.
Discovering the covert nodes is defined as identifying the suspicious logs
where the covert nodes would appear if the covert nodes became overt. A
mathematical model is developed for the maximal likelihood estimation of the
network behind the social interactions and for the identification of the
suspicious logs. Precision, recall, and F measure characteristics are
demonstrated with the dataset generated from a real organization and the
computationally synthesized datasets. The performance is close to the
theoretical limit for any covert nodes in the networks of any topologies and
sizes if the ratio of the number of observation to the number of possible
communication patterns is large.",['cs.AI']
http://arxiv.org/abs/0803.3501v1,"Multiagent Approach for the Representation of Information in a Decision
  Support System","['Fahem Kebair', 'Frédéric Serin']","In an emergency situation, the actors need an assistance allowing them to
react swiftly and efficiently. In this prospect, we present in this paper a
decision support system that aims to prepare actors in a crisis situation
thanks to a decision-making support. The global architecture of this system is
presented in the first part. Then we focus on a part of this system which is
designed to represent the information of the current situation. This part is
composed of a multiagent system that is made of factual agents. Each agent
carries a semantic feature and aims to represent a partial part of a situation.
The agents develop thanks to their interactions by comparing their semantic
features using proximity measures and according to specific ontologies.",['cs.AI']
http://arxiv.org/abs/0803.4074v2,Reflective visualization and verbalization of unconscious preference,"['Yoshiharu Maeno', 'Yukio Ohsawa']","A new method is presented, that can help a person become aware of his or her
unconscious preferences, and convey them to others in the form of verbal
explanation. The method combines the concepts of reflection, visualization, and
verbalization. The method was tested in an experiment where the unconscious
preferences of the subjects for various artworks were investigated. In the
experiment, two lessons were learned. The first is that it helps the subjects
become aware of their unconscious preferences to verbalize weak preferences as
compared with strong preferences through discussion over preference diagrams.
The second is that it is effective to introduce an adjustable factor into
visualization to adapt to the differences in the subjects and to foster their
mutual understanding.",['cs.AI']
http://arxiv.org/abs/0804.0528v1,Application of Rough Set Theory to Analysis of Hydrocyclone Operation,"['H. Owladeghaffari', 'M. Ejtemaei', 'M. Irannajad']","This paper describes application of rough set theory, on the analysis of
hydrocyclone operation. In this manner, using Self Organizing Map (SOM) as
preprocessing step, best crisp granules of data are obtained. Then, using a
combining of SOM and rough set theory (RST)-called SORST-, the dominant rules
on the information table, obtained from laboratory tests, are extracted. Based
on these rules, an approximate estimation on decision attribute is fulfilled.
Finally, a brief comparison of this method with the SOM-NFIS system (briefly
SONFIS) is highlighted.","['cs.AI', 'F.4.1']"
http://arxiv.org/abs/0804.0558v1,Agent-Based Perception of an Environment in an Emergency Situation,"['Fahem Kebair', 'Frédéric Serin', 'Cyrille Bertelle']","We are interested in the problem of multiagent systems development for risk
detecting and emergency response in an uncertain and partially perceived
environment. The evaluation of the current situation passes by three stages
inside the multiagent system. In a first time, the situation is represented in
a dynamic way. The second step, consists to characterise the situation and
finally, it is compared with other similar known situations. In this paper, we
present an information modelling of an observed environment, that we have
applied on the RoboCupRescue Simulation System. Information coming from the
environment are formatted according to a taxonomy and using semantic features.
The latter are defined thanks to a fine ontology of the domain and are managed
by factual agents that aim to represent dynamically the current situation.",['cs.AI']
http://arxiv.org/abs/0804.0852v1,"On the Influence of Selection Operators on Performances in Cellular
  Genetic Algorithms","['David Simoncini', 'Philippe Collard', 'Sébastien Verel', 'Manuel Clergue']","In this paper, we study the influence of the selective pressure on the
performance of cellular genetic algorithms. Cellular genetic algorithms are
genetic algorithms where the population is embedded on a toroidal grid. This
structure makes the propagation of the best so far individual slow down, and
allows to keep in the population potentially good solutions. We present two
selective pressure reducing strategies in order to slow down even more the best
solution propagation. We experiment these strategies on a hard optimization
problem, the quadratic assignment problem, and we show that there is a value
for of the control parameter for both which gives the best performance. This
optimal value does not find explanation on only the selective pressure,
measured either by take over time and diversity evolution. This study makes us
conclude that we need other tools than the sole selective pressure measures to
explain the performances of cellular genetic algorithms.",['cs.AI']
http://arxiv.org/abs/0804.1244v1,"Geometric Data Analysis, From Correspondence Analysis to Structured Data
  Analysis (book review)",['Fionn Murtagh'],"Review of: Brigitte Le Roux and Henry Rouanet, Geometric Data Analysis, From
Correspondence Analysis to Structured Data Analysis, Kluwer, Dordrecht, 2004,
xi+475 pp.","['cs.AI', 'I.5; G.3; H.3; I.7; J.4']"
http://arxiv.org/abs/0805.0459v1,Phase transition in SONFIS&SORST,['Hamed Owladeghaffari'],"In this study, we introduce general frame of MAny Connected Intelligent
Particles Systems (MACIPS). Connections and interconnections between particles
get a complex behavior of such merely simple system (system in
system).Contribution of natural computing, under information granulation
theory, are the main topics of this spacious skeleton. Upon this clue, we
organize two algorithms involved a few prominent intelligent computing and
approximate reasoning methods: self organizing feature map (SOM), Neuro- Fuzzy
Inference System and Rough Set Theory (RST). Over this, we show how our
algorithms can be taken as a linkage of government-society interaction, where
government catches various fashions of behavior: solid (absolute) or flexible.
So, transition of such society, by changing of connectivity parameters (noise)
from order to disorder is inferred. Add to this, one may find an indirect
mapping among financial systems and eventual market fluctuations with MACIPS.
Keywords: phase transition, SONFIS, SORST, many connected intelligent particles
system, society-government interaction","['cs.AI', 'F.4.1']"
http://arxiv.org/abs/0805.1096v1,Adaptive Affinity Propagation Clustering,"['Kaijun Wang', 'Junying Zhang', 'Dan Li', 'Xinna Zhang', 'Tao Guo']","Affinity propagation clustering (AP) has two limitations: it is hard to know
what value of parameter 'preference' can yield an optimal clustering solution,
and oscillations cannot be eliminated automatically if occur. The adaptive AP
method is proposed to overcome these limitations, including adaptive scanning
of preferences to search space of the number of clusters for finding the
optimal clustering solution, adaptive adjustment of damping factors to
eliminate oscillations, and adaptive escaping from oscillations when the
damping adjustment technique fails. Experimental results on simulated and real
data sets show that the adaptive AP is effective and can outperform AP in
quality of clustering results.",['cs.AI']
http://arxiv.org/abs/0805.1288v1,"Assessment of effective parameters on dilution using approximate
  reasoning methods in longwall mining method, Iran coal mines","['H. Owladeghaffari', 'K. Shahriar', 'G. H. R. Saeedi']","Approximately more than 90% of all coal production in Iranian underground
mines is derived directly longwall mining method. Out of seam dilution is one
of the essential problems in these mines. Therefore the dilution can impose the
additional cost of mining and milling. As a result, recognition of the
effective parameters on the dilution has a remarkable role in industry. In this
way, this paper has analyzed the influence of 13 parameters (attributed
variables) versus the decision attribute (dilution value), so that using two
approximate reasoning methods, namely Rough Set Theory (RST) and Self
Organizing Neuro- Fuzzy Inference System (SONFIS) the best rules on our
collected data sets has been extracted. The other benefit of later methods is
to predict new unknown cases. So, the reduced sets (reducts) by RST have been
obtained. Therefore the emerged results by utilizing mentioned methods shows
that the high sensitive variables are thickness of layer, length of stope, rate
of advance, number of miners, type of advancing.","['cs.AI', 'F.4.1']"
http://arxiv.org/abs/0805.2308v1,Toward Fuzzy block theory,['H. Owladeghaffari'],"This study, fundamentals of fuzzy block theory, and its application in
assessment of stability in underground openings, has surveyed. Using fuzzy
topics and inserting them in to key block theory, in two ways, fundamentals of
fuzzy block theory has been presented. In indirect combining, by coupling of
adaptive Neuro Fuzzy Inference System (NFIS) and classic block theory, we could
extract possible damage parts around a tunnel. In direct solution, some
principles of block theory, by means of different fuzzy facets theory, were
rewritten.","['cs.AI', 'F.4.1']"
http://arxiv.org/abs/0805.2440v1,"Analysis of hydrocyclone performance based on information granulation
  theory","['Hamed Owladeghaffari', 'Majid Ejtemaei', 'Mehdi Irannajad']","This paper describes application of information granulation theory, on the
analysis of hydrocyclone perforamance. In this manner, using a combining of
Self Organizing Map (SOM) and Neuro-Fuzzy Inference System (NFIS), crisp and
fuzzy granules are obtained(briefly called SONFIS). Balancing of crisp granules
and sub fuzzy granules, within non fuzzy information (initial granulation), is
rendered in an open-close iteration. Using two criteria, ""simplicity of rules
""and ""adaptive threoshold error level"", stability of algorithm is guaranteed.
Validation of the proposed method, on the data set of the hydrocyclone is
rendered.",['cs.AI']
http://arxiv.org/abs/0805.3518v1,Logic programming with social features,"['Francesco Buccafurri', 'Gianluca Caminiti']","In everyday life it happens that a person has to reason about what other
people think and how they behave, in order to achieve his goals. In other
words, an individual may be required to adapt his behaviour by reasoning about
the others' mental state. In this paper we focus on a knowledge representation
language derived from logic programming which both supports the representation
of mental states of individual communities and provides each with the
capability of reasoning about others' mental states and acting accordingly. The
proposed semantics is shown to be translatable into stable model semantics of
logic programs with aggregates.",['cs.AI']
http://arxiv.org/abs/0805.3747v1,Constructing Folksonomies from User-specified Relations on Flickr,"['Anon Plangprasopchok', 'Kristina Lerman']","Many social Web sites allow users to publish content and annotate with
descriptive metadata. In addition to flat tags, some social Web sites have
recently began to allow users to organize their content and metadata
hierarchically. The social photosharing site Flickr, for example, allows users
to group related photos in sets, and related sets in collections. The social
bookmarking site Del.icio.us similarly lets users group related tags into
bundles. Although the sites themselves don't impose any constraints on how
these hierarchies are used, individuals generally use them to capture
relationships between concepts, most commonly the broader/narrower relations.
Collective annotation of content with hierarchical relations may lead to an
emergent classification system, called a folksonomy. While some researchers
have explored using tags as evidence for learning folksonomies, we believe that
hierarchical relations described above offer a high-quality source of evidence
for this task.
  We propose a simple approach to aggregate shallow hierarchies created by many
distinct Flickr users into a common folksonomy. Our approach uses statistics to
determine if a particular relation should be retained or discarded. The
relations are then woven together into larger hierarchies. Although we have not
carried out a detailed quantitative evaluation of the approach, it looks very
promising since it generates very reasonable, non-trivial hierarchies.",['cs.AI']
http://arxiv.org/abs/0805.3799v1,The Structure of Narrative: the Case of Film Scripts,"['Fionn Murtagh', 'Adam Ganz', 'Stewart McKie']","We analyze the style and structure of story narrative using the case of film
scripts. The practical importance of this is noted, especially the need to have
support tools for television movie writing. We use the Casablanca film script,
and scripts from six episodes of CSI (Crime Scene Investigation). For analysis
of style and structure, we quantify various central perspectives discussed in
McKee's book, ""Story: Substance, Structure, Style, and the Principles of
Screenwriting"". Film scripts offer a useful point of departure for exploration
of the analysis of more general narratives. Our methodology, using
Correspondence Analysis, and hierarchical clustering, is innovative in a range
of areas that we discuss. In particular this work is groundbreaking in taking
the qualitative analysis of McKee and grounding this analysis in a quantitative
and algorithmic framework.","['cs.AI', 'I.5.4; I.2.7; H.3.1']"
http://arxiv.org/abs/0805.3802v1,Feature Selection for Bayesian Evaluation of Trauma Death Risk,"['L. Jakaite', 'V. Schetinin']","In the last year more than 70,000 people have been brought to the UK
hospitals with serious injuries. Each time a clinician has to urgently take a
patient through a screening procedure to make a reliable decision on the trauma
treatment. Typically, such procedure comprises around 20 tests; however the
condition of a trauma patient remains very difficult to be tested properly.
What happens if these tests are ambiguously interpreted, and information about
the severity of the injury will come misleading? The mistake in a decision can
be fatal: using a mild treatment can put a patient at risk of dying from
posttraumatic shock, while using an overtreatment can also cause death. How can
we reduce the risk of the death caused by unreliable decisions? It has been
shown that probabilistic reasoning, based on the Bayesian methodology of
averaging over decision models, allows clinicians to evaluate the uncertainty
in decision making. Based on this methodology, in this paper we aim at
selecting the most important screening tests, keeping a high performance. We
assume that the probabilistic reasoning within the Bayesian methodology allows
us to discover new relationships between the screening tests and uncertainty in
decisions. In practice, selection of the most informative tests can also reduce
the cost of a screening procedure in trauma care centers. In our experiments we
use the UK Trauma data to compare the efficiency of the proposed technique in
terms of the performance. We also compare the uncertainty in decisions in terms
of entropy.",['cs.AI']
http://arxiv.org/abs/0805.3935v1,Fusion for Evaluation of Image Classification in Uncertain Environments,['Arnaud Martin'],"We present in this article a new evaluation method for classification and
segmentation of textured images in uncertain environments. In uncertain
environments, real classes and boundaries are known with only a partial
certainty given by the experts. Most of the time, in many presented papers,
only classification or only segmentation are considered and evaluated. Here, we
propose to take into account both the classification and segmentation results
according to the certainty given by the experts. We present the results of this
method on a fusion of classifiers of sonar images for a seabed
characterization.","['cs.AI', 'I.4; I.5']"
http://arxiv.org/abs/0805.3972v2,"Intuitive visualization of the intelligence for the run-down of
  terrorist wire-pullers","['Yoshiharu Maeno', 'Yukio Ohsawa']","The investigation of the terrorist attack is a time-critical task. The
investigators have a limited time window to diagnose the organizational
background of the terrorists, to run down and arrest the wire-pullers, and to
take an action to prevent or eradicate the terrorist attack. The intuitive
interface to visualize the intelligence data set stimulates the investigators'
experience and knowledge, and aids them in decision-making for an immediately
effective action. This paper presents a computational method to analyze the
intelligence data set on the collective actions of the perpetrators of the
attack, and to visualize it into the form of a social network diagram which
predicts the positions where the wire-pullers conceals themselves.",['cs.AI']
http://arxiv.org/abs/0805.4560v1,Rock mechanics modeling based on soft granulation theory,['H. Owladeghaffari'],"This paper describes application of information granulation theory, on the
design of rock engineering flowcharts. Firstly, an overall flowchart, based on
information granulation theory has been highlighted. Information granulation
theory, in crisp (non-fuzzy) or fuzzy format, can take into account engineering
experiences (especially in fuzzy shape-incomplete information or superfluous),
or engineering judgments, in each step of designing procedure, while the
suitable instruments modeling are employed. In this manner and to extension of
soft modeling instruments, using three combinations of Self Organizing Map
(SOM), Neuro-Fuzzy Inference System (NFIS), and Rough Set Theory (RST) crisp
and fuzzy granules, from monitored data sets are obtained. The main underlined
core of our algorithms are balancing of crisp(rough or non-fuzzy) granules and
sub fuzzy granules, within non fuzzy information (initial granulation) upon the
open-close iterations. Using different criteria on balancing best granules
(information pockets), are obtained. Validations of our proposed methods, on
the data set of in-situ permeability in rock masses in Shivashan dam, Iran have
been highlighted.",['cs.AI']
http://arxiv.org/abs/0806.0526v1,An Ontology-based Knowledge Management System for Industry Clusters,"['Pradorn Sureephong', 'Nopasit Chakpitak', 'Yacine Ouzrout', 'Abdelaziz Bouras']","Knowledge-based economy forces companies in the nation to group together as a
cluster in order to maintain their competitiveness in the world market. The
cluster development relies on two key success factors which are knowledge
sharing and collaboration between the actors in the cluster. Thus, our study
tries to propose knowledge management system to support knowledge management
activities within the cluster. To achieve the objectives of this study,
ontology takes a very important role in knowledge management process in various
ways; such as building reusable and faster knowledge-bases, better way for
representing the knowledge explicitly. However, creating and representing
ontology create difficulties to organization due to the ambiguity and
unstructured of source of knowledge. Therefore, the objectives of this paper
are to propose the methodology to create and represent ontology for the
organization development by using knowledge engineering approach. The
handicraft cluster in Thailand is used as a case study to illustrate our
proposed methodology.",['cs.AI']
http://arxiv.org/abs/0806.1280v1,The Role of Artificial Intelligence Technologies in Crisis Response,"['Khaled M. Khalil', 'M. Abdel-Aziz', 'Taymour T. Nazmy', 'Abdel-Badeeh M. Salem']","Crisis response poses many of the most difficult information technology in
crisis management. It requires information and communication-intensive efforts,
utilized for reducing uncertainty, calculating and comparing costs and
benefits, and managing resources in a fashion beyond those regularly available
to handle routine problems. In this paper, we explore the benefits of
artificial intelligence technologies in crisis response. This paper discusses
the role of artificial intelligence technologies; namely, robotics, ontology
and semantic web, and multi-agent systems in crisis response.",['cs.AI']
http://arxiv.org/abs/0806.1640v1,"Toward a combination rule to deal with partial conflict and specificity
  in belief functions theory","['Arnaud Martin', 'Christophe Osswald']","We present and discuss a mixed conjunctive and disjunctive rule, a
generalization of conflict repartition rules, and a combination of these two
rules. In the belief functions theory one of the major problem is the conflict
repartition enlightened by the famous Zadeh's example. To date, many
combination rules have been proposed in order to solve a solution to this
problem. Moreover, it can be important to consider the specificity of the
responses of the experts. Since few year some unification rules are proposed.
We have shown in our previous works the interest of the proportional conflict
redistribution rule. We propose here a mixed combination rule following the
proportional conflict redistribution rule modified by a discounting procedure.
This rule generalizes many combination rules.",['cs.AI']
http://arxiv.org/abs/0806.1797v1,"A new generalization of the proportional conflict redistribution rule
  stable in terms of decision","['Arnaud Martin', 'Christophe Osswald']","In this chapter, we present and discuss a new generalized proportional
conflict redistribution rule. The Dezert-Smarandache extension of the
Demster-Shafer theory has relaunched the studies on the combination rules
especially for the management of the conflict. Many combination rules have been
proposed in the last few years. We study here different combination rules and
compare them in terms of decision on didactic example and on generated data.
Indeed, in real applications, we need a reliable decision and it is the final
results that matter. This chapter shows that a fine proportional conflict
redistribution rule must be preferred for the combination in the belief
function theory.","['cs.AI', 'I.4; I.5']"
http://arxiv.org/abs/0806.1802v1,"Une nouvelle règle de combinaison répartissant le conflit -
  Applications en imagerie Sonar et classification de cibles Radar","['Arnaud Martin', 'Christophe Osswald']","These last years, there were many studies on the problem of the conflict
coming from information combination, especially in evidence theory. We can
summarise the solutions for manage the conflict into three different
approaches: first, we can try to suppress or reduce the conflict before the
combination step, secondly, we can manage the conflict in order to give no
influence of the conflict in the combination step, and then take into account
the conflict in the decision step, thirdly, we can take into account the
conflict in the combination step. The first approach is certainly the better,
but not always feasible. It is difficult to say which approach is the best
between the second and the third. However, the most important is the produced
results in applications. We propose here a new combination rule that
distributes the conflict proportionally on the element given this conflict. We
compare these different combination rules on real data in Sonar imagery and
Radar target classification.","['cs.AI', 'I.4; I.5']"
http://arxiv.org/abs/0806.1806v1,Perfect Derived Propagators,"['Christian Schulte', 'Guido Tack']","When implementing a propagator for a constraint, one must decide about
variants: When implementing min, should one also implement max? Should one
implement linear equations both with and without coefficients? Constraint
variants are ubiquitous: implementing them requires considerable (if not
prohibitive) effort and decreases maintainability, but will deliver better
performance.
  This paper shows how to use variable views, previously introduced for an
implementation architecture, to derive perfect propagator variants. A model for
views and derived propagators is introduced. Derived propagators are proved to
be indeed perfect in that they inherit essential properties such as correctness
and domain and bounds consistency. Techniques for systematically deriving
propagators such as transformation, generalization, specialization, and
channeling are developed for several variable domains. We evaluate the massive
impact of derived propagators. Without derived propagators, Gecode would
require 140000 rather than 40000 lines of code for propagators.","['cs.AI', 'D.3.2; D.3.3']"
http://arxiv.org/abs/0806.2140v1,Defaults and Normality in Causal Structures,['Joseph Y. Halpern'],"A serious defect with the Halpern-Pearl (HP) definition of causality is
repaired by combining a theory of causality with a theory of defaults. In
addition, it is shown that (despite a claim to the contrary) a cause according
to the HP condition need not be a single conjunct. A definition of causality
motivated by Wright's NESS test is shown to always hold for a single conjunct.
Moreover, conditions that hold for all the examples considered by HP are given
that guarantee that causality according to (this version) of the NESS test is
equivalent to the HP definition.",['cs.AI']
http://arxiv.org/abs/0806.4511v5,The model of quantum evolution,['Konstantin P. Wishnevsky'],"This paper has been withdrawn by the author due to extremely unscientific
errors.",['cs.AI']
http://arxiv.org/abs/0807.0627v1,Belief decision support and reject for textured images characterization,['Arnaud Martin'],"The textured images' classification assumes to consider the images in terms
of area with the same texture. In uncertain environment, it could be better to
take an imprecise decision or to reject the area corresponding to an unlearning
class. Moreover, on the areas that are the classification units, we can have
more than one texture. These considerations allows us to develop a belief
decision model permitting to reject an area as unlearning and to decide on
unions and intersections of learning classes. The proposed approach finds all
its justification in an application of seabed characterization from sonar
images, which contributes to an illustration.","['cs.AI', 'I.4; I.5']"
http://arxiv.org/abs/0807.0908v2,"The Correspondence Analysis Platform for Uncovering Deep Structure in
  Data and Information",['Fionn Murtagh'],"We study two aspects of information semantics: (i) the collection of all
relationships, (ii) tracking and spotting anomaly and change. The first is
implemented by endowing all relevant information spaces with a Euclidean metric
in a common projected space. The second is modelled by an induced ultrametric.
A very general way to achieve a Euclidean embedding of different information
spaces based on cross-tabulation counts (and from other input data formats) is
provided by Correspondence Analysis. From there, the induced ultrametric that
we are particularly interested in takes a sequential - e.g. temporal - ordering
of the data into account. We employ such a perspective to look at narrative,
""the flow of thought and the flow of language"" (Chafe). In application to
policy decision making, we show how we can focus analysis in a small number of
dimensions.","['cs.AI', 'I.5.4; H.3.1; I.2.7']"
http://arxiv.org/abs/0807.1906v3,"Extension of Inagaki General Weighted Operators and A New Fusion Rule
  Class of Proportional Redistribution of Intersection Masses",['Florentin Smarandache'],"In this paper we extend Inagaki Weighted Operators fusion rule (WO) in
information fusion by doing redistribution of not only the conflicting mass,
but also of masses of non-empty intersections, that we call Double Weighted
Operators (DWO). Then we propose a new fusion rule Class of Proportional
Redistribution of Intersection Masses (CPRIM), which generates many interesting
particular fusion rules in information fusion. Both formulas are presented for
any number of sources of information. An application and comparison with other
fusion rules are given in the last section.","['cs.AI', 'I.4.8']"
http://arxiv.org/abs/0807.3483v1,"Implementing general belief function framework with a practical
  codification for low complexity",['Arnaud Martin'],"In this chapter, we propose a new practical codification of the elements of
the Venn diagram in order to easily manipulate the focal elements. In order to
reduce the complexity, the eventual constraints must be integrated in the
codification at the beginning. Hence, we only consider a reduced hyper power
set $D_r^\Theta$ that can be $2^\Theta$ or $D^\Theta$. We describe all the
steps of a general belief function framework. The step of decision is
particularly studied, indeed, when we can decide on intersections of the
singletons of the discernment space no actual decision functions are easily to
use. Hence, two approaches are proposed, an extension of previous one and an
approach based on the specificity of the elements on which to decide. The
principal goal of this chapter is to provide practical codes of a general
belief function framework for the researchers and users needing the belief
function theory.",['cs.AI']
http://arxiv.org/abs/0807.3669v1,A new probabilistic transformation of belief mass assignment,"['Jean Dezert', 'Florentin Smarandache']","In this paper, we propose in Dezert-Smarandache Theory (DSmT) framework, a
new probabilistic transformation, called DSmP, in order to build a subjective
probability measure from any basic belief assignment defined on any model of
the frame of discernment. Several examples are given to show how the DSmP
transformation works and we compare it to main existing transformations
proposed in the literature so far. We show the advantages of DSmP over
classical transformations in term of Probabilistic Information Content (PIC).
The direct extension of this transformation for dealing with qualitative belief
assignments is also presented.",['cs.AI']
http://arxiv.org/abs/0807.4417v2,"On Introspection, Metacognitive Control and Augmented Data Mining Live
  Cycles",['Daniel Sonntag'],"We discuss metacognitive modelling as an enhancement to cognitive modelling
and computing. Metacognitive control mechanisms should enable AI systems to
self-reflect, reason about their actions, and to adapt to new situations. In
this respect, we propose implementation details of a knowledge taxonomy and an
augmented data mining life cycle which supports a live integration of obtained
models.","['cs.AI', 'I.2.0']"
http://arxiv.org/abs/0807.4680v3,Hacia una teoria de unificacion para los comportamientos cognitivos,['Sergio Miguel'],"Each cognitive science tries to understand a set of cognitive behaviors. The
structuring of knowledge of this nature's aspect is far from what it can be
expected about a science. Until now universal standard consistently describing
the set of cognitive behaviors has not been found, and there are many questions
about the cognitive behaviors for which only there are opinions of members of
the scientific community. This article has three proposals. The first proposal
is to raise to the scientific community the necessity of unified the cognitive
behaviors. The second proposal is claim the application of the Newton's
reasoning rules about nature of his book, Philosophiae Naturalis Principia
Mathematica, to the cognitive behaviors. The third is to propose a scientific
theory, currently developing, that follows the rules established by Newton to
make sense of nature, and could be the theory to explain all the cognitive
behaviors.","['cs.AI', 'I.2.0']"
http://arxiv.org/abs/0808.1125v1,Verified Null-Move Pruning,"['Omid David-Tabibi', 'Nathan S. Netanyahu']","In this article we review standard null-move pruning and introduce our
extended version of it, which we call verified null-move pruning. In verified
null-move pruning, whenever the shallow null-move search indicates a fail-high,
instead of cutting off the search from the current node, the search is
continued with reduced depth.
  Our experiments with verified null-move pruning show that on average, it
constructs a smaller search tree with greater tactical strength in comparison
to standard null-move pruning. Moreover, unlike standard null-move pruning,
which fails badly in zugzwang positions, verified null-move pruning manages to
detect most zugzwangs and in such cases conducts a re-search to obtain the
correct result. In addition, verified null-move pruning is very easy to
implement, and any standard null-move pruning program can use verified
null-move pruning by modifying only a few lines of code.","['cs.AI', 'I.2.8']"
http://arxiv.org/abs/0808.3109v3,n-ary Fuzzy Logic and Neutrosophic Logic Operators,"['Florentin Smarandache', 'V. Christianto']","We extend Knuth's 16 Boolean binary logic operators to fuzzy logic and
neutrosophic logic binary operators. Then we generalize them to n-ary fuzzy
logic and neutrosophic logic operators using the smarandache codification of
the Venn diagram and a defined vector neutrosophic law. In such way, new
operators in neutrosophic logic/set/probability are built.","['cs.AI', 'I.2.3']"
http://arxiv.org/abs/0809.0271v1,"Randomised Variable Neighbourhood Search for Multi Objective
  Optimisation",['Martin Josef Geiger'],"Various local search approaches have recently been applied to machine
scheduling problems under multiple objectives. Their foremost consideration is
the identification of the set of Pareto optimal alternatives. An important
aspect of successfully solving these problems lies in the definition of an
appropriate neighbourhood structure. Unclear in this context remains, how
interdependencies within the fitness landscape affect the resolution of the
problem.
  The paper presents a study of neighbourhood search operators for multiple
objective flow shop scheduling. Experiments have been carried out with twelve
different combinations of criteria. To derive exact conclusions, small problem
instances, for which the optimal solutions are known, have been chosen.
Statistical tests show that no single neighbourhood operator is able to equally
identify all Pareto optimal alternatives. Significant improvements however have
been obtained by hybridising the solution algorithm using a randomised variable
neighbourhood search technique.",['cs.AI']
http://arxiv.org/abs/0809.0406v1,Foundations of the Pareto Iterated Local Search Metaheuristic,['Martin Josef Geiger'],"The paper describes the proposition and application of a local search
metaheuristic for multi-objective optimization problems. It is based on two
main principles of heuristic search, intensification through variable
neighborhoods, and diversification through perturbations and successive
iterations in favorable regions of the search space. The concept is
successfully tested on permutation flow shop scheduling problems under multiple
objectives. While the obtained results are encouraging in terms of their
quality, another positive attribute of the approach is its' simplicity as it
does require the setting of only very few parameters. The implementation of the
Pareto Iterated Local Search metaheuristic is based on the MOOPPS computer
system of local search heuristics for multi-objective scheduling which has been
awarded the European Academic Software Award 2002 in Ronneby, Sweden
(http://www.easa-award.net/, http://www.bth.se/llab/easa_2002.nsf)",['cs.AI']
http://arxiv.org/abs/0809.0410v1,"A Computational Study of Genetic Crossover Operators for Multi-Objective
  Vehicle Routing Problem with Soft Time Windows",['Martin Josef Geiger'],"The article describes an investigation of the effectiveness of genetic
algorithms for multi-objective combinatorial optimization (MOCO) by presenting
an application for the vehicle routing problem with soft time windows. The work
is motivated by the question, if and how the problem structure influences the
effectiveness of different configurations of the genetic algorithm.
Computational results are presented for different classes of vehicle routing
problems, varying in their coverage with time windows, time window size,
distribution and number of customers. The results are compared with a simple,
but effective local search approach for multi-objective combinatorial
optimization problems.",['cs.AI']
http://arxiv.org/abs/0809.0416v1,Genetic Algorithms for multiple objective vehicle routing,['Martin Josef Geiger'],"The talk describes a general approach of a genetic algorithm for multiple
objective optimization problems. A particular dominance relation between the
individuals of the population is used to define a fitness operator, enabling
the genetic algorithm to adress even problems with efficient, but
convex-dominated alternatives. The algorithm is implemented in a multilingual
computer program, solving vehicle routing problems with time windows under
multiple objectives. The graphical user interface of the program shows the
progress of the genetic algorithm and the main parameters of the approach can
be easily modified. In addition to that, the program provides powerful decision
support to the decision maker. The software has proved it's excellence at the
finals of the European Academic Software Award EASA, held at the Keble college/
University of Oxford/ Great Britain.",['cs.AI']
http://arxiv.org/abs/0809.0610v1,"A framework for the interactive resolution of multi-objective vehicle
  routing problems","['Martin Josef Geiger', 'Wolf Wenger']","The article presents a framework for the resolution of rich vehicle routing
problems which are difficult to address with standard optimization techniques.
We use local search on the basis on variable neighborhood search for the
construction of the solutions, but embed the techniques in a flexible framework
that allows the consideration of complex side constraints of the problem such
as time windows, multiple depots, heterogeneous fleets, and, in particular,
multiple optimization criteria. In order to identify a compromise alternative
that meets the requirements of the decision maker, an interactive procedure is
integrated in the resolution of the problem, allowing the modification of the
preference information articulated by the decision maker. The framework is
prototypically implemented in a computer system. First results of test runs on
multiple depot vehicle routing problems with time windows are reported.",['cs.AI']
http://arxiv.org/abs/0809.0662v1,Improving Local Search for Fuzzy Scheduling Problems,"['Martin Josef Geiger', 'Sanja Petrovic']","The integration of fuzzy set theory and fuzzy logic into scheduling is a
rather new aspect with growing importance for manufacturing applications,
resulting in various unsolved aspects. In the current paper, we investigate an
improved local search technique for fuzzy scheduling problems with fitness
plateaus, using a multi criteria formulation of the problem. We especially
address the problem of changing job priorities over time as studied at the
Sherwood Press Ltd, a Nottingham based printing company, who is a collaborator
on the project.",['cs.AI']
http://arxiv.org/abs/0809.0755v1,"Bin Packing Under Multiple Objectives - a Heuristic Approximation
  Approach",['Martin Josef Geiger'],"The article proposes a heuristic approximation approach to the bin packing
problem under multiple objectives. In addition to the traditional objective of
minimizing the number of bins, the heterogeneousness of the elements in each
bin is minimized, leading to a biobjective formulation of the problem with a
tradeoff between the number of bins and their heterogeneousness. An extension
of the Best-Fit approximation algorithm is presented to solve the problem.
Experimental investigations have been carried out on benchmark instances of
different size, ranging from 100 to 1000 items. Encouraging results have been
obtained, showing the applicability of the heuristic approach to the described
problem.",['cs.AI']
http://arxiv.org/abs/0809.0757v1,"An application of the Threshold Accepting metaheuristic for curriculum
  based course timetabling",['Martin Josef Geiger'],"The article presents a local search approach for the solution of timetabling
problems in general, with a particular implementation for competition track 3
of the International Timetabling Competition 2007 (ITC 2007). The heuristic
search procedure is based on Threshold Accepting to overcome local optima. A
stochastic neighborhood is proposed and implemented, randomly removing and
reassigning events from the current solution.
  The overall concept has been incrementally obtained from a series of
experiments, which we describe in each (sub)section of the paper. In result, we
successfully derived a potential candidate solution approach for the finals of
track 3 of the ITC 2007.",['cs.AI']
http://arxiv.org/abs/0809.1077v1,"Variable Neighborhood Search for the University Lecturer-Student
  Assignment Problem","['Martin Josef Geiger', 'Wolf Wenger']","The paper presents a study of local search heuristics in general and variable
neighborhood search in particular for the resolution of an assignment problem
studied in the practical work of universities. Here, students have to be
assigned to scientific topics which are proposed and supported by members of
staff. The problem involves the optimization under given preferences of
students which may be expressed when applying for certain topics.
  It is possible to observe that variable neighborhood search leads to superior
results for the tested problem instances. One instance is taken from an actual
case, while others have been generated based on the real world data to support
the analysis with a deeper analysis.
  An extension of the problem has been formulated by integrating a second
objective function that simultaneously balances the workload of the members of
staff while maximizing utility of the students. The algorithmic approach has
been prototypically implemented in a computer system. One important aspect in
this context is the application of the research work to problems of other
scientific institutions, and therefore the provision of decision support
functionalities.",['cs.AI']
http://arxiv.org/abs/0809.3204v1,Extended ASP tableaux and rule redundancy in normal logic programs,"['Matti Järvisalo', 'Emilia Oikarinen']","We introduce an extended tableau calculus for answer set programming (ASP).
The proof system is based on the ASP tableaux defined in [Gebser&Schaub, ICLP
2006], with an added extension rule. We investigate the power of Extended ASP
Tableaux both theoretically and empirically. We study the relationship of
Extended ASP Tableaux with the Extended Resolution proof system defined by
Tseitin for sets of clauses, and separate Extended ASP Tableaux from ASP
Tableaux by giving a polynomial-length proof for a family of normal logic
programs P_n for which ASP Tableaux has exponential-length minimal proofs with
respect to n. Additionally, Extended ASP Tableaux imply interesting insight
into the effect of program simplification on the lengths of proofs in ASP.
Closely related to Extended ASP Tableaux, we empirically investigate the effect
of redundant rules on the efficiency of ASP solving.
  To appear in Theory and Practice of Logic Programming (TPLP).",['cs.AI']
http://arxiv.org/abs/0809.4582v1,"Achieving compositionality of the stable model semantics for Smodels
  programs","['Emilia Oikarinen', 'Tomi Janhunen']","In this paper, a Gaifman-Shapiro-style module architecture is tailored to the
case of Smodels programs under the stable model semantics. The composition of
Smodels program modules is suitably limited by module conditions which ensure
the compatibility of the module system with stable models. Hence the semantics
of an entire Smodels program depends directly on stable models assigned to its
modules. This result is formalized as a module theorem which truly strengthens
Lifschitz and Turner's splitting-set theorem for the class of Smodels programs.
To streamline generalizations in the future, the module theorem is first proved
for normal programs and then extended to cover Smodels programs using a
translation from the latter class of programs to the former class. Moreover,
the respective notion of module-level equivalence, namely modular equivalence,
is shown to be a proper congruence relation: it is preserved under
substitutions of modules that are modularly equivalent. Principles for program
decomposition are also addressed. The strongly connected components of the
respective dependency graph can be exploited in order to extract a module
structure when there is no explicit a priori knowledge about the modules of a
program. The paper includes a practical demonstration of tools that have been
developed for automated (de)composition of Smodels programs.
  To appear in Theory and Practice of Logic Programming.",['cs.AI']
http://arxiv.org/abs/0810.0139v1,"Determining the Unithood of Word Sequences using a Probabilistic
  Approach","['Wilson Wong', 'Wei Liu', 'Mohammed Bennamoun']","Most research related to unithood were conducted as part of a larger effort
for the determination of termhood. Consequently, novelties are rare in this
small sub-field of term extraction. In addition, existing work were mostly
empirically motivated and derived. We propose a new probabilistically-derived
measure, independent of any influences of termhood, that provides dedicated
measures to gather linguistic evidence from parsed text and statistical
evidence from Google search engine for the measurement of unithood. Our
comparative study using 1,825 test cases against an existing
empirically-derived function revealed an improvement in terms of precision,
recall and accuracy.",['cs.AI']
http://arxiv.org/abs/0810.0156v1,"Determining the Unithood of Word Sequences using Mutual Information and
  Independence Measure","['Wilson Wong', 'Wei Liu', 'Mohammed Bennamoun']","Most works related to unithood were conducted as part of a larger effort for
the determination of termhood. Consequently, the number of independent research
that study the notion of unithood and produce dedicated techniques for
measuring unithood is extremely small. We propose a new approach, independent
of any influences of termhood, that provides dedicated measures to gather
linguistic evidence from parsed text and statistical evidence from Google
search engine for the measurement of unithood. Our evaluations revealed a
precision and recall of 98.68% and 91.82% respectively with an accuracy at
95.42% in measuring the unithood of 1005 test cases.",['cs.AI']
http://arxiv.org/abs/0810.0332v1,Enhanced Integrated Scoring for Cleaning Dirty Texts,"['Wilson Wong', 'Wei Liu', 'Mohammed Bennamoun']","An increasing number of approaches for ontology engineering from text are
gearing towards the use of online sources such as company intranet and the
World Wide Web. Despite such rise, not much work can be found in aspects of
preprocessing and cleaning dirty texts from online sources. This paper presents
an enhancement of an Integrated Scoring for Spelling error correction,
Abbreviation expansion and Case restoration (ISSAC). ISSAC is implemented as
part of a text preprocessing phase in an ontology engineering system. New
evaluations performed on the enhanced ISSAC using 700 chat records reveal an
improved accuracy of 98% as compared to 96.5% and 71% based on the use of only
basic ISSAC and of Aspell, respectively.",['cs.AI']
http://arxiv.org/abs/0810.1186v2,On-the-fly Macros,"['Hubie Chen', 'Omer Gimenez']","We present a domain-independent algorithm that computes macros in a novel
way. Our algorithm computes macros ""on-the-fly"" for a given set of states and
does not require previously learned or inferred information, nor prior domain
knowledge. The algorithm is used to define new domain-independent tractable
classes of classical planning that are proved to include \emph{Blocksworld-arm}
and \emph{Towers of Hanoi}.",['cs.AI']
http://arxiv.org/abs/0810.2046v1,Modeling of Social Transitions Using Intelligent Systems,"['Hamed Owladeghaffari', 'Witold Pedrycz', 'Mostafa Sharifzadeh']","In this study, we reproduce two new hybrid intelligent systems, involve three
prominent intelligent computing and approximate reasoning methods: Self
Organizing feature Map (SOM), Neruo-Fuzzy Inference System and Rough Set Theory
(RST),called SONFIS and SORST. We show how our algorithms can be construed as a
linkage of government-society interactions, where government catches various
states of behaviors: solid (absolute) or flexible. So, transition of society,
by changing of connectivity parameters (noise) from order to disorder is
inferred.",['cs.AI']
http://arxiv.org/abs/0810.3865v1,"Relationship between Diversity and Perfomance of Multiple Classifiers
  for Decision Support","['R. Musehane', 'F. Netshiongolwe', 'F. V. Nelwamondo', 'L. Masisi', 'T. Marwala']","The paper presents the investigation and implementation of the relationship
between diversity and the performance of multiple classifiers on classification
accuracy. The study is critical as to build classifiers that are strong and can
generalize better. The parameters of the neural network within the committee
were varied to induce diversity; hence structural diversity is the focus for
this study. The hidden nodes and the activation function are the parameters
that were varied. The diversity measures that were adopted from ecology such as
Shannon and Simpson were used to quantify diversity. Genetic algorithm is used
to find the optimal ensemble by using the accuracy as the cost function. The
results observed shows that there is a relationship between structural
diversity and accuracy. It is observed that the classification accuracy of an
ensemble increases as the diversity increases. There was an increase of 3%-6%
in the classification accuracy.",['cs.AI']
http://arxiv.org/abs/0811.0131v1,"Balancing Exploration and Exploitation by an Elitist Ant System with
  Exponential Pheromone Deposition Rule","['Ayan Acharya', 'Deepyaman Maiti', 'Aritra Banerjee', 'Amit Konar']","The paper presents an exponential pheromone deposition rule to modify the
basic ant system algorithm which employs constant deposition rule. A stability
analysis using differential equation is carried out to find out the values of
parameters that make the ant system dynamics stable for both kinds of
deposition rule. A roadmap of connected cities is chosen as the problem
environment where the shortest route between two given cities is required to be
discovered. Simulations performed with both forms of deposition approach using
Elitist Ant System model reveal that the exponential deposition approach
outperforms the classical one by a large extent. Exhaustive experiments are
also carried out to find out the optimum setting of different controlling
parameters for exponential deposition approach and an empirical relationship
between the major controlling parameters of the algorithm and some features of
problem environment.",['cs.AI']
http://arxiv.org/abs/0811.0134v1,A Novel Parser Design Algorithm Based on Artificial Ants,"['Deepyaman Maiti', 'Ayan Acharya', 'Amit Konar', 'Janarthanan Ramadoss']","This article presents a unique design for a parser using the Ant Colony
Optimization algorithm. The paper implements the intuitive thought process of
human mind through the activities of artificial ants. The scheme presented here
uses a bottom-up approach and the parsing program can directly use ambiguous or
redundant grammars. We allocate a node corresponding to each production rule
present in the given grammar. Each node is connected to all other nodes
(representing other production rules), thereby establishing a completely
connected graph susceptible to the movement of artificial ants. Each ant tries
to modify this sentential form by the production rule present in the node and
upgrades its position until the sentential form reduces to the start symbol S.
Successful ants deposit pheromone on the links that they have traversed
through. Eventually, the optimum path is discovered by the links carrying
maximum amount of pheromone concentration. The design is simple, versatile,
robust and effective and obviates the calculation of the above mentioned sets
and precedence relation tables. Further advantages of our scheme lie in i)
ascertaining whether a given string belongs to the language represented by the
grammar, and ii) finding out the shortest possible path from the given string
to the start symbol S in case multiple routes exist.",['cs.AI']
http://arxiv.org/abs/0811.0136v1,"Extension of Max-Min Ant System with Exponential Pheromone Deposition
  Rule","['Ayan Acharya', 'Deepyaman Maiti', 'Aritra Banerjee', 'R. Janarthanan', 'Amit Konar']","The paper presents an exponential pheromone deposition approach to improve
the performance of classical Ant System algorithm which employs uniform
deposition rule. A simplified analysis using differential equations is carried
out to study the stability of basic ant system dynamics with both exponential
and constant deposition rules. A roadmap of connected cities, where the
shortest path between two specified cities are to be found out, is taken as a
platform to compare Max-Min Ant System model (an improved and popular model of
Ant System algorithm) with exponential and constant deposition rules. Extensive
simulations are performed to find the best parameter settings for non-uniform
deposition approach and experiments with these parameter settings revealed that
the above approach outstripped the traditional one by a large extent in terms
of both solution quality and convergence time.",['cs.AI']
http://arxiv.org/abs/0811.0340v1,"Document stream clustering: experimenting an incremental algorithm and
  AR-based tools for highlighting dynamic trends","['Alain Lelu', 'Martine Cadot', 'Pascal Cuxac']","We address here two major challenges presented by dynamic data mining: 1) the
stability challenge: we have implemented a rigorous incremental density-based
clustering algorithm, independent from any initial conditions and ordering of
the data-vectors stream, 2) the cognitive challenge: we have implemented a
stringent selection process of association rules between clusters at time t-1
and time t for directly generating the main conclusions about the dynamics of a
data-stream. We illustrate these points with an application to a two years and
2600 documents scientific information database.",['cs.AI']
http://arxiv.org/abs/0811.0602v1,"Classification dynamique d'un flux documentaire : une évaluation
  statique préalable de l'algorithme GERMEN","['Alain Lelu', 'Pascal Cuxac', 'Joel Johansson']","Data-stream clustering is an ever-expanding subdomain of knowledge
extraction. Most of the past and present research effort aims at efficient
scaling up for the huge data repositories. Our approach focuses on qualitative
improvement, mainly for ""weak signals"" detection and precise tracking of
topical evolutions in the framework of information watch - though scalability
is intrinsically guaranteed in a possibly distributed implementation. Our
GERMEN algorithm exhaustively picks up the whole set of density peaks of the
data at time t, by identifying the local perturbations induced by the current
document vector, such as changing cluster borders, or new/vanishing clusters.
Optimality yields from the uniqueness 1) of the density landscape for any value
of our zoom parameter, 2) of the cluster allocation operated by our border
propagation rule. This results in a rigorous independence from the data
presentation ranking or any initialization parameter. We present here as a
first step the only assessment of a static view resulting from one year of the
CNRS/INIST Pascal database in the field of geotechnics.",['cs.AI']
http://arxiv.org/abs/0811.0942v1,"Étude longitudinale d'une procédure de modélisation de
  connaissances en matière de gestion du territoire agricole","['Florence Le Ber', 'Christian Brassac']","This paper gives an introduction to this issue, and presents the framework
and the main steps of the Rosa project. Four teams of researchers, agronomists,
computer scientists, psychologists and linguists were involved during five
years within this project that aimed at the development of a knowledge based
system. The purpose of the Rosa system is the modelling and the comparison of
farm spatial organizations. It relies on a formalization of agronomical
knowledge and thus induces a joint knowledge building process involving both
the agronomists and the computer scientists. The paper describes the steps of
the modelling process as well as the filming procedures set up by the
psychologists and linguists in order to make explicit and to analyze the
underlying knowledge building process.",['cs.AI']
http://arxiv.org/abs/0811.1319v2,Modeling Social Annotation: a Bayesian Approach,"['Anon Plangprasopchok', 'Kristina Lerman']","Collaborative tagging systems, such as Delicious, CiteULike, and others,
allow users to annotate resources, e.g., Web pages or scientific papers, with
descriptive labels called tags. The social annotations contributed by thousands
of users, can potentially be used to infer categorical knowledge, classify
documents or recommend new relevant information. Traditional text inference
methods do not make best use of social annotation, since they do not take into
account variations in individual users' perspectives and vocabulary. In a
previous work, we introduced a simple probabilistic model that takes interests
of individual annotators into account in order to find hidden topics of
annotated resources. Unfortunately, that approach had one major shortcoming:
the number of topics and interests must be specified a priori. To address this
drawback, we extend the model to a fully Bayesian framework, which offers a way
to automatically estimate these numbers. In particular, the model allows the
number of interests and topics to change as suggested by the structure of the
data. We evaluate the proposed model in detail on the synthetic and real-world
data by comparing its performance to Latent Dirichlet Allocation on the topic
extraction task. For the latter evaluation, we apply the model to infer topics
of Web resources from social annotations obtained from Delicious in order to
discover new resources similar to a specified one. Our empirical results
demonstrate that the proposed model is a promising method for exploiting social
knowledge contained in user-generated annotations.","['cs.AI', 'H.2.8; I.5.1']"
http://arxiv.org/abs/0811.1618v1,Airport Gate Assignment: New Model and Implementation,['Chendong Li'],"Airport gate assignment is of great importance in airport operations. In this
paper, we study the Airport Gate Assignment Problem (AGAP), propose a new model
and implement the model with Optimization Programming language (OPL). With the
objective to minimize the number of conflicts of any two adjacent aircrafts
assigned to the same gate, we build a mathematical model with logical
constraints and the binary constraints, which can provide an efficient
evaluation criterion for the Airlines to estimate the current gate assignment.
To illustrate the feasibility of the model we construct experiments with the
data obtained from Continental Airlines, Houston Gorge Bush Intercontinental
Airport IAH, which indicate that our model is both energetic and effective.
Moreover, we interpret experimental results, which further demonstrate that our
proposed model can provide a powerful tool for airline companies to estimate
the efficiency of their current work of gate assignment.",['cs.AI']
http://arxiv.org/abs/0811.1711v1,Artificial Intelligence Techniques for Steam Generator Modelling,"['Sarah Wright', 'Tshilidzi Marwala']","This paper investigates the use of different Artificial Intelligence methods
to predict the values of several continuous variables from a Steam Generator.
The objective was to determine how the different artificial intelligence
methods performed in making predictions on the given dataset. The artificial
intelligence methods evaluated were Neural Networks, Support Vector Machines,
and Adaptive Neuro-Fuzzy Inference Systems. The types of neural networks
investigated were Multi-Layer Perceptions, and Radial Basis Function. Bayesian
and committee techniques were applied to these neural networks. Each of the AI
methods considered was simulated in Matlab. The results of the simulations
showed that all the AI methods were capable of predicting the Steam Generator
data reasonably accurately. However, the Adaptive Neuro-Fuzzy Inference system
out performed the other methods in terms of accuracy and ease of
implementation, while still achieving a fast execution time as well as a
reasonable training time.",['cs.AI']
http://arxiv.org/abs/0812.0885v4,Elementary epistemological features of machine intelligence,['Marko Horvat'],"Theoretical analysis of machine intelligence (MI) is useful for defining a
common platform in both theoretical and applied artificial intelligence (AI).
The goal of this paper is to set canonical definitions that can assist
pragmatic research in both strong and weak AI. Described epistemological
features of machine intelligence include relationship between intelligent
behavior, intelligent and unintelligent machine characteristics, observable and
unobservable entities and classification of intelligence. The paper also
establishes algebraic definitions of efficiency and accuracy of MI tests as
their quality measure. The last part of the paper addresses the learning
process with respect to the traditional epistemology and the epistemology of MI
described here. The proposed views on MI positively correlate to the Hegelian
monistic epistemology and contribute towards amalgamating idealistic
deliberations with the AI theory, particularly in a local frame of reference.",['cs.AI']
http://arxiv.org/abs/0812.1462v1,Logic programs with propositional connectives and aggregates,['Paolo Ferraris'],"Answer set programming (ASP) is a logic programming paradigm that can be used
to solve complex combinatorial search problems. Aggregates are an ASP construct
that plays an important role in many applications. Defining a satisfactory
semantics of aggregates turned out to be a difficult problem, and in this paper
we propose a new approach, based on an analogy between aggregates and
propositional connectives. First, we extend the definition of an answer
set/stable model to cover arbitrary propositional theories; then we define
aggregates on top of them both as primitive constructs and as abbreviations for
formulas. Our definition of an aggregate combines expressiveness and
simplicity, and it inherits many theorems about programs with nested
expressions, such as theorems about strong equivalence and splitting.",['cs.AI']
http://arxiv.org/abs/0812.1843v1,"Identification of parameters underlying emotions and a classification of
  emotions",['N. Arvind Kumar'],"The standard classification of emotions involves categorizing the expression
of emotions. In this paper, parameters underlying some emotions are identified
and a new classification based on these parameters is suggested.",['cs.AI']
http://arxiv.org/abs/0812.2785v1,"Prediction of Platinum Prices Using Dynamically Weighted Mixture of
  Experts","['Baruch Lubinsky', 'Bekir Genc', 'Tshilidzi Marwala']","Neural networks are powerful tools for classification and regression in
static environments. This paper describes a technique for creating an ensemble
of neural networks that adapts dynamically to changing conditions. The model
separates the input space into four regions and each network is given a weight
in each region based on its performance on samples from that region. The
ensemble adapts dynamically by constantly adjusting these weights based on the
current performance of the networks. The data set used is a collection of
financial indicators with the goal of predicting the future platinum price. An
ensemble with no weightings does not improve on the naive estimate of no weekly
change; our weighting algorithm gives an average percentage error of 63% for
twenty weeks of prediction.",['cs.AI']
http://arxiv.org/abs/0812.2991v1,"Analyse et structuration automatique des guides de bonnes pratiques
  cliniques : essai d'évaluation","['Amanda Bouffier', 'Thierry Poibeau', 'Catherine Duclos']","Health Practice Guideliens are supposed to unify practices and propose
recommendations to physicians. This paper describes GemFrame, a system capable
of semi-automatically filling an XML template from free texts in the clinical
domain. The XML template includes semantic information not explicitly encoded
in the text (pairs of conditions and ac-tions/recommendations). Therefore,
there is a need to compute the exact scope of condi-tions over text sequences
expressing the re-quired actions. We present a system developped for this task.
We show that it yields good performance when applied to the analysis of French
practice guidelines. We conclude with a precise evaluation of the tool.",['cs.AI']
http://arxiv.org/abs/0812.3478v1,"Automatic Construction of Lightweight Domain Ontologies for Chemical
  Engineering Risk Management","['Wilson Wong', 'Wei Liu', 'Saujoe Liaw', 'Nicoletta Balliu', 'Hongwei Wu', 'Moses Tade']","The need for domain ontologies in mission critical applications such as risk
management and hazard identification is becoming more and more pressing. Most
research on ontology learning conducted in the academia remains unrealistic for
real-world applications. One of the main problems is the dependence on
non-incremental, rare knowledge and textual resources, and manually-crafted
patterns and rules. This paper reports work in progress aiming to address such
undesirable dependencies during ontology construction. Initial experiments
using a working prototype of the system revealed promising potentials in
automatically constructing high-quality domain ontologies using real-world
texts.",['cs.AI']
http://arxiv.org/abs/0901.0786v3,"Approximate inference on planar graphs using Loop Calculus and Belief
  Propagation","['V. Gómez', 'H. J. Kappen', 'M. Chertkov']","We introduce novel results for approximate inference on planar graphical
models using the loop calculus framework. The loop calculus (Chertkov and
Chernyak, 2006) allows to express the exact partition function of a graphical
model as a finite sum of terms that can be evaluated once the belief
propagation (BP) solution is known. In general, full summation over all
correction terms is intractable. We develop an algorithm for the approach
presented in (Certkov et al., 2008) which represents an efficient truncation
scheme on planar graphs and a new representation of the series in terms of
Pfaffians of matrices. We analyze the performance of the algorithm for the
partition function approximation for models with binary variables and pairwise
interactions on grids and other planar graphs. We study in detail both the loop
series and the equivalent Pfaffian series and show that the first term of the
Pfaffian series for the general, intractable planar model, can provide very
accurate approximations. The algorithm outperforms previous truncation schemes
of the loop series and is competitive with other state-of-the-art methods for
approximate inference.",['cs.AI']
http://arxiv.org/abs/0901.1289v1,"N-norm and N-conorm in Neutrosophic Logic and Set, and the Neutrosophic
  Topologies",['Florentin Smarandache'],"In this paper we present the N-norms/N-conorms in neutrosophic logic and set
as extensions of T-norms/T-conorms in fuzzy logic and set. Also, as an
extension of the Intuitionistic Fuzzy Topology we present the Neutrosophic
Topologies.","['cs.AI', 'I.2.3']"
http://arxiv.org/abs/0901.3769v1,Deceptiveness and Neutrality - the ND family of fitness landscapes,"['William Beaudoin', 'Sébastien Verel', 'Philippe Collard', 'Cathy Escazut']","When a considerable number of mutations have no effects on fitness values,
the fitness landscape is said neutral. In order to study the interplay between
neutrality, which exists in many real-world applications, and performances of
metaheuristics, it is useful to design landscapes which make it possible to
tune precisely neutral degree distribution. Even though many neutral landscape
models have already been designed, none of them are general enough to create
landscapes with specific neutral degree distributions. We propose three steps
to design such landscapes: first using an algorithm we construct a landscape
whose distribution roughly fits the target one, then we use a simulated
annealing heuristic to bring closer the two distributions and finally we affect
fitness values to each neutral network. Then using this new family of fitness
landscapes we are able to highlight the interplay between deceptiveness and
neutrality.",['cs.AI']
http://arxiv.org/abs/0901.4004v1,Mining for adverse drug events with formal concept analysis,"['Alexander Estacio-Moreno', 'Yannick Toussaint', 'Cédric Bousquet']","The pharmacovigilance databases consist of several case reports involving
drugs and adverse events (AEs). Some methods are applied consistently to
highlight all signals, i.e. all statistically significant associations between
a drug and an AE. These methods are appropriate for verification of more
complex relationships involving one or several drug(s) and AE(s) (e.g;
syndromes or interactions) but do not address the identification of them. We
propose a method for the extraction of these relationships based on Formal
Concept Analysis (FCA) associated with disproportionality measures. This method
identifies all sets of drugs and AEs which are potential signals, syndromes or
interactions. Compared to a previous experience of disproportionality analysis
without FCA, the addition of FCA was more efficient for identifying false
positives related to concomitant drugs.",['cs.AI']
http://arxiv.org/abs/0901.4761v1,"A Knowledge Discovery Framework for Learning Task Models from User
  Interactions in Intelligent Tutoring Systems","['P. Fournier-Viger', 'R. Nkambou', 'E. Mephu Nguifo']","Domain experts should provide relevant domain knowledge to an Intelligent
Tutoring System (ITS) so that it can guide a learner during problemsolving
learning activities. However, for many ill-defined domains, the domain
knowledge is hard to define explicitly. In previous works, we showed how
sequential pattern mining can be used to extract a partial problem space from
logged user interactions, and how it can support tutoring services during
problem-solving exercises. This article describes an extension of this approach
to extract a problem space that is richer and more adapted for supporting
tutoring services. We combined sequential pattern mining with (1) dimensional
pattern mining (2) time intervals, (3) the automatic clustering of valued
actions and (4) closed sequences mining. Some tutoring services have been
implemented and an experiment has been conducted in a tutoring system.",['cs.AI']
http://arxiv.org/abs/0901.4963v1,How Emotional Mechanism Helps Episodic Learning in a Cognitive Agent,"['Usef Faghihi', 'Philippe Fournier-Viger', 'Roger Nkambou', 'Pierre Poirier', 'Andre Mayers']","In this paper we propose the CTS (Concious Tutoring System) technology, a
biologically plausible cognitive agent based on human brain functions.This
agent is capable of learning and remembering events and any related information
such as corresponding procedures, stimuli and their emotional valences. Our
proposed episodic memory and episodic learning mechanism are closer to the
current multiple-trace theory in neuroscience, because they are inspired by it
[5] contrary to other mechanisms that are incorporated in cognitive agents.
This is because in our model emotions play a role in the encoding and
remembering of events. This allows the agent to improve its behavior by
remembering previously selected behaviors which are influenced by its emotional
mechanism. Moreover, the architecture incorporates a realistic memory
consolidation process based on a data mining algorithm.",['cs.AI']
http://arxiv.org/abs/0902.0798v1,Alleviating Media Bias Through Intelligent Agent Blogging,['Ernesto Diaz-Aviles'],"Consumers of mass media must have a comprehensive, balanced and plural
selection of news to get an unbiased perspective; but achieving this goal can
be very challenging, laborious and time consuming. News stories development
over time, its (in)consistency, and different level of coverage across the
media outlets are challenges that a conscientious reader has to overcome in
order to alleviate bias.
  In this paper we present an intelligent agent framework currently
facilitating analysis of the main sources of on-line news in El Salvador. We
show how prior tools of text analysis and Web 2.0 technologies can be combined
with minimal manual intervention to help individuals on their rational decision
process, while holding media outlets accountable for their work.","['cs.AI', 'I.2.11; J.4; H.3']"
http://arxiv.org/abs/0902.0899v1,"Comparative concept similarity over Minspaces: Axiomatisation and
  Tableaux Calculus","['Régis Alenda', 'Nicola Olivetti', 'Camilla Schwind']","We study the logic of comparative concept similarity $\CSL$ introduced by
Sheremet, Tishkovsky, Wolter and Zakharyaschev to capture a form of qualitative
similarity comparison. In this logic we can formulate assertions of the form ""
objects A are more similar to B than to C"". The semantics of this logic is
defined by structures equipped by distance functions evaluating the similarity
degree of objects. We consider here the particular case of the semantics
induced by \emph{minspaces}, the latter being distance spaces where the minimum
of a set of distances always exists. It turns out that the semantics over
arbitrary minspaces can be equivalently specified in terms of preferential
structures, typical of conditional logics. We first give a direct
axiomatisation of this logic over Minspaces. We next define a decision
procedure in the form of a tableaux calculus. Both the calculus and the
axiomatisation take advantage of the reformulation of the semantics in terms of
preferential structures.",['cs.AI']
http://arxiv.org/abs/0902.1080v1,A Model for Managing Collections of Patterns,"['Baptiste Jeudy', 'Christine Largeron', 'François Jacquenet']","Data mining algorithms are now able to efficiently deal with huge amount of
data. Various kinds of patterns may be discovered and may have some great
impact on the general development of knowledge. In many domains, end users may
want to have their data mined by data mining tools in order to extract patterns
that could impact their business. Nevertheless, those users are often
overwhelmed by the large quantity of patterns extracted in such a situation.
Moreover, some privacy issues, or some commercial one may lead the users not to
be able to mine the data by themselves. Thus, the users may not have the
possibility to perform many experiments integrating various constraints in
order to focus on specific patterns they would like to extract. Post processing
of patterns may be an answer to that drawback. Thus, in this paper we present a
framework that could allow end users to manage collections of patterns. We
propose to use an efficient data structure on which some algebraic operators
may be used in order to retrieve or access patterns in pattern bases.",['cs.AI']
http://arxiv.org/abs/0902.2206v5,Feature Hashing for Large Scale Multitask Learning,"['Kilian Weinberger', 'Anirban Dasgupta', 'Josh Attenberg', 'John Langford', 'Alex Smola']","Empirical evidence suggests that hashing is an effective strategy for
dimensionality reduction and practical nonparametric estimation. In this paper
we provide exponential tail bounds for feature hashing and show that the
interaction between random subspaces is negligible with high probability. We
demonstrate the feasibility of this approach with experimental results for a
new use case -- multitask learning with hundreds of thousands of tasks.",['cs.AI']
http://arxiv.org/abs/0902.2362v1,XML Representation of Constraint Networks: Format XCSP 2.1,"['Olivier Roussel', 'Christophe Lecoutre']","We propose a new extended format to represent constraint networks using XML.
This format allows us to represent constraints defined either in extension or
in intension. It also allows us to reference global constraints. Any instance
of the problems CSP (Constraint Satisfaction Problem), QCSP (Quantified CSP)
and WCSP (Weighted CSP) can be represented using this format.","['cs.AI', 'H.5.2']"
http://arxiv.org/abs/0902.2871v1,The Semantics of Kalah Game,['Kaninda Musumbu'],"The present work consisted in developing a plateau game. There are the
traditional ones (monopoly, cluedo, ect.) but those which interest us leave
less place at the chance (luck) than to the strategy such that the chess game.
Kallah is an old African game, its rules are simple but the strategies to be
used are very complex to implement. Of course, they are based on a strongly
mathematical basis as in the film ""Rain-Man"" where one can see that gambling
can be payed with strategies based on mathematical theories. The Artificial
Intelligence gives the possibility ""of thinking"" to a machine and, therefore,
allows it to make decisions. In our work, we use it to give the means to the
computer choosing its best movement.",['cs.AI']
http://arxiv.org/abs/0903.0041v1,Learning DTW Global Constraint for Time Series Classification,"['Vit Niennattrakul', 'Chotirat Ann Ratanamahatana']","1-Nearest Neighbor with the Dynamic Time Warping (DTW) distance is one of the
most effective classifiers on time series domain. Since the global constraint
has been introduced in speech community, many global constraint models have
been proposed including Sakoe-Chiba (S-C) band, Itakura Parallelogram, and
Ratanamahatana-Keogh (R-K) band. The R-K band is a general global constraint
model that can represent any global constraints with arbitrary shape and size
effectively. However, we need a good learning algorithm to discover the most
suitable set of R-K bands, and the current R-K band learning algorithm still
suffers from an 'overfitting' phenomenon. In this paper, we propose two new
learning algorithms, i.e., band boundary extraction algorithm and iterative
learning algorithm. The band boundary extraction is calculated from the bound
of all possible warping paths in each class, and the iterative learning is
adjusted from the original R-K band learning. We also use a Silhouette index, a
well-known clustering validation technique, as a heuristic function, and the
lower bound function, LB_Keogh, to enhance the prediction speed. Twenty
datasets, from the Workshop and Challenge on Time Series Classification, held
in conjunction of the SIGKDD 2007, are used to evaluate our approach.","['cs.AI', 'H.2.8']"
http://arxiv.org/abs/0903.0211v1,"Range and Roots: Two Common Patterns for Specifying and Propagating
  Counting and Occurrence Constraints","['Christian Bessiere', 'Emmanuel Hebrard', 'Brahim Hnich', 'Zeynep Kiziltan', 'Toby Walsh']","We propose Range and Roots which are two common patterns useful for
specifying a wide range of counting and occurrence constraints. We design
specialised propagation algorithms for these two patterns. Counting and
occurrence constraints specified using these patterns thus directly inherit a
propagation algorithm. To illustrate the capabilities of the Range and Roots
constraints, we specify a number of global constraints taken from the
literature. Preliminary experiments demonstrate that propagating counting and
occurrence constraints using these two patterns leads to a small loss in
performance when compared to specialised global constraints and is competitive
with alternative decompositions using elementary constraints.",['cs.AI']
http://arxiv.org/abs/0903.0279v1,An introduction to DSmT,"['Jean Dezert', 'Florentin Smarandache']","The management and combination of uncertain, imprecise, fuzzy and even
paradoxical or high conflicting sources of information has always been, and
still remains today, of primal importance for the development of reliable
modern information systems involving artificial reasoning. In this
introduction, we present a survey of our recent theory of plausible and
paradoxical reasoning, known as Dezert-Smarandache Theory (DSmT), developed for
dealing with imprecise, uncertain and conflicting sources of information. We
focus our presentation on the foundations of DSmT and on its most important
rules of combination, rather than on browsing specific applications of DSmT
available in literature. Several simple examples are given throughout this
presentation to show the efficiency and the generality of this new approach.",['cs.AI']
http://arxiv.org/abs/0903.0314v4,Granularity-Adaptive Proof Presentation,"['Marvin Schiller', 'Christoph Benzmueller']","When mathematicians present proofs they usually adapt their explanations to
their didactic goals and to the (assumed) knowledge of their addressees. Modern
automated theorem provers, in contrast, present proofs usually at a fixed level
of detail (also called granularity). Often these presentations are neither
intended nor suitable for human use. A challenge therefore is to develop user-
and goal-adaptive proof presentation techniques that obey common mathematical
practice. We present a flexible and adaptive approach to proof presentation
that exploits machine learning techniques to extract a model of the specific
granularity of proof examples and employs this model for the automated
generation of further proofs at an adapted level of granularity.","['cs.AI', 'K.3.1; I.2.3; I.2.6']"
http://arxiv.org/abs/0903.0465v1,Breaking Value Symmetry,['Toby Walsh'],"Symmetry is an important factor in solving many constraint satisfaction
problems. One common type of symmetry is when we have symmetric values. In a
recent series of papers, we have studied methods to break value symmetries. Our
results identify computational limits on eliminating value symmetry. For
instance, we prove that pruning all symmetric values is NP-hard in general.
Nevertheless, experiments show that much value symmetry can be broken in
practice. These results may be useful to researchers in planning, scheduling
and other areas as value symmetry occurs in many different domains.","['cs.AI', 'I.2.4']"
http://arxiv.org/abs/0903.0475v1,Reformulating Global Grammar Constraints,"['George Katsirelos', 'Nina Narodytska', 'Toby Walsh']","An attractive mechanism to specify global constraints in rostering and other
domains is via formal languages. For instance, the Regular and Grammar
constraints specify constraints in terms of the languages accepted by an
automaton and a context-free grammar respectively. Taking advantage of the
fixed length of the constraint, we give an algorithm to transform a
context-free grammar into an automaton. We then study the use of minimization
techniques to reduce the size of such automata and speed up propagation. We
show that minimizing such automata after they have been unfolded and domains
initially reduced can give automata that are more compact than minimizing
before unfolding and reducing. Experimental results show that such
transformations can improve the size of rostering problems that we can 'model
and run'.",['cs.AI']
http://arxiv.org/abs/0903.0479v1,Combining Symmetry Breaking and Global Constraints,"['George Katsirelos', 'Nina Narodytska', 'Toby Walsh']","We propose a new family of constraints which combine together lexicographical
ordering constraints for symmetry breaking with other common global
constraints. We give a general purpose propagator for this family of
constraints, and show how to improve its complexity by exploiting properties of
the included global constraints.",['cs.AI']
http://arxiv.org/abs/0903.0695v1,Online Estimation of SAT Solving Runtime,"['Shai Haim', 'Toby Walsh']","We present an online method for estimating the cost of solving SAT problems.
Modern SAT solvers present several challenges to estimate search cost including
non-chronological backtracking, learning and restarts. Our method uses a linear
model trained on data gathered at the start of search. We show the
effectiveness of this method using random and structured problems. We
demonstrate that predictions made in early restarts can be used to improve
later predictions. We also show that we can use such cost estimations to select
a solver from a portfolio.",['cs.AI']
http://arxiv.org/abs/0903.0786v2,On Requirements for Programming Exercises from an E-learning Perspective,['Carlos Loria-Saenz'],"In this work, we deal with the question of modeling programming exercises for
novices pointing to an e-learning scenario. Our purpose is to identify basic
requirements, raise some key questions and propose potential answers from a
conceptual perspective. Presented as a general picture, we hypothetically
situate our work in a general context where e-learning instructional material
needs to be adapted to form part of an introductory Computer Science (CS)
e-learning course at the CS1-level. Meant is a potential course which aims at
improving novices skills and knowledge on the essentials of programming by
using e-learning based approaches in connection (at least conceptually) with a
general host framework like Activemath (www.activemath.org). Our elaboration
covers contextual and, particularly, cognitive elements preparing the terrain
for eventual research stages in a derived project, as indicated. We concentrate
our main efforts on reasoning mechanisms about exercise complexity that can
eventually offer tool support for the task of exercise authoring. We base our
requirements analysis on our own perception of the exercise subsystem provided
by Activemath especially within the domain reasoner area. We enrich the
analysis by bringing to the discussion several relevant contextual elements
from the CS1 courses, its definition and implementation. Concerning cognitive
models and exercises, we build upon the principles of Bloom's Taxonomy as a
relatively standardized basis and use them as a framework for study and
analysis of complexity in basic programming exercises. Our analysis includes
requirements for the domain reasoner which are necessary for the exercise
analysis. We propose for such a purpose a three-layered conceptual model
considering exercise evaluation, programming and metaprogramming.",['cs.AI']
http://arxiv.org/abs/0903.0829v1,Tagging multimedia stimuli with ontologies,"['Marko Horvat', 'Sinisa Popovic', 'Nikola Bogunovic', 'Kresimir Cosic']","Successful management of emotional stimuli is a pivotal issue concerning
Affective Computing (AC) and the related research. As a subfield of Artificial
Intelligence, AC is concerned not only with the design of computer systems and
the accompanying hardware that can recognize, interpret, and process human
emotions, but also with the development of systems that can trigger human
emotional response in an ordered and controlled manner. This requires the
maximum attainable precision and efficiency in the extraction of data from
emotionally annotated databases While these databases do use keywords or tags
for description of the semantic content, they do not provide either the
necessary flexibility or leverage needed to efficiently extract the pertinent
emotional content. Therefore, to this extent we propose an introduction of
ontologies as a new paradigm for description of emotionally annotated data. The
ability to select and sequence data based on their semantic attributes is vital
for any study involving metadata, semantics and ontological sorting like the
Semantic Web or the Social Semantic Desktop, and the approach described in the
paper facilitates reuse in these areas as well.",['cs.AI']
http://arxiv.org/abs/0903.1150v1,Stochastic Constraint Programming: A Scenario-Based Approach,"['S. Armagan Tarim', 'Suresh Manandhar', 'Toby Walsh']","To model combinatorial decision problems involving uncertainty and
probability, we introduce scenario based stochastic constraint programming.
Stochastic constraint programs contain both decision variables, which we can
set, and stochastic variables, which follow a discrete probability
distribution. We provide a semantics for stochastic constraint programs based
on scenario trees. Using this semantics, we can compile stochastic constraint
programs down into conventional (non-stochastic) constraint programs. This
allows us to exploit the full power of existing constraint solvers. We have
implemented this framework for decision making under uncertainty in stochastic
OPL, a language which is based on the OPL constraint modelling language
[Hentenryck et al., 1999]. To illustrate the potential of this framework, we
model a wide range of problems in areas as diverse as portfolio
diversification, agricultural planning and production/inventory management.","['cs.AI', 'I.2.4']"
http://arxiv.org/abs/0903.1152v1,Stochastic Constraint Programming,['Toby Walsh'],"To model combinatorial decision problems involving uncertainty and
probability, we introduce stochastic constraint programming. Stochastic
constraint programs contain both decision variables (which we can set) and
stochastic variables (which follow a probability distribution). They combine
together the best features of traditional constraint satisfaction, stochastic
integer programming, and stochastic satisfiability. We give a semantics for
stochastic constraint programs, and propose a number of complete algorithms and
approximation procedures. Finally, we discuss a number of extensions of
stochastic constraint programming to relax various assumptions like the
independence between stochastic variables, and compare with other approaches
for decision making under uncertainty.","['cs.AI', 'I.2.4']"
http://arxiv.org/abs/0903.3926v1,Designing a GUI for Proofs - Evaluation of an HCI Experiment,"['Martin Homik', 'Andreas Meier']","Often user interfaces of theorem proving systems focus on assisting
particularly trained and skilled users, i.e., proof experts. As a result, the
systems are difficult to use for non-expert users. This paper describes a paper
and pencil HCI experiment, in which (non-expert) students were asked to make
suggestions for a GUI for an interactive system for mathematical proofs. They
had to explain the usage of the GUI by applying it to construct a proof sketch
for a given theorem. The evaluation of the experiment provides insights for the
interaction design for non-expert users and the needs and wants of this user
group.",['cs.AI']
http://arxiv.org/abs/0903.5054v1,Flow of Activity in the Ouroboros Model,['Knud Thomsen'],"The Ouroboros Model is a new conceptual proposal for an algorithmic structure
for efficient data processing in living beings as well as for artificial
agents. Its central feature is a general repetitive loop where one iteration
cycle sets the stage for the next. Sensory input activates data structures
(schemata) with similar constituents encountered before, thus expectations are
kindled. This corresponds to the highlighting of empty slots in the selected
schema, and these expectations are compared with the actually encountered
input. Depending on the outcome of this consumption analysis different next
steps like search for further data or a reset, i.e. a new attempt employing
another schema, are triggered. Monitoring of the whole process, and in
particular of the flow of activation directed by the consumption analysis,
yields valuable feedback for the optimum allocation of attention and resources
including the selective establishment of useful new memory entries.","['cs.AI', 'B.2.0; C.1.3']"
http://arxiv.org/abs/0903.5289v1,"Heterogeneous knowledge representation using a finite automaton and
  first order logic: a case study in electromyography","['Vincent Rialle', 'Annick Vila', 'Yves Besnard']","In a certain number of situations, human cognitive functioning is difficult
to represent with classical artificial intelligence structures. Such a
difficulty arises in the polyneuropathy diagnosis which is based on the spatial
distribution, along the nerve fibres, of lesions, together with the synthesis
of several partial diagnoses. Faced with this problem while building up an
expert system (NEUROP), we developed a heterogeneous knowledge representation
associating a finite automaton with first order logic. A number of knowledge
representation problems raised by the electromyography test features are
examined in this study and the expert system architecture allowing such a
knowledge modeling are laid out.",['cs.AI']
http://arxiv.org/abs/0904.0029v1,Learning for Dynamic subsumption,"['Youssef Hamadi', 'Said Jabbour', 'Lakhdar Sais']","In this paper a new dynamic subsumption technique for Boolean CNF formulae is
proposed. It exploits simple and sufficient conditions to detect during
conflict analysis, clauses from the original formula that can be reduced by
subsumption. During the learnt clause derivation, and at each step of the
resolution process, we simply check for backward subsumption between the
current resolvent and clauses from the original formula and encoded in the
implication graph. Our approach give rise to a strong and dynamic
simplification technique that exploits learning to eliminate literals from the
original clauses. Experimental results show that the integration of our dynamic
subsumption approach within the state-of-the-art SAT solvers Minisat and Rsat
achieves interesting improvements particularly on crafted instances.",['cs.AI']
http://arxiv.org/abs/0904.2827v5,Principle of development,['Elena S. Vishnevksaya'],"Today, science have a powerful tool for the description of reality - the
numbers. However, the concept of number was not immediately, lets try to trace
the evolution of the concept. The numbers emerged as the need for accurate
estimates of the amount in order to permit a comparison of some objects. So if
you see to it how many times a day a person uses the numbers and compare, it
becomes evident that the comparison is used much more frequently. However, the
comparison is not possible without two opposite basic standards. Thus, to
introduce the concept of comparison, must have two opposing standards, in turn,
the operation of comparison is necessary to introduce the concept of number.
Arguably, the scientific description of reality is impossible without the
concept of opposites.
  In this paper analyzes the concept of opposites, as the basis for the
introduction of the principle of development.",['cs.AI']
http://arxiv.org/abs/0904.3701v1,Semantic Social Network Analysis,"['Guillaume Erétéo', 'Fabien Gandon', 'Olivier Corby', 'Michel Buffa']","Social Network Analysis (SNA) tries to understand and exploit the key
features of social networks in order to manage their life cycle and predict
their evolution. Increasingly popular web 2.0 sites are forming huge social
network. Classical methods from social network analysis (SNA) have been applied
to such online networks. In this paper, we propose leveraging semantic web
technologies to merge and exploit the best features of each domain. We present
how to facilitate and enhance the analysis of online social networks,
exploiting the power of semantic social network analysis.",['cs.AI']
http://arxiv.org/abs/0904.3953v4,Guarded resolution for answer set programming,"['V. W. Marek', 'J. B. Remmel']","We describe a variant of resolution rule of proof and show that it is
complete for stable semantics of logic programs. We show applications of this
result.",['cs.AI']
http://arxiv.org/abs/0905.0192v1,Fuzzy Mnesors,['Gilles Champenois'],"A fuzzy mnesor space is a semimodule over the positive real numbers. It can
be used as theoretical framework for fuzzy sets. Hence we can prove a great
number of properties for fuzzy sets without refering to the membership
functions.",['cs.AI']
http://arxiv.org/abs/0905.0197v2,An Application of Proof-Theory in Answer Set Programming,"['V. W. Marek', 'J. B. Remmel']","We apply proof-theoretic techniques in answer Set Programming. The main
results include: 1. A characterization of continuity properties of
Gelfond-Lifschitz operator for logic program. 2. A propositional
characterization of stable models of logic programs (without referring to loop
formulas.",['cs.AI']
http://arxiv.org/abs/0905.3755v1,"Decompositions of All Different, Global Cardinality and Related
  Constraints","['Christian Bessiere', 'George Katsirelos', 'Nina Narodytska', 'Claude-Guy Quimper', 'Toby Walsh']","We show that some common and important global constraints like ALL-DIFFERENT
and GCC can be decomposed into simple arithmetic constraints on which we
achieve bound or range consistency, and in some cases even greater pruning.
These decompositions can be easily added to new solvers. They also provide
other constraints with access to the state of the propagator by sharing of
variables. Such sharing can be used to improve propagation between constraints.
We report experiments with our decomposition in a pseudo-Boolean solver.","['cs.AI', 'I.2.4']"
http://arxiv.org/abs/0905.3763v1,Scenario-based Stochastic Constraint Programming,"['Suresh Manandhar', 'Armagan Tarim', 'Toby Walsh']","To model combinatorial decision problems involving uncertainty and
probability, we extend the stochastic constraint programming framework proposed
in [Walsh, 2002] along a number of important dimensions (e.g. to multiple
chance constraints and to a range of new objectives). We also provide a new
(but equivalent) semantics based on scenarios. Using this semantics, we can
compile stochastic constraint programs down into conventional (nonstochastic)
constraint programs. This allows us to exploit the full power of existing
constraint solvers. We have implemented this framework for decision making
under uncertainty in stochastic OPL, a language which is based on the OPL
constraint modelling language [Hentenryck et al., 1999]. To illustrate the
potential of this framework, we model a wide range of problems in areas as
diverse as finance, agriculture and production.","['cs.AI', 'I.2.4']"
http://arxiv.org/abs/0905.3766v1,"Reasoning about soft constraints and conditional preferences: complexity
  results and approximation techniques","['Carmel Domshlak', 'Francesca Rossi', 'Kristen Brent Venable', 'Toby Walsh']","Many real life optimization problems contain both hard and soft constraints,
as well as qualitative conditional preferences. However, there is no single
formalism to specify all three kinds of information. We therefore propose a
framework, based on both CP-nets and soft constraints, that handles both hard
and soft constraints as well as conditional preferences efficiently and
uniformly. We study the complexity of testing the consistency of preference
statements, and show how soft constraints can faithfully approximate the
semantics of conditional preference statements whilst improving the
computational complexity","['cs.AI', 'I.2.4']"
http://arxiv.org/abs/0905.3769v1,Multiset Ordering Constraints,"['Alan M. Frisch', 'Ian Miguel', 'Zeynep Kiziltan', 'Brahim Hnich', 'Toby Walsh']","We identify a new and important global (or non-binary) constraint. This
constraint ensures that the values taken by two vectors of variables, when
viewed as multisets, are ordered. This constraint is useful for a number of
different applications including breaking symmetry and fuzzy constraint
satisfaction. We propose and implement an efficient linear time algorithm for
enforcing generalised arc consistency on such a multiset ordering constraint.
Experimental results on several problem domains show considerable promise.","['cs.AI', 'I.2.4']"
http://arxiv.org/abs/0905.3830v1,Tag Clouds for Displaying Semantics: The Case of Filmscripts,"['F. Murtagh', 'A. Ganz', 'S. McKie', 'J. Mothe', 'K. Englmeier']","We relate tag clouds to other forms of visualization, including planar or
reduced dimensionality mapping, and Kohonen self-organizing maps. Using a
modified tag cloud visualization, we incorporate other information into it,
including text sequence and most pertinent words. Our notion of word pertinence
goes beyond just word frequency and instead takes a word in a mathematical
sense as located at the average of all of its pairwise relationships. We
capture semantics through context, taken as all pairwise relationships. Our
domain of application is that of filmscript analysis. The analysis of
filmscripts, always important for cinema, is experiencing a major gain in
importance in the context of television. Our objective in this work is to
visualize the semantics of filmscript, and beyond filmscript any other
partially structured, time-ordered, sequence of text segments. In particular we
develop an innovative approach to plot characterization.","['cs.AI', 'I.5.4; I.2.7; H.3.1']"
http://arxiv.org/abs/0905.4601v1,Considerations on Construction Ontologies,"['Alexandru Cicortas', 'Victoria Stana Iordan', 'Alexandra Emilia Fortis']","The paper proposes an analysis on some existent ontologies, in order to point
out ways to resolve semantic heterogeneity in information systems. Authors are
highlighting the tasks in a Knowledge Acquisiton System and identifying aspects
related to the addition of new information to an intelligent system. A solution
is proposed, as a combination of ontology reasoning services and natural
languages generation. A multi-agent system will be conceived with an extractor
agent, a reasoner agent and a competence management agent.",['cs.AI']
http://arxiv.org/abs/0905.4614v2,A Logic Programming Approach to Activity Recognition,"['A. Artikis', 'M. Sergot', 'G. Paliouras']","We have been developing a system for recognising human activity given a
symbolic representation of video content. The input of our system is a set of
time-stamped short-term activities detected on video frames. The output of our
system is a set of recognised long-term activities, which are pre-defined
temporal combinations of short-term activities. The constraints on the
short-term activities that, if satisfied, lead to the recognition of a
long-term activity, are expressed using a dialect of the Event Calculus. We
illustrate the expressiveness of the dialect by showing the representation of
several typical complex activities. Furthermore, we present a detailed
evaluation of the system through experimentation on a benchmark dataset of
surveillance videos.",['cs.AI']
http://arxiv.org/abs/0906.1673v1,"Knowledge Management in Economic Intelligence with Reasoning on Temporal
  Attributes","['Bolanle Oladejo', 'Adenike Osofisan', 'Victor Odumuyiwa']","People have to make important decisions within a time frame. Hence, it is
imperative to employ means or strategy to aid effective decision making.
Consequently, Economic Intelligence (EI) has emerged as a field to aid
strategic and timely decision making in an organization. In the course of
attaining this goal: it is indispensable to be more optimistic towards
provision for conservation of intellectual resource invested into the process
of decision making. This intellectual resource is nothing else but the
knowledge of the actors as well as that of the various processes for effecting
decision making. Knowledge has been recognized as a strategic economic resource
for enhancing productivity and a key for innovation in any organization or
community. Thus, its adequate management with cognizance of its temporal
properties is highly indispensable. Temporal properties of knowledge refer to
the date and time (known as timestamp) such knowledge is created as well as the
duration or interval between related knowledge. This paper focuses on the needs
for a user-centered knowledge management approach as well as exploitation of
associated temporal properties. Our perspective of knowledge is with respect to
decision-problems projects in EI. Our hypothesis is that the possibility of
reasoning about temporal properties in exploitation of knowledge in EI projects
should foster timely decision making through generation of useful inferences
from available and reusable knowledge for a new project.",['cs.AI']
http://arxiv.org/abs/0906.1694v1,Toward a Category Theory Design of Ontological Knowledge Bases,['Nikolaj Glazunov'],"I discuss (ontologies_and_ontological_knowledge_bases /
formal_methods_and_theories) duality and its category theory extensions as a
step toward a solution to Knowledge-Based Systems Theory. In particular I focus
on the example of the design of elements of ontologies and ontological
knowledge bases of next three electronic courses: Foundations of Research
Activities, Virtual Modeling of Complex Systems and Introduction to String
Theory.","['cs.AI', 'I.2.4']"
http://arxiv.org/abs/0906.3036v2,Mnesors for automatic control,['Gilles Champenois'],"Mnesors are defined as elements of a semimodule over the min-plus integers.
This two-sorted structure is able to merge graduation properties of vectors and
idempotent properties of boolean numbers, which makes it appropriate for hybrid
systems. We apply it to the control of an inverted pendulum and design a full
logical controller, that is, without the usual algebra of real numbers.",['cs.AI']
http://arxiv.org/abs/0906.3149v1,Semi-Myopic Sensing Plans for Value Optimization,"['David Tolpin', 'Solomon Eyal Shimony']","We consider the following sequential decision problem. Given a set of items
of unknown utility, we need to select one of as high a utility as possible
(``the selection problem''). Measurements (possibly noisy) of item values prior
to selection are allowed, at a known cost. The goal is to optimize the overall
sequential decision process of measurements and selection.
  Value of information (VOI) is a well-known scheme for selecting measurements,
but the intractability of the problem typically leads to using myopic VOI
estimates. In the selection problem, myopic VOI frequently badly underestimates
the value of information, leading to inferior sensing plans. We relax the
strict myopic assumption into a scheme we term semi-myopic, providing a
spectrum of methods that can improve the performance of sensing plans. In
particular, we propose the efficiently computable method of ``blinkered'' VOI,
and examine theoretical bounds for special cases. Empirical evaluation of
``blinkered'' VOI in the selection problem with normally distributed item
values shows that is performs much better than pure myopic VOI.",['cs.AI']
http://arxiv.org/abs/0906.4332v2,Updating Sets of Probabilities,"['Adam J. Grove', 'Joseph Y. Halpern']","There are several well-known justifications for conditioning as the
appropriate method for updating a single probability measure, given an
observation. However, there is a significant body of work arguing for sets of
probability measures, rather than single measures, as a more realistic model of
uncertainty. Conditioning still makes sense in this context--we can simply
condition each measure in the set individually, then combine the results--and,
indeed, it seems to be the preferred updating procedure in the literature. But
how justified is conditioning in this richer setting? Here we show, by
considering an axiomatic account of conditioning given by van Fraassen, that
the single-measure and sets-of-measures cases are very different. We show that
van Fraassen's axiomatization for the former case is nowhere near sufficient
for updating sets of measures. We give a considerably longer (and not as
compelling) list of axioms that together force conditioning in this setting,
and describe other update methods that are allowed once any of these axioms is
dropped.",['cs.AI']
http://arxiv.org/abs/0906.5038v1,"A Novel Two-Stage Dynamic Decision Support based Optimal Threat
  Evaluation and Defensive Resource Scheduling Algorithm for Multi Air-borne
  threats","['Huma Naeem', 'Asif Masood', 'Mukhtar Hussain', 'Shoab A. Khan']","This paper presents a novel two-stage flexible dynamic decision support based
optimal threat evaluation and defensive resource scheduling algorithm for
multi-target air-borne threats. The algorithm provides flexibility and
optimality by swapping between two objective functions, i.e. the preferential
and subtractive defense strategies as and when required. To further enhance the
solution quality, it outlines and divides the critical parameters used in
Threat Evaluation and Weapon Assignment (TEWA) into three broad categories
(Triggering, Scheduling and Ranking parameters). Proposed algorithm uses a
variant of many-to-many Stable Marriage Algorithm (SMA) to solve Threat
Evaluation (TE) and Weapon Assignment (WA) problem. In TE stage, Threat Ranking
and Threat-Asset pairing is done. Stage two is based on a new flexible dynamic
weapon scheduling algorithm, allowing multiple engagements using
shoot-look-shoot strategy, to compute near-optimal solution for a range of
scenarios. Analysis part of this paper presents the strengths and weaknesses of
the proposed algorithm over an alternative greedy algorithm as applied to
different offline scenarios.",['cs.AI']
http://arxiv.org/abs/0906.5119v1,General combination rules for qualitative and quantitative beliefs,"['Arnaud Martin', 'Christophe Osswald', 'Jean Dezert', 'Florentin Smarandache']","Martin and Osswald \cite{Martin07} have recently proposed many
generalizations of combination rules on quantitative beliefs in order to manage
the conflict and to consider the specificity of the responses of the experts.
Since the experts express themselves usually in natural language with
linguistic labels, Smarandache and Dezert \cite{Li07} have introduced a
mathematical framework for dealing directly also with qualitative beliefs. In
this paper we recall some element of our previous works and propose the new
combination rules, developed for the fusion of both qualitative or quantitative
beliefs.",['cs.AI']
http://arxiv.org/abs/0907.0067v1,"A Novel Two-Staged Decision Support based Threat Evaluation and Weapon
  Assignment Algorithm, Asset-based Dynamic Weapon Scheduling using Artificial
  Intelligence Techinques","['Huma Naeem', 'Asif Masood', 'Mukhtar Hussain', 'Shoab A. Khan']","Surveillance control and reporting (SCR) system for air threats play an
important role in the defense of a country. SCR system corresponds to air and
ground situation management/processing along with information fusion,
communication, coordination, simulation and other critical defense oriented
tasks. Threat Evaluation and Weapon Assignment (TEWA) sits at the core of SCR
system. In such a system, maximal or near maximal utilization of constrained
resources is of extreme importance. Manual TEWA systems cannot provide
optimality because of different limitations e.g.surface to air missile (SAM)
can fire from a distance of 5Km, but manual TEWA systems are constrained by
human vision range and other constraints. Current TEWA systems usually work on
target-by-target basis using some type of greedy algorithm thus affecting the
optimality of the solution and failing in multi-target scenario. his paper
relates to a novel two-staged flexible dynamic decision support based optimal
threat evaluation and weapon assignment algorithm for multi-target air-borne
threats.",['cs.AI']
http://arxiv.org/abs/0907.0589v2,Generalized Collective Inference with Symmetric Clique Potentials,"['Rahul Gupta', 'Sunita Sarawagi', 'Ajit A. Diwan']","Collective graphical models exploit inter-instance associative dependence to
output more accurate labelings. However existing models support very limited
kind of associativity which restricts accuracy gains. This paper makes two
major contributions. First, we propose a general collective inference framework
that biases data instances to agree on a set of {\em properties} of their
labelings. Agreement is encouraged through symmetric clique potentials. We show
that rich properties leads to bigger gains, and present a systematic inference
procedure for a large class of such properties. The procedure performs message
passing on the cluster graph, where property-aware messages are computed with
cluster specific algorithms. This provides an inference-only solution for
domain adaptation. Our experiments on bibliographic information extraction
illustrate significant test error reduction over unseen domains. Our second
major contribution consists of algorithms for computing outgoing messages from
clique clusters with symmetric clique potentials. Our algorithms are exact for
arbitrary symmetric potentials on binary labels and for max-like and
majority-like potentials on multiple labels. For majority potentials, we also
provide an efficient Lagrangian Relaxation based algorithm that compares
favorably with the exact algorithm. We present a 13/15-approximation algorithm
for the NP-hard Potts potential, with runtime sub-quadratic in the clique size.
In contrast, the best known previous guarantee for graphs with Potts potentials
is only 1/2. We empirically show that our method for Potts potentials is an
order of magnitude faster than the best alternatives, and our Lagrangian
Relaxation based algorithm for majority potentials beats the best applicable
heuristic -- ICM.",['cs.AI']
http://arxiv.org/abs/0907.0939v2,The Soft Cumulative Constraint,"['Thierry Petit', 'Emmanuel Poder']","This research report presents an extension of Cumulative of Choco constraint
solver, which is useful to encode over-constrained cumulative problems. This
new global constraint uses sweep and task interval violation-based algorithms.",['cs.AI']
http://arxiv.org/abs/0907.2775v1,Modelling Concurrent Behaviors in the Process Specification Language,['Dai Tri Man Le'],"In this paper, we propose a first-order ontology for generalized stratified
order structure. We then classify the models of the theory using
model-theoretic techniques. An ontology mapping from this ontology to the core
theory of Process Specification Language is also discussed.",['cs.AI']
http://arxiv.org/abs/0907.2990v1,"The Single Machine Total Weighted Tardiness Problem - Is it (for
  Metaheuristics) a Solved Problem ?",['Martin Josef Geiger'],"The article presents a study of rather simple local search heuristics for the
single machine total weighted tardiness problem (SMTWTP), namely hillclimbing
and Variable Neighborhood Search. In particular, we revisit these approaches
for the SMTWTP as there appears to be a lack of appropriate/challenging
benchmark instances in this case. The obtained results are impressive indeed.
Only few instances remain unsolved, and even those are approximated within 1%
of the optimal/best known solutions. Our experiments support the claim that
metaheuristics for the SMTWTP are very likely to lead to good results, and
that, before refining search strategies, more work must be done with regard to
the proposition of benchmark data. Some recommendations for the construction of
such data sets are derived from our investigations.",['cs.AI']
http://arxiv.org/abs/0907.2993v1,"Improvements for multi-objective flow shop scheduling by Pareto Iterated
  Local Search",['Martin Josef Geiger'],"The article describes the proposition and application of a local search
metaheuristic for multi-objective optimization problems. It is based on two
main principles of heuristic search, intensification through variable
neighborhoods, and diversification through perturbations and successive
iterations in favorable regions of the search space. The concept is
successfully tested on permutation flow shop scheduling problems under multiple
objectives and compared to other local search approaches. While the obtained
results are encouraging in terms of their quality, another positive attribute
of the approach is its simplicity as it does require the setting of only very
few parameters.",['cs.AI']
http://arxiv.org/abs/0907.4100v1,Beyond Turing Machines,['Kurt Ammon'],"This paper discusses ""computational"" systems capable of ""computing"" functions
not computable by predefined Turing machines if the systems are not isolated
from their environment. Roughly speaking, these systems can change their finite
descriptions by interacting with their environment.",['cs.AI']
http://arxiv.org/abs/0907.4509v1,Pattern Recognition Theory of Mind,['Gilberto de Paiva'],"I propose that pattern recognition, memorization and processing are key
concepts that can be a principle set for the theoretical modeling of the mind
function. Most of the questions about the mind functioning can be answered by a
descriptive modeling and definitions from these principles. An understandable
consciousness definition can be drawn based on the assumption that a pattern
recognition system can recognize its own patterns of activity. The principles,
descriptive modeling and definitions can be a basis for theoretical and applied
research on cognitive sciences, particularly at artificial intelligence
studies.",['cs.AI']
http://arxiv.org/abs/0907.4561v1,Fact Sheet on Semantic Web,['York Sure'],"The report gives an overview about activities on the topic Semantic Web. It
has been released as technical report for the project ""KTweb -- Connecting
Knowledge Technologies Communities"" in 2003.",['cs.AI']
http://arxiv.org/abs/0907.5032v1,Restart Strategy Selection using Machine Learning Techniques,"['Shai Haim', 'Toby Walsh']","Restart strategies are an important factor in the performance of
conflict-driven Davis Putnam style SAT solvers. Selecting a good restart
strategy for a problem instance can enhance the performance of a solver.
Inspired by recent success applying machine learning techniques to predict the
runtime of SAT solvers, we present a method which uses machine learning to
boost solver performance through a smart selection of the restart strategy.
Based on easy to compute features, we train both a satisfiability classifier
and runtime models. We use these models to choose between restart strategies.
We present experimental results comparing this technique with the most commonly
used restart strategies. Our results demonstrate that machine learning is
effective in improving solver performance.","['cs.AI', 'I.2.8']"
http://arxiv.org/abs/0907.5033v1,Online Search Cost Estimation for SAT Solvers,"['Shai Haim', 'Toby Walsh']","We present two different methods for estimating the cost of solving SAT
problems. The methods focus on the online behaviour of the backtracking solver,
as well as the structure of the problem. Modern SAT solvers present several
challenges to estimate search cost including coping with nonchronological
backtracking, learning and restarts. Our first method adapt an existing
algorithm for estimating the size of a search tree to deal with these
challenges. We then suggest a second method that uses a linear model trained on
data gathered online at the start of search. We compare the effectiveness of
these two methods using random and structured problems. We also demonstrate
that predictions made in early restarts can be used to improve later
predictions. We conclude by showing that the cost of solving a set of problems
can be reduced by selecting a solver from a portfolio based on such cost
estimations.","['cs.AI', 'I.2.8']"
http://arxiv.org/abs/0907.5155v4,On Classification from Outlier View,['C. A. Hsiao'],"Classification is the basis of cognition. Unlike other solutions, this study
approaches it from the view of outliers. We present an expanding algorithm to
detect outliers in univariate datasets, together with the underlying
foundation. The expanding algorithm runs in a holistic way, making it a rather
robust solution. Synthetic and real data experiments show its power.
Furthermore, an application for multi-class problems leads to the introduction
of the oscillator algorithm. The corresponding result implies the potential
wide use of the expanding algorithm.",['cs.AI']
http://arxiv.org/abs/0907.5598v2,Convergence of Expected Utility for Universal AI,['Peter de Blanc'],"We consider a sequence of repeated interactions between an agent and an
environment. Uncertainty about the environment is captured by a probability
distribution over a space of hypotheses, which includes all computable
functions. Given a utility function, we can evaluate the expected utility of
any computational policy for interaction with the environment. After making
some plausible assumptions (and maybe one not-so-plausible assumption), we show
that if the utility function is unbounded, then the expected utility of any
policy is undefined.",['cs.AI']
http://arxiv.org/abs/0908.0089v1,Knowledge Discovery of Hydrocyclone s Circuit Based on SONFIS and SORST,"['H. O. Ghaffari', 'M. Ejtemaei', 'M. Irannajad']","This study describes application of some approximate reasoning methods to
analysis of hydrocyclone performance. In this manner, using a combining of Self
Organizing Map (SOM), Neuro-Fuzzy Inference System (NFIS)-SONFIS- and Rough Set
Theory (RST)-SORST-crisp and fuzzy granules are obtained. Balancing of crisp
granules and non-crisp granules can be implemented in close-open iteration.
Using different criteria and based on granulation level balance point
(interval) or a pseudo-balance point is estimated. Validation of the proposed
methods, on the data set of the hydrocyclone is rendered.",['cs.AI']
http://arxiv.org/abs/0908.0100v1,A Class of DSm Conditional Rules,"['Florentin Smarandache', 'Mark Alford']","In this paper we introduce two new DSm fusion conditioning rules with
example, and as a generalization of them a class of DSm fusion conditioning
rules, and then extend them to a class of DSm conditioning rules.","['cs.AI', 'I.2.3']"
http://arxiv.org/abs/0908.2050v1,View-based Propagator Derivation,"['Christian Schulte', 'Guido Tack']","When implementing a propagator for a constraint, one must decide about
variants: When implementing min, should one also implement max? Should one
implement linear constraints both with unit and non-unit coefficients?
Constraint variants are ubiquitous: implementing them requires considerable (if
not prohibitive) effort and decreases maintainability, but will deliver better
performance than resorting to constraint decomposition.
  This paper shows how to use views to derive perfect propagator variants. A
model for views and derived propagators is introduced. Derived propagators are
proved to be indeed perfect in that they inherit essential properties such as
correctness and domain and bounds consistency. Techniques for systematically
deriving propagators such as transformation, generalization, specialization,
and type conversion are developed. The paper introduces an implementation
architecture for views that is independent of the underlying constraint
programming system. A detailed evaluation of views implemented in Gecode shows
that derived propagators are efficient and that views often incur no overhead.
Without views, Gecode would either require 180 000 rather than 40 000 lines of
propagator code, or would lack many efficient propagator variants. Compared to
8 000 lines of code for views, the reduction in code for propagators yields a
1750% return on investment.",['cs.AI']
http://arxiv.org/abs/0908.3394v2,A Cognitive Mind-map Framework to Foster Trust,"['Jayanta Poray', 'Christoph Schommer']","The explorative mind-map is a dynamic framework, that emerges automatically
from the input, it gets. It is unlike a verificative modeling system where
existing (human) thoughts are placed and connected together. In this regard,
explorative mind-maps change their size continuously, being adaptive with
connectionist cells inside; mind-maps process data input incrementally and
offer lots of possibilities to interact with the user through an appropriate
communication interface. With respect to a cognitive motivated situation like a
conversation between partners, mind-maps become interesting as they are able to
process stimulating signals whenever they occur. If these signals are close to
an own understanding of the world, then the conversational partner becomes
automatically more trustful than if the signals do not or less match the own
knowledge scheme. In this (position) paper, we therefore motivate explorative
mind-maps as a cognitive engine and propose these as a decision support engine
to foster trust.","['cs.AI', 'I.2.0; I.2.6; H.2.8']"
http://arxiv.org/abs/0908.3999v1,An improved axiomatic definition of information granulation,['Ping Zhu'],"To capture the uncertainty of information or knowledge in information
systems, various information granulations, also known as knowledge
granulations, have been proposed. Recently, several axiomatic definitions of
information granulation have been introduced. In this paper, we try to improve
these axiomatic definitions and give a universal construction of information
granulation by relating information granulations with a class of functions of
multiple variables. We show that the improved axiomatic definition has some
concrete information granulations in the literature as instances.",['cs.AI']
http://arxiv.org/abs/0909.0122v1,Reasoning with Topological and Directional Spatial Information,"['Sanjiang Li', 'Anthony G. Cohn']","Current research on qualitative spatial representation and reasoning mainly
focuses on one single aspect of space. In real world applications, however,
multiple spatial aspects are often involved simultaneously.
  This paper investigates problems arising in reasoning with combined
topological and directional information. We use the RCC8 algebra and the
Rectangle Algebra (RA) for expressing topological and directional information
respectively. We give examples to show that the bipath-consistency algorithm
BIPATH is incomplete for solving even basic RCC8 and RA constraints. If
topological constraints are taken from some maximal tractable subclasses of
RCC8, and directional constraints are taken from a subalgebra, termed DIR49, of
RA, then we show that BIPATH is able to separate topological constraints from
directional ones. This means, given a set of hybrid topological and directional
constraints from the above subclasses of RCC8 and RA, we can transfer the joint
satisfaction problem in polynomial time to two independent satisfaction
problems in RCC8 and RA. For general RA constraints, we give a method to
compute solutions that satisfy all topological constraints and approximately
satisfy each RA constraint to any prescribed precision.",['cs.AI']
http://arxiv.org/abs/0909.0138v1,Reasoning about Cardinal Directions between Extended Objects,"['Xiaotong Zhang', 'Weiming Liu', 'Sanjiang Li', 'Mingsheng Ying']","Direction relations between extended spatial objects are important
commonsense knowledge. Recently, Goyal and Egenhofer proposed a formal model,
known as Cardinal Direction Calculus (CDC), for representing direction
relations between connected plane regions. CDC is perhaps the most expressive
qualitative calculus for directional information, and has attracted increasing
interest from areas such as artificial intelligence, geographical information
science, and image retrieval. Given a network of CDC constraints, the
consistency problem is deciding if the network is realizable by connected
regions in the real plane. This paper provides a cubic algorithm for checking
consistency of basic CDC constraint networks, and proves that reasoning with
CDC is in general an NP-Complete problem. For a consistent network of basic CDC
constraints, our algorithm also returns a 'canonical' solution in cubic time.
This cubic algorithm is also adapted to cope with cardinal directions between
possibly disconnected regions, in which case currently the best algorithm is of
time complexity O(n^5).",['cs.AI']
http://arxiv.org/abs/0909.0682v1,On Planning with Preferences in HTN,"['Shirin Sohrabi', 'Sheila A. McIlraith']","In this paper, we address the problem of generating preferred plans by
combining the procedural control knowledge specified by Hierarchical Task
Networks (HTNs) with rich qualitative user preferences. The outcome of our work
is a language for specifyin user preferences, tailored to HTN planning,
together with a provably optimal preference-based planner, HTNPLAN, that is
implemented as an extension of SHOP2. To compute preferred plans, we propose an
approach based on forward-chaining heuristic search. Our heuristic uses an
admissible evaluation function measuring the satisfaction of preferences over
partial plans. Our empirical evaluation demonstrates the effectiveness of our
HTNPLAN heuristics. We prove our approach sound and optimal with respect to the
plans it generates by appealing to a situation calculus semantics of our
preference language and of HTN planning. While our implementation builds on
SHOP2, the language and techniques proposed here are relevant to a broad range
of HTN planners.",['cs.AI']
http://arxiv.org/abs/0909.0901v1,Assessing the Impact of Informedness on a Consultant's Profit,"['Eugen Staab', 'Martin Caminada']","We study the notion of informedness in a client-consultant setting. Using a
software simulator, we examine the extent to which it pays off for consultants
to provide their clients with advice that is well-informed, or with advice that
is merely meant to appear to be well-informed. The latter strategy is
beneficial in that it costs less resources to keep up-to-date, but carries the
risk of a decreased reputation if the clients discover the low level of
informedness of the consultant. Our experimental results indicate that under
different circumstances, different strategies yield the optimal results (net
profit) for the consultants.","['cs.AI', 'H.m']"
http://arxiv.org/abs/0909.1021v1,A multiagent urban traffic simulation Part I: dealing with the ordinary,"['Pierrick Tranouez', 'Patrice Langlois', 'Eric Daudé']","We describe in this article a multiagent urban traffic simulation, as we
believe individual-based modeling is necessary to encompass the complex
influence the actions of an individual vehicle can have on the overall flow of
vehicles. We first describe how we build a graph description of the network
from purely geometric data, ESRI shapefiles. We then explain how we include
traffic related data to this graph. We go on after that with the model of the
vehicle agents: origin and destination, driving behavior, multiple lanes,
crossroads, and interactions with the other vehicles in day-to-day, ?ordinary?
traffic. We conclude with the presentation of the resulting simulation of this
model on the Rouen agglomeration.",['cs.AI']
http://arxiv.org/abs/0909.1151v1,n-Opposition theory to structure debates,"['Jean Sallantin', 'Antoine Seilles']","2007 was the first international congress on the ?square of oppositions?. A
first attempt to structure debate using n-opposition theory was presented along
with the results of a first experiment on the web. Our proposal for this paper
is to define relations between arguments through a structure of opposition
(square of oppositions is one structure of opposition). We will be trying to
answer the following questions: How to organize debates on the web 2.0? How to
structure them in a logical way? What is the role of n-opposition theory, in
this context? We present in this paper results of three experiments
(Betapolitique 2007, ECAP 2008, Intermed 2008).",['cs.AI']
http://arxiv.org/abs/0909.2091v1,Paired Comparisons-based Interactive Differential Evolution,"['Hideyuki Takagi', 'Denis Pallez']","We propose Interactive Differential Evolution (IDE) based on paired
comparisons for reducing user fatigue and evaluate its convergence speed in
comparison with Interactive Genetic Algorithms (IGA) and tournament IGA. User
interface and convergence performance are two big keys for reducing Interactive
Evolutionary Computation (IEC) user fatigue. Unlike IGA and conventional IDE,
users of the proposed IDE and tournament IGA do not need to compare whole
individuals each other but compare pairs of individuals, which largely
decreases user fatigue. In this paper, we design a pseudo-IEC user and evaluate
another factor, IEC convergence performance, using IEC simulators and show that
our proposed IDE converges significantly faster than IGA and tournament IGA,
i.e. our proposed one is superior to others from both user interface and
convergence performance points of view.",['cs.AI']
http://arxiv.org/abs/0909.2339v1,Back analysis based on SOM-RST system,"['H. Owladeghaffari', 'H. Aghababaei']","This paper describes application of information granulation theory, on the
back analysis of Jeffrey mine southeast wall Quebec. In this manner, using a
combining of Self Organizing Map (SOM) and rough set theory (RST), crisp and
rough granules are obtained. Balancing of crisp granules and sub rough granules
is rendered in close-open iteration. Combining of hard and soft computing,
namely finite difference method (FDM) and computational intelligence and taking
in to account missing information are two main benefits of the proposed method.
As a practical example, reverse analysis on the failure of the southeast wall
Jeffrey mine is accomplished.",['cs.AI']
http://arxiv.org/abs/0909.2375v1,"Similarity Matching Techniques for Fault Diagnosis in Automotive
  Infotainment Electronics",['Mashud Kabir'],"Fault diagnosis has become a very important area of research during the last
decade due to the advancement of mechanical and electrical systems in
industries. The automobile is a crucial field where fault diagnosis is given a
special attention. Due to the increasing complexity and newly added features in
vehicles, a comprehensive study has to be performed in order to achieve an
appropriate diagnosis model. A diagnosis system is capable of identifying the
faults of a system by investigating the observable effects (or symptoms). The
system categorizes the fault into a diagnosis class and identifies a probable
cause based on the supplied fault symptoms. Fault categorization and
identification are done using similarity matching techniques. The development
of diagnosis classes is done by making use of previous experience, knowledge or
information within an application area. The necessary information used may come
from several sources of knowledge, such as from system analysis. In this paper
similarity matching techniques for fault diagnosis in automotive infotainment
applications are discussed.",['cs.AI']
http://arxiv.org/abs/0909.2376v1,"Performing Hybrid Recommendation in Intermodal Transportation-the
  FTMarket System's Recommendation Module",['Alexis Lazanas'],"Diverse recommendation techniques have been already proposed and encapsulated
into several e-business applications, aiming to perform a more accurate
evaluation of the existing information and accordingly augment the assistance
provided to the users involved. This paper reports on the development and
integration of a recommendation module in an agent-based transportation
transactions management system. The module is built according to a novel hybrid
recommendation technique, which combines the advantages of collaborative
filtering and knowledge-based approaches. The proposed technique and supporting
module assist customers in considering in detail alternative transportation
transactions that satisfy their requests, as well as in evaluating completed
transactions. The related services are invoked through a software agent that
constructs the appropriate knowledge rules and performs a synthesis of the
recommendation policy.",['cs.AI']
http://arxiv.org/abs/0909.3273v1,Decomposition of the NVALUE constraint,"['Christian Bessiere', 'George Katsirelos', 'Nina Narodytska', 'Claude-Guy Quimper', 'Toby Walsh']","We study decompositions of NVALUE, a global constraint that can be used to
model a wide range of problems where values need to be counted. Whilst
decomposition typically hinders propagation, we identify one decomposition that
maintains a global view as enforcing bound consistency on the decomposition
achieves bound consistency on the original global NVALUE constraint. Such
decompositions offer the prospect for advanced solving techniques like nogood
learning and impact based branching heuristics. They may also help SAT and IP
solvers take advantage of the propagation of global constraints.","['cs.AI', 'I.2.4']"
http://arxiv.org/abs/0909.3276v1,Symmetries of Symmetry Breaking Constraints,"['George Katsirelos', 'Toby Walsh']","Symmetry is an important feature of many constraint programs. We show that
any symmetry acting on a set of symmetry breaking constraints can be used to
break symmetry. Different symmetries pick out different solutions in each
symmetry class. We use these observations in two methods for eliminating
symmetry from a problem. These methods are designed to have many of the
advantages of symmetry breaking methods that post static symmetry breaking
constraint without some of the disadvantages. In particular, the two methods
prune the search space using fast and efficient propagation of posted
constraints, whilst reducing the conflict between symmetry breaking and
branching heuristics. Experimental results show that the two methods perform
well on some standard benchmarks.","['cs.AI', 'I.2.4']"
http://arxiv.org/abs/0909.4446v1,"Elicitation strategies for fuzzy constraint problems with missing
  preferences: algorithms and experimental studies","['Mirco Gelain', 'Maria Pini', 'Francesca Rossi', 'Brent Venable', 'Toby Walsh']","Fuzzy constraints are a popular approach to handle preferences and
over-constrained problems in scenarios where one needs to be cautious, such as
in medical or space applications. We consider here fuzzy constraint problems
where some of the preferences may be missing. This models, for example,
settings where agents are distributed and have privacy issues, or where there
is an ongoing preference elicitation process. In this setting, we study how to
find a solution which is optimal irrespective of the missing preferences. In
the process of finding such a solution, we may elicit preferences from the user
if necessary. However, our goal is to ask the user as little as possible. We
define a combined solving and preference elicitation scheme with a large number
of different instantiations, each corresponding to a concrete algorithm which
we compare experimentally. We compute both the number of elicited preferences
and the ""user effort"", which may be larger, as it contains all the preference
values the user has to compute to be able to respond to the elicitation
requests. While the number of elicited preferences is important when the
concern is to communicate as little information as possible, the user effort
measures also the hidden work the user has to do to be able to communicate the
elicited preferences. Our experimental results show that some of our algorithms
are very good at finding a necessarily optimal solution while asking the user
for only a very small fraction of the missing preferences. The user effort is
also very small for the best algorithms. Finally, we test these algorithms on
hard constraint problems with possibly missing constraints, where the aim is to
find feasible solutions irrespective of the missing constraints.","['cs.AI', 'I.2.4']"
http://arxiv.org/abs/0909.4452v1,Flow-Based Propagators for the SEQUENCE and Related Global Constraints,"['Michael J. Maher', 'Nina Narodytska', 'Claude-Guy Quimper', 'Toby Walsh']","We propose new filtering algorithms for the SEQUENCE constraint and some
extensions of the SEQUENCE constraint based on network flows. We enforce domain
consistency on the SEQUENCE constraint in $O(n^2)$ time down a branch of the
search tree. This improves upon the best existing domain consistency algorithm
by a factor of $O(\log n)$. The flows used in these algorithms are derived from
a linear program. Some of them differ from the flows used to propagate global
constraints like GCC since the domains of the variables are encoded as costs on
the edges rather than capacities. Such flows are efficient for maintaining
bounds consistency over large domains and may be useful for other global
constraints.","['cs.AI', 'I.2.4']"
http://arxiv.org/abs/0909.4456v1,The Weighted CFG Constraint,"['George Katsirelos', 'Nina Narodytska', 'Toby Walsh']","We introduce the weighted CFG constraint and propose a propagation algorithm
that enforces domain consistency in $O(n^3|G|)$ time. We show that this
algorithm can be decomposed into a set of primitive arithmetic constraints
without hindering propagation.","['cs.AI', 'I.2.4']"
http://arxiv.org/abs/0910.1014v2,Building upon Fast Multipole Methods to Detect and Model Organizations,"['Pierrick Tranouez', 'Antoine Dutot']","Many models in natural and social sciences are comprised of sets of
inter-acting entities whose intensity of interaction decreases with distance.
This often leads to structures of interest in these models composed of dense
packs of entities. Fast Multipole Methods are a family of methods developed to
help with the calculation of a number of computable models such as described
above. We propose a method that builds upon FMM to detect and model the dense
structures of these systems.",['cs.AI']
http://arxiv.org/abs/0910.1026v1,"A multiagent urban traffic simulation. Part II: dealing with the
  extraordinary","['Eric Daudé', 'Pierrick Tranouez', 'Patrice Langlois']","In Probabilistic Risk Management, risk is characterized by two quantities:
the magnitude (or severity) of the adverse consequences that can potentially
result from the given activity or action, and by the likelihood of occurrence
of the given adverse consequences. But a risk seldom exists in isolation: chain
of consequences must be examined, as the outcome of one risk can increase the
likelihood of other risks. Systemic theory must complement classic PRM. Indeed
these chains are composed of many different elements, all of which may have a
critical importance at many different levels. Furthermore, when urban
catastrophes are envisioned, space and time constraints are key determinants of
the workings and dynamics of these chains of catastrophes: models must include
a correct spatial topology of the studied risk. Finally, literature insists on
the importance small events can have on the risk on a greater scale: urban
risks management models belong to self-organized criticality theory. We chose
multiagent systems to incorporate this property in our model: the behavior of
an agent can transform the dynamics of important groups of them.",['cs.AI']
http://arxiv.org/abs/0910.1238v1,"A Local Search Modeling for Constrained Optimum Paths Problems (Extended
  Abstract)","['Quang Dung Pham', 'Yves Deville', 'Pascal Van Hentenryck']","Constrained Optimum Path (COP) problems appear in many real-life
applications, especially on communication networks. Some of these problems have
been considered and solved by specific techniques which are usually difficult
to extend. In this paper, we introduce a novel local search modeling for
solving some COPs by local search. The modeling features the compositionality,
modularity, reuse and strengthens the benefits of Constrained-Based Local
Search. We also apply the modeling to the edge-disjoint paths problem (EDP). We
show that side constraints can easily be added in the model. Computational
results show the significance of the approach.",['cs.AI']
http://arxiv.org/abs/0910.1239v1,"Dynamic Demand-Capacity Balancing for Air Traffic Management Using
  Constraint-Based Local Search: First Results","['Farshid Hassani Bijarbooneh', 'Pierre Flener', 'Justin Pearson']","Using constraint-based local search, we effectively model and efficiently
solve the problem of balancing the traffic demands on portions of the European
airspace while ensuring that their capacity constraints are satisfied. The
traffic demand of a portion of airspace is the hourly number of flights planned
to enter it, and its capacity is the upper bound on this number under which
air-traffic controllers can work. Currently, the only form of demand-capacity
balancing we allow is ground holding, that is the changing of the take-off
times of not yet airborne flights. Experiments with projected European flight
plans of the year 2030 show that already this first form of demand-capacity
balancing is feasible without incurring too much total delay and that it can
lead to a significantly better demand-capacity balance.",['cs.AI']
http://arxiv.org/abs/0910.1244v1,On Improving Local Search for Unsatisfiability,"['David Pereira', 'Inês Lynce', 'Steven Prestwich']","Stochastic local search (SLS) has been an active field of research in the
last few years, with new techniques and procedures being developed at an
astonishing rate. SLS has been traditionally associated with satisfiability
solving, that is, finding a solution for a given problem instance, as its
intrinsic nature does not address unsatisfiable problems. Unsatisfiable
instances were therefore commonly solved using backtrack search solvers. For
this reason, in the late 90s Selman, Kautz and McAllester proposed a challenge
to use local search instead to prove unsatisfiability. More recently, two SLS
solvers - Ranger and Gunsat - have been developed, which are able to prove
unsatisfiability albeit being SLS solvers. In this paper, we first compare
Ranger with Gunsat and then propose to improve Ranger performance using some of
Gunsat's techniques, namely unit propagation look-ahead and extended
resolution.",['cs.AI']
http://arxiv.org/abs/0910.1247v1,Integrating Conflict Driven Clause Learning to Local Search,"['Gilles Audenard', 'Jean-Marie Lagniez', 'Bertrand Mazure', 'Lakhdar Saïs']","This article introduces SatHyS (SAT HYbrid Solver), a novel hybrid approach
for propositional satisfiability. It combines local search and conflict driven
clause learning (CDCL) scheme. Each time the local search part reaches a local
minimum, the CDCL is launched. For SAT problems it behaves like a tabu list,
whereas for UNSAT ones, the CDCL part tries to focus on minimum unsatisfiable
sub-formula (MUS). Experimental results show good performances on many classes
of SAT instances from the last SAT competitions.",['cs.AI']
http://arxiv.org/abs/0910.1253v1,A Constraint-directed Local Search Approach to Nurse Rostering Problems,"['Fang He', 'Rong Qu']","In this paper, we investigate the hybridization of constraint programming and
local search techniques within a large neighbourhood search scheme for solving
highly constrained nurse rostering problems. As identified by the research, a
crucial part of the large neighbourhood search is the selection of the fragment
(neighbourhood, i.e. the set of variables), to be relaxed and re-optimized
iteratively. The success of the large neighbourhood search depends on the
adequacy of this identified neighbourhood with regard to the problematic part
of the solution assignment and the choice of the neighbourhood size. We
investigate three strategies to choose the fragment of different sizes within
the large neighbourhood search scheme. The first two strategies are tailored
concerning the problem properties. The third strategy is more general, using
the information of the cost from the soft constraint violations and their
propagation as the indicator to choose the variables added into the fragment.
The three strategies are analyzed and compared upon a benchmark nurse rostering
problem. Promising results demonstrate the possibility of future work in the
hybrid approach.",['cs.AI']
http://arxiv.org/abs/0910.1255v1,Sonet Network Design Problems,"['Marie Pelleau', 'Pascal Van Hentenryck', 'Charlotte Truchet']","This paper presents a new method and a constraint-based objective function to
solve two problems related to the design of optical telecommunication networks,
namely the Synchronous Optical Network Ring Assignment Problem (SRAP) and the
Intra-ring Synchronous Optical Network Design Problem (IDP). These network
topology problems can be represented as a graph partitioning with capacity
constraints as shown in previous works. We present here a new objective
function and a new local search algorithm to solve these problems. Experiments
conducted in Comet allow us to compare our method to previous ones and show
that we obtain better results.",['cs.AI']
http://arxiv.org/abs/0910.1264v1,"Parallel local search for solving Constraint Problems on the Cell
  Broadband Engine (Preliminary Results)","['Salvator Abreu', 'Daniel Diaz', 'Philippe Codognet']","We explore the use of the Cell Broadband Engine (Cell/BE for short) for
combinatorial optimization applications: we present a parallel version of a
constraint-based local search algorithm that has been implemented on a
multiprocessor BladeCenter machine with twin Cell/BE processors (total of 16
SPUs per blade). This algorithm was chosen because it fits very well the
Cell/BE architecture and requires neither shared memory nor communication
between processors, while retaining a compact memory footprint. We study the
performance on several large optimization benchmarks and show that this
achieves mostly linear time speedups, even sometimes super-linear. This is
possible because the parallel implementation might explore simultaneously
different parts of the search space and therefore converge faster towards the
best sub-space and thus towards a solution. Besides getting speedups, the
resulting times exhibit a much smaller variance, which benefits applications
where a timely reply is critical.",['cs.AI']
http://arxiv.org/abs/0910.1266v1,Toward an automaton Constraint for Local Search,"['Jun He', 'Pierre Flener', 'Justin Pearson']","We explore the idea of using finite automata to implement new constraints for
local search (this is already a successful technique in constraint-based global
search). We show how it is possible to maintain incrementally the violations of
a constraint and its decision variables from an automaton that describes a
ground checker for that constraint. We establish the practicality of our
approach idea on real-life personnel rostering problems, and show that it is
competitive with the approach of [Pralong, 2007].",['cs.AI']
http://arxiv.org/abs/0910.1404v1,"Proceedings 6th International Workshop on Local Search Techniques in
  Constraint Satisfaction","['Yves Deville', 'Christine Solnon']","LSCS is a satellite workshop of the international conference on principles
and practice of Constraint Programming (CP), since 2004. It is devoted to local
search techniques in constraint satisfaction, and focuses on all aspects of
local search techniques, including: design and implementation of new
algorithms, hybrid stochastic-systematic search, reactive search optimization,
adaptive search, modeling for local-search, global constraints, flexibility and
robustness, learning methods, and specific applications.",['cs.AI']
http://arxiv.org/abs/0910.1433v1,Tracking object's type changes with fuzzy based fusion rule,"['Albena Tchamova', 'Jean Dezert', 'Florentin Smarandache']","In this paper the behavior of three combinational rules for
temporal/sequential attribute data fusion for target type estimation are
analyzed. The comparative analysis is based on: Dempster's fusion rule proposed
in Dempster-Shafer Theory; Proportional Conflict Redistribution rule no. 5
(PCR5), proposed in Dezert-Smarandache Theory and one alternative class fusion
rule, connecting the combination rules for information fusion with particular
fuzzy operators, focusing on the t-norm based Conjunctive rule as an analog of
the ordinary conjunctive rule and t-conorm based Disjunctive rule as an analog
of the ordinary disjunctive rule. The way how different t-conorms and t-norms
functions within TCN fusion rule influence over target type estimation
performance is studied and estimated.",['cs.AI']
http://arxiv.org/abs/0910.2217v1,Finite element model selection using Particle Swarm Optimization,"['Linda Mthembu', 'Tshilidzi Marwala', 'Michael I. Friswell', 'Sondipon Adhikari']","This paper proposes the application of particle swarm optimization (PSO) to
the problem of finite element model (FEM) selection. This problem arises when a
choice of the best model for a system has to be made from set of competing
models, each developed a priori from engineering judgment. PSO is a
population-based stochastic search algorithm inspired by the behaviour of
biological entities in nature when they are foraging for resources. Each
potentially correct model is represented as a particle that exhibits both
individualistic and group behaviour. Each particle moves within the model
search space looking for the best solution by updating the parameters values
that define it. The most important step in the particle swarm algorithm is the
method of representing models which should take into account the number,
location and variables of parameters to be updated. One example structural
system is used to show the applicability of PSO in finding an optimal FEM. An
optimal model is defined as the model that has the least number of updated
parameters and has the smallest parameter variable variation from the mean
material properties. Two different objective functions are used to compare
performance of the PSO algorithm.",['cs.AI']
http://arxiv.org/abs/0910.3485v1,A Fuzzy Petri Nets Model for Computing With Words,"['Yongzhi Cao', 'Guoqing Chen']","Motivated by Zadeh's paradigm of computing with words rather than numbers,
several formal models of computing with words have recently been proposed.
These models are based on automata and thus are not well-suited for concurrent
computing. In this paper, we incorporate the well-known model of concurrent
computing, Petri nets, together with fuzzy set theory and thereby establish a
concurrency model of computing with words--fuzzy Petri nets for computing with
words (FPNCWs). The new feature of such fuzzy Petri nets is that the labels of
transitions are some special words modeled by fuzzy sets. By employing the
methodology of fuzzy reasoning, we give a faithful extension of an FPNCW which
makes it possible for computing with more words. The language expressiveness of
the two formal models of computing with words, fuzzy automata for computing
with words and FPNCWs, is compared as well. A few small examples are provided
to illustrate the theoretical development.",['cs.AI']
http://arxiv.org/abs/0911.2405v1,"Emotion: Appraisal-coping model for the ""Cascades"" problem","['Karim Mahboub', 'Evelyne Clément', 'Cyrille Bertelle', 'Véronique Jay']","Modelling emotion has become a challenge nowadays. Therefore, several models
have been produced in order to express human emotional activity. However, only
a few of them are currently able to express the close relationship existing
between emotion and cognition. An appraisal-coping model is presented here,
with the aim to simulate the emotional impact caused by the evaluation of a
particular situation (appraisal), along with the consequent cognitive reaction
intended to face the situation (coping). This model is applied to the
""Cascades"" problem, a small arithmetical exercise designed for ten-year-old
pupils. The goal is to create a model corresponding to a child's behaviour when
solving the problem using his own strategies.",['cs.AI']
http://arxiv.org/abs/0911.2501v1,Emotion : modèle d'appraisal-coping pour le problème des Cascades,"['Karim Mahboub', 'Cyrille Bertelle', 'Véronique Jay', 'Evelyne Clément']","Modeling emotion has become a challenge nowadays. Therefore, several models
have been produced in order to express human emotional activity. However, only
a few of them are currently able to express the close relationship existing
between emotion and cognition. An appraisal-coping model is presented here,
with the aim to simulate the emotional impact caused by the evaluation of a
particular situation (appraisal), along with the consequent cognitive reaction
intended to face the situation (coping). This model is applied to the
?Cascades? problem, a small arithmetical exercise designed for ten-year-old
pupils. The goal is to create a model corresponding to a child's behavior when
solving the problem using his own strategies.",['cs.AI']
http://arxiv.org/abs/0911.5394v2,"Covering rough sets based on neighborhoods: An approach without using
  neighborhoods",['Ping Zhu'],"Rough set theory, a mathematical tool to deal with inexact or uncertain
knowledge in information systems, has originally described the indiscernibility
of elements by equivalence relations. Covering rough sets are a natural
extension of classical rough sets by relaxing the partitions arising from
equivalence relations to coverings. Recently, some topological concepts such as
neighborhood have been applied to covering rough sets. In this paper, we
further investigate the covering rough sets based on neighborhoods by
approximation operations. We show that the upper approximation based on
neighborhoods can be defined equivalently without using neighborhoods. To
analyze the coverings themselves, we introduce unary and composition operations
on coverings. A notion of homomorphismis provided to relate two covering
approximation spaces. We also examine the properties of approximations
preserved by the operations and homomorphisms, respectively.",['cs.AI']
http://arxiv.org/abs/0911.5395v2,An axiomatic approach to the roughness measure of rough sets,['Ping Zhu'],"In Pawlak's rough set theory, a set is approximated by a pair of lower and
upper approximations. To measure numerically the roughness of an approximation,
Pawlak introduced a quantitative measure of roughness by using the ratio of the
cardinalities of the lower and upper approximations. Although the roughness
measure is effective, it has the drawback of not being strictly monotonic with
respect to the standard ordering on partitions. Recently, some improvements
have been made by taking into account the granularity of partitions. In this
paper, we approach the roughness measure in an axiomatic way. After
axiomatically defining roughness measure and partition measure, we provide a
unified construction of roughness measure, called strong Pawlak roughness
measure, and then explore the properties of this measure. We show that the
improved roughness measures in the literature are special instances of our
strong Pawlak roughness measure and introduce three more strong Pawlak
roughness measures as well. The advantage of our axiomatic approach is that
some properties of a roughness measure follow immediately as soon as the
measure satisfies the relevant axiomatic definition.",['cs.AI']
http://arxiv.org/abs/0912.0132v1,Opportunistic Adaptation Knowledge Discovery,"['Fadi Badra', 'Amélie Cordier', 'Jean Lieber']","Adaptation has long been considered as the Achilles' heel of case-based
reasoning since it requires some domain-specific knowledge that is difficult to
acquire. In this paper, two strategies are combined in order to reduce the
knowledge engineering cost induced by the adaptation knowledge (CA) acquisition
task: CA is learned from the case base by the means of knowledge discovery
techniques, and the CA acquisition sessions are opportunistically triggered,
i.e., at problem-solving time.",['cs.AI']
http://arxiv.org/abs/0912.3228v1,On Backtracking in Real-time Heuristic Search,"['Valeriy K. Bulitko', 'Vadim Bulitko']","Real-time heuristic search algorithms are suitable for situated agents that
need to make their decisions in constant time. Since the original work by Korf
nearly two decades ago, numerous extensions have been suggested. One of the
most intriguing extensions is the idea of backtracking wherein the agent
decides to return to a previously visited state as opposed to moving forward
greedily. This idea has been empirically shown to have a significant impact on
various performance measures. The studies have been carried out in particular
empirical testbeds with specific real-time search algorithms that use
backtracking. Consequently, the extent to which the trends observed are
characteristic of backtracking in general is unclear. In this paper, we present
the first entirely theoretical study of backtracking in real-time heuristic
search. In particular, we present upper bounds on the solution cost exponential
and linear in a parameter regulating the amount of backtracking. The results
hold for a wide class of real-time heuristic search algorithms that includes
many existing algorithms as a small subclass.",['cs.AI']
http://arxiv.org/abs/0912.3309v1,New Generalization Bounds for Learning Kernels,"['Corinna Cortes', 'Mehryar Mohri', 'Afshin Rostamizadeh']","This paper presents several novel generalization bounds for the problem of
learning kernels based on the analysis of the Rademacher complexity of the
corresponding hypothesis sets. Our bound for learning kernels with a convex
combination of p base kernels has only a log(p) dependency on the number of
kernels, p, which is considerably more favorable than the previous best bound
given for the same problem. We also give a novel bound for learning with a
linear combination of p base kernels with an L_2 regularization whose
dependency on p is only in p^{1/4}.",['cs.AI']
http://arxiv.org/abs/0912.4584v1,"A Necessary and Sufficient Condition for Graph Matching Being Equivalent
  to the Maximum Weight Clique Problem","['Brijnesh Jain', 'Klaus Obermayer']","This paper formulates a necessary and sufficient condition for a generic
graph matching problem to be equivalent to the maximum vertex and edge weight
clique problem in a derived association graph. The consequences of this results
are threefold: first, the condition is general enough to cover a broad range of
practical graph matching problems; second, a proof to establish equivalence
between graph matching and clique search reduces to showing that a given graph
matching problem satisfies the proposed condition; and third, the result sets
the scene for generic continuous solutions for a broad range of graph matching
problems. To illustrate the mathematical framework, we apply it to a number of
graph matching problems, including the problem of determining the graph edit
distance.",['cs.AI']
http://arxiv.org/abs/0912.4598v1,Elkan's k-Means for Graphs,"['Brijnesh J. Jain', 'Klaus Obermayer']","This paper extends k-means algorithms from the Euclidean domain to the domain
of graphs. To recompute the centroids, we apply subgradient methods for solving
the optimization-based formulation of the sample mean of graphs. To accelerate
the k-means algorithm for graphs without trading computational time against
solution quality, we avoid unnecessary graph distance calculations by
exploiting the triangle inequality of the underlying distance metric following
Elkan's k-means algorithm proposed in \cite{Elkan03}. In experiments we show
that the accelerated k-means algorithm are faster than the standard k-means
algorithm for graphs provided there is a cluster structure in the data.",['cs.AI']
http://arxiv.org/abs/0912.4879v1,"Similarité en intension vs en extension : à la croisée de
  l'informatique et du théâtre","['Alain Bonardi', 'Francis Rousseaux']","Traditional staging is based on a formal approach of similarity leaning on
dramaturgical ontologies and instanciation variations. Inspired by interactive
data mining, that suggests different approaches, we give an overview of
computer science and theater researches using computers as partners of the
actor to escape the a priori specification of roles.",['cs.AI']
http://arxiv.org/abs/0912.5511v1,A general approach to belief change in answer set programming,"['James Delgrande', 'Torsten Schaub', 'Hans Tompits', 'Stefan Woltran']","We address the problem of belief change in (nonmonotonic) logic programming
under answer set semantics. Unlike previous approaches to belief change in
logic programming, our formal techniques are analogous to those of
distance-based belief revision in propositional logic. In developing our
results, we build upon the model theory of logic programs furnished by SE
models. Since SE models provide a formal, monotonic characterisation of logic
programs, we can adapt techniques from the area of belief revision to belief
change in logic programs. We introduce methods for revising and merging logic
programs, respectively. For the former, we study both subset-based revision as
well as cardinality-based revision, and we show that they satisfy the majority
of the AGM postulates for revision. For merging, we consider operators
following arbitration merging and IC merging, respectively. We also present
encodings for computing the revision as well as the merging of logic programs
within the same logic programming framework, giving rise to a direct
implementation of our approach in terms of off-the-shelf answer set solvers.
These encodings reflect in turn the fact that our change operators do not
increase the complexity of the base formalism.","['cs.AI', 'I.2.3; I.2.4; F.4.1']"
http://arxiv.org/abs/0912.5533v1,"Oriented Straight Line Segment Algebra: Qualitative Spatial Reasoning
  about Oriented Objects","['Reinhard Moratz', 'Dominik Lücke', 'Till Mossakowski']","Nearly 15 years ago, a set of qualitative spatial relations between oriented
straight line segments (dipoles) was suggested by Schlieder. This work received
substantial interest amongst the qualitative spatial reasoning community.
However, it turned out to be difficult to establish a sound constraint calculus
based on these relations. In this paper, we present the results of a new
investigation into dipole constraint calculi which uses algebraic methods to
derive sound results on the composition of relations and other properties of
dipole calculi. Our results are based on a condensed semantics of the dipole
relations.
  In contrast to the points that are normally used, dipoles are extended and
have an intrinsic direction. Both features are important properties of natural
objects. This allows for a straightforward representation of prototypical
reasoning tasks for spatial agents. As an example, we show how to generate
survey knowledge from local observations in a street network. The example
illustrates the fast constraint-based reasoning capabilities of the dipole
calculus. We integrate our results into two reasoning tools which are publicly
available.",['cs.AI']
http://arxiv.org/abs/1001.0063v1,On a Model for Integrated Information,"['Alessandro Epasto', 'Enrico Nardelli']","In this paper we give a thorough presentation of a model proposed by Tononi
et al. for modeling \emph{integrated information}, i.e. how much information is
generated in a system transitioning from one state to the next one by the
causal interaction of its parts and \emph{above and beyond} the information
given by the sum of its parts. We also provides a more general formulation of
such a model, independent from the time chosen for the analysis and from the
uniformity of the probability distribution at the initial time instant.
Finally, we prove that integrated information is null for disconnected systems.",['cs.AI']
http://arxiv.org/abs/1001.0921v1,Graph Quantization,"['Brijnesh J. Jain', 'Klaus Obermayer']","Vector quantization(VQ) is a lossy data compression technique from signal
processing, which is restricted to feature vectors and therefore inapplicable
for combinatorial structures. This contribution presents a theoretical
foundation of graph quantization (GQ) that extends VQ to the domain of
attributed graphs. We present the necessary Lloyd-Max conditions for optimality
of a graph quantizer and consistency results for optimal GQ design based on
empirical distortion measures and stochastic optimization. These results
statistically justify existing clustering algorithms in the domain of graphs.
The proposed approach provides a template of how to link structural pattern
recognition methods other than GQ to statistical pattern recognition.",['cs.AI']
http://arxiv.org/abs/1001.1257v1,"Decisional Processes with Boolean Neural Network: the Emergence of
  Mental Schemes","['Graziano Barnabei', 'Franco Bagnoli', 'Ciro Conversano', 'Elena Lensi']","Human decisional processes result from the employment of selected quantities
of relevant information, generally synthesized from environmental incoming data
and stored memories. Their main goal is the production of an appropriate and
adaptive response to a cognitive or behavioral task. Different strategies of
response production can be adopted, among which haphazard trials, formation of
mental schemes and heuristics. In this paper, we propose a model of Boolean
neural network that incorporates these strategies by recurring to global
optimization strategies during the learning session. The model characterizes as
well the passage from an unstructured/chaotic attractor neural network typical
of data-driven processes to a faster one, forward-only and representative of
schema-driven processes. Moreover, a simplified version of the Iowa Gambling
Task (IGT) is introduced in order to test the model. Our results match with
experimental data and point out some relevant knowledge coming from
psychological domain.",['cs.AI']
http://arxiv.org/abs/1001.1836v1,Web-Based Expert System for Civil Service Regulations: RCSES,"['Mofreh Hogo', 'Khaled Fouad', 'Fouad Mousa']","Internet and expert systems have offered new ways of sharing and distributing
knowledge, but there is a lack of researches in the area of web based expert
systems. This paper introduces a development of a web-based expert system for
the regulations of civil service in the Kingdom of Saudi Arabia named as RCSES.
It is the first time to develop such system (application of civil service
regulations) as well the development of it using web based approach. The
proposed system considers 17 regulations of the civil service system. The
different phases of developing the RCSES system are presented, as knowledge
acquiring and selection, ontology and knowledge representations using XML
format. XML Rule-based knowledge sources and the inference mechanisms were
implemented using ASP.net technique. An interactive tool for entering the
ontology and knowledge base, and the inferencing was built. It gives the
ability to use, modify, update, and extend the existing knowledge base in an
easy way. The knowledge was validated by experts in the domain of civil service
regulations, and the proposed RCSES was tested, verified, and validated by
different technical users and the developers staff. The RCSES system is
compared with other related web based expert systems, that comparison proved
the goodness, usability, and high performance of RCSES.",['cs.AI']
http://arxiv.org/abs/1001.2277v1,"Application of a Fuzzy Programming Technique to Production Planning in
  the Textile Industry","['I. Elamvazuthi', 'T. Ganesan', 'P. Vasant', 'J. F. Webb']","Many engineering optimization problems can be considered as linear
programming problems where all or some of the parameters involved are
linguistic in nature. These can only be quantified using fuzzy sets. The aim of
this paper is to solve a fuzzy linear programming problem in which the
parameters involved are fuzzy quantities with logistic membership functions. To
explore the applicability of the method a numerical example is considered to
determine the monthly production planning quotas and profit of a home textile
group.",['cs.AI']
http://arxiv.org/abs/1001.2279v1,"The Application of Mamdani Fuzzy Model for Auto Zoom Function of a
  Digital Camera","['I. Elamvazuthi', 'P. Vasant', 'J. F. Webb']","Mamdani Fuzzy Model is an important technique in Computational Intelligence
(CI) study. This paper presents an implementation of a supervised learning
method based on membership function training in the context of Mamdani fuzzy
models. Specifically, auto zoom function of a digital camera is modelled using
Mamdani technique. The performance of control method is verified through a
series of simulation and numerical results are provided as illustrations.",['cs.AI']
http://arxiv.org/abs/1002.0102v5,$α$-Discounting Multi-Criteria Decision Making ($α$-D MCDM),['Florentin Smarandache'],"In this book we introduce a new procedure called \alpha-Discounting Method
for Multi-Criteria Decision Making (\alpha-D MCDM), which is as an alternative
and extension of Saaty Analytical Hierarchy Process (AHP). It works for any
number of preferences that can be transformed into a system of homogeneous
linear equations. A degree of consistency (and implicitly a degree of
inconsistency) of a decision-making problem are defined. \alpha-D MCDM is
afterwards generalized to a set of preferences that can be transformed into a
system of linear and or non-linear homogeneous and or non-homogeneous equations
and or inequalities. The general idea of \alpha-D MCDM is to assign non-null
positive parameters \alpha_1, \alpha_2, and so on \alpha_p to the coefficients
in the right-hand side of each preference that diminish or increase them in
order to transform the above linear homogeneous system of equations which has
only the null-solution, into a system having a particular non-null solution.
After finding the general solution of this system, the principles used to
assign particular values to all parameters \alpha is the second important part
of \alpha-D, yet to be deeper investigated in the future. In the current book
we propose the Fairness Principle, i.e. each coefficient should be discounted
with the same percentage (we think this is fair: not making any favoritism or
unfairness to any coefficient), but the reader can propose other principles.
For consistent decision-making problems with pairwise comparisons,
\alpha-Discounting Method together with the Fairness Principle give the same
result as AHP. But for weak inconsistent decision-making problem,
\alpha-Discounting together with the Fairness Principle give a different result
from AHP. Many consistent, weak inconsistent, and strong inconsistent examples
are given in this book.","['cs.AI', 'I.2.3']"
http://arxiv.org/abs/1002.0136v1,Dominion -- A constraint solver generator,['Lars Kotthoff'],"This paper proposes a design for a system to generate constraint solvers that
are specialised for specific problem models. It describes the design in detail
and gives preliminary experimental results showing the feasibility and
effectiveness of the approach.",['cs.AI']
http://arxiv.org/abs/1002.0177v1,"Logical Evaluation of Consciousness: For Incorporating Consciousness
  into Machine Architecture","['C. N. Padhy', 'R. R. Panda']","Machine Consciousness is the study of consciousness in a biological,
philosophical, mathematical and physical perspective and designing a model that
can fit into a programmable system architecture. Prime objective of the study
is to make the system architecture behave consciously like a biological model
does. Present work has developed a feasible definition of consciousness, that
characterizes consciousness with four parameters i.e., parasitic, symbiotic,
self referral and reproduction. Present work has also developed a biologically
inspired consciousness architecture that has following layers: quantum layer,
cellular layer, organ layer and behavioral layer and traced the characteristics
of consciousness at each layer. Finally, the work has estimated physical and
algorithmic architecture to devise a system that can behave consciously.",['cs.AI']
http://arxiv.org/abs/1002.0449v2,Some improved results on communication between information systems,"['Ping Zhu', 'Qiaoyan Wen']","To study the communication between information systems, Wang et al. [C. Wang,
C. Wu, D. Chen, Q. Hu, and C. Wu, Communicating between information systems,
Information Sciences 178 (2008) 3228-3239] proposed two concepts of type-1 and
type-2 consistent functions. Some properties of such functions and induced
relation mappings have been investigated there. In this paper, we provide an
improvement of the aforementioned work by disclosing the symmetric relationship
between type-1 and type-2 consistent functions. We present more properties of
consistent functions and induced relation mappings and improve upon several
deficient assertions in the original work. In particular, we unify and extend
type-1 and type-2 consistent functions into the so-called
neighborhood-consistent functions. This provides a convenient means for
studying the communication between information systems based on various
neighborhoods.",['cs.AI']
http://arxiv.org/abs/1002.0908v1,Homomorphisms between fuzzy information systems revisited,"['Ping Zhu', 'Qiaoyan Wen']","Recently, Wang et al. discussed the properties of fuzzy information systems
under homomorphisms in the paper [C. Wang, D. Chen, L. Zhu, Homomorphisms
between fuzzy information systems, Applied Mathematics Letters 22 (2009)
1045-1050], where homomorphisms are based upon the concepts of consistent
functions and fuzzy relation mappings. In this paper, we classify consistent
functions as predecessor-consistent and successor-consistent, and then proceed
to present more properties of consistent functions. In addition, we improve
some characterizations of fuzzy relation mappings provided by Wang et al.",['cs.AI']
http://arxiv.org/abs/1002.1157v1,"Establishment of Relationships between Material Design and Product
  Design Domains by Hybrid FEM-ANN Technique","['K. Soorya Prakash', 'S. S. Mohamed Nazirudeen', 'M. Joseph Malvin Raj']","In this paper, research on AI based modeling technique to optimize
development of new alloys with necessitated improvements in properties and
chemical mixture over existing alloys as per functional requirements of product
is done. The current research work novels AI in lieu of predictions to
establish association between material and product customary. Advanced
computational simulation techniques like CFD, FEA interrogations are made
viable to authenticate product dynamics in context to experimental
investigations. Accordingly, the current research is focused towards binding
relationships between material design and product design domains. The input to
feed forward back propagation prediction network model constitutes of material
design features. Parameters relevant to product design strategies are furnished
as target outputs. The outcomes of ANN shows good sign of correlation between
material and product design domains. The study enriches a new path to
illustrate material factors at the time of new product development.",['cs.AI']
http://arxiv.org/abs/1002.2202v1,Modeling of Human Criminal Behavior using Probabilistic Networks,"['Ramesh Kumar Gopala Pillai', 'Dr. Ramakanth Kumar . P']","Currently, criminals profile (CP) is obtained from investigators or forensic
psychologists interpretation, linking crime scene characteristics and an
offenders behavior to his or her characteristics and psychological profile.
This paper seeks an efficient and systematic discovery of nonobvious and
valuable patterns between variables from a large database of solved cases via a
probabilistic network (PN) modeling approach. The PN structure can be used to
extract behavioral patterns and to gain insight into what factors influence
these behaviors. Thus, when a new case is being investigated and the profile
variables are unknown because the offender has yet to be identified, the
observed crime scene variables are used to infer the unknown variables based on
their connections in the structure and the corresponding numerical
(probabilistic) weights. The objective is to produce a more systematic and
empirical approach to profiling, and to use the resulting PN model as a
decision tool.",['cs.AI']
http://arxiv.org/abs/1002.2897v1,Model-Driven Constraint Programming,"['Raphael Chenouard', 'Laurent Granvilliers', 'Ricardo Soto']","Constraint programming can definitely be seen as a model-driven paradigm. The
users write programs for modeling problems. These programs are mapped to
executable models to calculate the solutions. This paper focuses on efficient
model management (definition and transformation). From this point of view, we
propose to revisit the design of constraint-programming systems. A model-driven
architecture is introduced to map solving-independent constraint models to
solving-dependent decision models. Several important questions are examined,
such as the need for a visual highlevel modeling language, and the quality of
metamodeling techniques to implement the transformations. A main result is the
s-COMMA platform that efficiently implements the chain from modeling to solving
constraint problems",['cs.AI']
http://arxiv.org/abs/1002.3023v1,Rewriting Constraint Models with Metamodels,"['Raphael Chenouard', 'Laurent Granvilliers', 'Ricardo Soto']","An important challenge in constraint programming is to rewrite constraint
models into executable programs calculat- ing the solutions. This phase of
constraint processing may require translations between constraint programming
lan- guages, transformations of constraint representations, model
optimizations, and tuning of solving strategies. In this paper, we introduce a
pivot metamodel describing the common fea- tures of constraint models including
different kinds of con- straints, statements like conditionals and loops, and
other first-class elements like object classes and predicates. This metamodel
is general enough to cope with the constructions of many languages, from
object-oriented modeling languages to logic languages, but it is independent
from them. The rewriting operations manipulate metamodel instances apart from
languages. As a consequence, the rewriting operations apply whatever languages
are selected and they are able to manage model semantic information. A bridge
is created between the metamodel space and languages using parsing techniques.
Tools from the software engineering world can be useful to implement this
framework.",['cs.AI']
http://arxiv.org/abs/1002.3078v1,"Using ATL to define advanced and flexible constraint model
  transformations","['Raphael Chenouard', 'Laurent Granvilliers', 'Ricardo Soto']","Transforming constraint models is an important task in re- cent constraint
programming systems. User-understandable models are defined during the modeling
phase but rewriting or tuning them is manda- tory to get solving-efficient
models. We propose a new architecture al- lowing to define bridges between any
(modeling or solver) languages and to implement model optimizations. This
architecture follows a model- driven approach where the constraint modeling
process is seen as a set of model transformations. Among others, an interesting
feature is the def- inition of transformations as concept-oriented rules, i.e.
based on types of model elements where the types are organized into a hierarchy
called a metamodel.",['cs.AI']
http://arxiv.org/abs/1002.4522v1,"Feature Importance in Bayesian Assessment of Newborn Brain Maturity from
  EEG","['L. Jakaite', 'V. Schetinin', 'C. Maple']","The methodology of Bayesian Model Averaging (BMA) is applied for assessment
of newborn brain maturity from sleep EEG. In theory this methodology provides
the most accurate assessments of uncertainty in decisions. However, the
existing BMA techniques have been shown providing biased assessments in the
absence of some prior information enabling to explore model parameter space in
details within a reasonable time. The lack in details leads to disproportional
sampling from the posterior distribution. In case of the EEG assessment of
brain maturity, BMA results can be biased because of the absence of information
about EEG feature importance. In this paper we explore how the posterior
information about EEG features can be used in order to reduce a negative impact
of disproportional sampling on BMA performance. We use EEG data recorded from
sleeping newborns to test the efficiency of the proposed BMA technique.",['cs.AI']
http://arxiv.org/abs/1003.0590v1,A new model for solution of complex distributed constrained problems,"['Sami Al-Maqtari', 'Habib Abdulrab', 'Eduard Babkin']","In this paper we describe an original computational model for solving
different types of Distributed Constraint Satisfaction Problems (DCSP). The
proposed model is called Controller-Agents for Constraints Solving (CACS). This
model is intended to be used which is an emerged field from the integration
between two paradigms of different nature: Multi-Agent Systems (MAS) and the
Constraint Satisfaction Problem paradigm (CSP) where all constraints are
treated in central manner as a black-box. This model allows grouping
constraints to form a subset that will be treated together as a local problem
inside the controller. Using this model allows also handling non-binary
constraints easily and directly so that no translating of constraints into
binary ones is needed. This paper presents the implementation outlines of a
prototype of DCSP solver, its usage methodology and overview of the CACS
application for timetabling problems.",['cs.AI']
http://arxiv.org/abs/1003.0746v1,Automatically Discovering Hidden Transformation Chaining Constraints,"['Raphael Chenouard', 'Frédéric Jouault']","Model transformations operate on models conforming to precisely defined
metamodels. Consequently, it often seems relatively easy to chain them: the
output of a transformation may be given as input to a second one if metamodels
match. However, this simple rule has some obvious limitations. For instance, a
transformation may only use a subset of a metamodel. Therefore, chaining
transformations appropriately requires more information. We present here an
approach that automatically discovers more detailed information about actual
chaining constraints by statically analyzing transformations. The objective is
to provide developers who decide to chain transformations with more data on
which to base their choices. This approach has been successfully applied to the
case of a library of endogenous transformations. They all have the same source
and target metamodel but have some hidden chaining constraints. In such a case,
the simple metamodel matching rule given above does not provide any useful
information.",['cs.AI']
http://arxiv.org/abs/1003.1493v1,"Integration of Rule Based Expert Systems and Case Based Reasoning in an
  Acute Bacterial Meningitis Clinical Decision Support System","['Mariana Maceiras Cabrera', 'Ernesto Ocampo Edye']","This article presents the results of the research carried out on the
development of a medical diagnostic system applied to the Acute Bacterial
Meningitis, using the Case Based Reasoning methodology. The research was
focused on the implementation of the adaptation stage, from the integration of
Case Based Reasoning and Rule Based Expert Systems. In this adaptation stage we
use a higher level RBC that stores and allows reutilizing change experiences,
combined with a classic rule-based inference engine. In order to take into
account the most evident clinical situation, a pre-diagnosis stage is
implemented using a rule engine that, given an evident situation, emits the
corresponding diagnosis and avoids the complete process.",['cs.AI']
http://arxiv.org/abs/1003.1504v1,Indexer Based Dynamic Web Services Discovery,"['Saba Bashir', 'Farhan Hassan Khan', 'M. Younus Javed', 'Aihab Khan', 'Malik Sikandar Hayat Khiyal']","Recent advancement in web services plays an important role in business to
business and business to consumer interaction. Discovery mechanism is not only
used to find a suitable service but also provides collaboration between service
providers and consumers by using standard protocols. A static web service
discovery mechanism is not only time consuming but requires continuous human
interaction. This paper proposed an efficient dynamic web services discovery
mechanism that can locate relevant and updated web services from service
registries and repositories with timestamp based on indexing value and
categorization for faster and efficient discovery of service. The proposed
prototype focuses on quality of service issues and introduces concept of local
cache, categorization of services, indexing mechanism, CSP (Constraint
Satisfaction Problem) solver, aging and usage of translator. Performance of
proposed framework is evaluated by implementing the algorithm and correctness
of our method is shown. The results of proposed framework shows greater
performance and accuracy in dynamic discovery mechanism of web services
resolving the existing issues of flexibility, scalability, based on quality of
service, and discovers updated and most relevant services with ease of usage.",['cs.AI']
http://arxiv.org/abs/1003.1588v1,"On the Failure of the Finite Model Property in some Fuzzy Description
  Logics","['Fernando Bobillo', 'Felix Bou', 'Umberto Straccia']","Fuzzy Description Logics (DLs) are a family of logics which allow the
representation of (and the reasoning with) structured knowledge affected by
vagueness. Although most of the not very expressive crisp DLs, such as ALC,
enjoy the Finite Model Property (FMP), this is not the case once we move into
the fuzzy case. In this paper we show that if we allow arbitrary knowledge
bases, then the fuzzy DLs ALC under Lukasiewicz and Product fuzzy logics do not
verify the FMP even if we restrict to witnessed models; in other words, finite
satisfiability and witnessed satisfiability are different for arbitrary
knowledge bases. The aim of this paper is to point out the failure of FMP
because it affects several algorithms published in the literature for reasoning
under fuzzy ALC.",['cs.AI']
http://arxiv.org/abs/1003.1658v3,A multivalued knowledge-base model,['Agnes Achs'],"The basic aim of our study is to give a possible model for handling uncertain
information. This model is worked out in the framework of DATALOG. At first the
concept of fuzzy Datalog will be summarized, then its extensions for
intuitionistic- and interval-valued fuzzy logic is given and the concept of
bipolar fuzzy Datalog is introduced. Based on these ideas the concept of
multivalued knowledge-base will be defined as a quadruple of any background
knowledge; a deduction mechanism; a connecting algorithm, and a function set of
the program, which help us to determine the uncertainty levels of the results.
At last a possible evaluation strategy is given.","['cs.AI', '68T30', 'I.2.4']"
http://arxiv.org/abs/1003.2641v1,Release ZERO.0.1 of package RefereeToolbox,['Frédéric Dambreville'],"RefereeToolbox is a java package implementing combination operators for
fusing evidences. It is downloadable from:
http://refereefunction.fredericdambreville.com/releases RefereeToolbox is based
on an interpretation of the fusion rules by means of Referee Functions. This
approach implies a dissociation between the definition of the combination and
its actual implementation, which is common to all referee-based combinations.
As a result, RefereeToolbox is designed with the aim to be generic and
evolutive.",['cs.AI']
http://arxiv.org/abs/1003.5173v1,LEXSYS: Architecture and Implication for Intelligent Agent systems,['Charles A. B. Robert'],"LEXSYS, (Legume Expert System) was a project conceived at IITA (International
Institute of Tropical Agriculture) Ibadan Nigeria. It was initiated by the
COMBS (Collaborative Group on Maize-Based Systems Research in the 1990. It was
meant for a general framework for characterizing on-farm testing for technology
design for sustainable cereal-based cropping system. LEXSYS is not a true
expert system as the name would imply, but simply a user-friendly information
system. This work is an attempt to give a formal representation of the existing
system and then present areas where intelligent agent can be applied.",['cs.AI']
http://arxiv.org/abs/1003.5305v2,Rational Value of Information Estimation for Measurement Selection,"['David Tolpin', 'Solomon Eyal Shimony']","Computing value of information (VOI) is a crucial task in various aspects of
decision-making under uncertainty, such as in meta-reasoning for search; in
selecting measurements to make, prior to choosing a course of action; and in
managing the exploration vs. exploitation tradeoff. Since such applications
typically require numerous VOI computations during a single run, it is
essential that VOI be computed efficiently. We examine the issue of anytime
estimation of VOI, as frequently it suffices to get a crude estimate of the
VOI, thus saving considerable computational resources. As a case study, we
examine VOI estimation in the measurement selection problem. Empirical
evaluation of the proposed scheme in this domain shows that computational
resources can indeed be significantly reduced, at little cost in expected
rewards achieved in the overall decision problem.",['cs.AI']
http://arxiv.org/abs/1003.5899v1,Geometric Algebra Model of Distributed Representations,['Agnieszka Patyk'],"Formalism based on GA is an alternative to distributed representation models
developed so far --- Smolensky's tensor product, Holographic Reduced
Representations (HRR) and Binary Spatter Code (BSC). Convolutions are replaced
by geometric products, interpretable in terms of geometry which seems to be the
most natural language for visualization of higher concepts. This paper recalls
the main ideas behind the GA model and investigates recognition test results
using both inner product and a clipped version of matrix representation. The
influence of accidental blade equality on recognition is also studied. Finally,
the efficiency of the GA model is compared to that of previously developed
models.",['cs.AI']
http://arxiv.org/abs/1004.1540v1,"Importance of Sources using the Repeated Fusion Method and the
  Proportional Conflict Redistribution Rules #5 and #6","['Florentin Smarandache', 'Jean Dezert']","We present in this paper some examples of how to compute by hand the PCR5
fusion rule for three sources, so the reader will better understand its
mechanism. We also take into consideration the importance of sources, which is
different from the classical discounting of sources.",['cs.AI']
http://arxiv.org/abs/1004.1772v1,Terrorism Event Classification Using Fuzzy Inference Systems,"['Uraiwan Inyaem', 'Choochart Haruechaiyasak', 'Phayung Meesad', 'Dat Tran']","Terrorism has led to many problems in Thai societies, not only property
damage but also civilian casualties. Predicting terrorism activities in advance
can help prepare and manage risk from sabotage by these activities. This paper
proposes a framework focusing on event classification in terrorism domain using
fuzzy inference systems (FISs). Each FIS is a decision-making model combining
fuzzy logic and approximate reasoning. It is generated in five main parts: the
input interface, the fuzzification interface, knowledge base unit, decision
making unit and output defuzzification interface. Adaptive neuro-fuzzy
inference system (ANFIS) is a FIS model adapted by combining the fuzzy logic
and neural network. The ANFIS utilizes automatic identification of fuzzy logic
rules and adjustment of membership function (MF). Moreover, neural network can
directly learn from data set to construct fuzzy logic rules and MF implemented
in various applications. FIS settings are evaluated based on two comparisons.
The first evaluation is the comparison between unstructured and structured
events using the same FIS setting. The second comparison is the model settings
between FIS and ANFIS for classifying structured events. The data set consists
of news articles related to terrorism events in three southern provinces of
Thailand. The experimental results show that the classification performance of
the FIS resulting from structured events achieves satisfactory accuracy and is
better than the unstructured events. In addition, the classification of
structured events using ANFIS gives higher performance than the events using
only FIS in the prediction of terrorism events.",['cs.AI']
http://arxiv.org/abs/1004.1794v1,Probabilistic Semantic Web Mining Using Artificial Neural Analysis,"['T. Krishna Kishore', 'T. Sasi Vardhan', 'N. Lakshmi Narayana']","Most of the web user's requirements are search or navigation time and getting
correctly matched result. These constrains can be satisfied with some
additional modules attached to the existing search engines and web servers.
This paper proposes that powerful architecture for search engines with the
title of Probabilistic Semantic Web Mining named from the methods used. With
the increase of larger and larger collection of various data resources on the
World Wide Web (WWW), Web Mining has become one of the most important
requirements for the web users. Web servers will store various formats of data
including text, image, audio, video etc., but servers can not identify the
contents of the data. These search techniques can be improved by adding some
special techniques including semantic web mining and probabilistic analysis to
get more accurate results. Semantic web mining technique can provide meaningful
search of data resources by eliminating useless information with mining
process. In this technique web servers will maintain Meta information of each
and every data resources available in that particular web server. This will
help the search engine to retrieve information that is relevant to user given
input string. This paper proposing the idea of combing these two techniques
Semantic web mining and Probabilistic analysis for efficient and accurate
search results of web mining. SPF can be calculated by considering both
semantic accuracy and syntactic accuracy of data with the input string. This
will be the deciding factor for producing results.",['cs.AI']
http://arxiv.org/abs/1004.2008v1,Matrix Coherence and the Nystrom Method,"['Ameet Talwalkar', 'Afshin Rostamizadeh']","The Nystrom method is an efficient technique to speed up large-scale learning
applications by generating low-rank approximations. Crucial to the performance
of this technique is the assumption that a matrix can be well approximated by
working exclusively with a subset of its columns. In this work we relate this
assumption to the concept of matrix coherence and connect matrix coherence to
the performance of the Nystrom method. Making use of related work in the
compressed sensing and the matrix completion literature, we derive novel
coherence-based bounds for the Nystrom method in the low-rank setting. We then
present empirical results that corroborate these theoretical bounds. Finally,
we present more general empirical results for the full-rank setting that
convincingly demonstrate the ability of matrix coherence to measure the degree
to which information can be extracted from a subset of columns.",['cs.AI']
http://arxiv.org/abs/1004.2624v1,Symmetry within Solutions,"['Marijn Heule', 'Toby Walsh']","We define the concept of an internal symmetry. This is a symmety within a
solution of a constraint satisfaction problem. We compare this to solution
symmetry, which is a mapping between different solutions of the same problem.
We argue that we may be able to exploit both types of symmetry when finding
solutions. We illustrate the potential of exploiting internal symmetries on two
benchmark domains: Van der Waerden numbers and graceful graphs. By identifying
internal symmetries we are able to extend the state of the art in both cases.","['cs.AI', 'I.2.4']"
http://arxiv.org/abs/1004.2626v1,Propagating Conjunctions of AllDifferent Constraints,"['Christian Bessiere', 'George Katsirelos', 'Nina Narodytska', 'Claude-Guy Quimper', 'Toby Walsh']","We study propagation algorithms for the conjunction of two AllDifferent
constraints. Solutions of an AllDifferent constraint can be seen as perfect
matchings on the variable/value bipartite graph. Therefore, we investigate the
problem of finding simultaneous bipartite matchings. We present an extension of
the famous Hall theorem which characterizes when simultaneous bipartite
matchings exists. Unfortunately, finding such matchings is NP-hard in general.
However, we prove a surprising result that finding a simultaneous matching on a
convex bipartite graph takes just polynomial time. Based on this theoretical
result, we provide the first polynomial time bound consistency algorithm for
the conjunction of two AllDifferent constraints. We identify a pathological
problem on which this propagator is exponentially faster compared to existing
propagators. Our experiments show that this new propagator can offer
significant benefits over existing methods.","['cs.AI', 'I.2.4']"
http://arxiv.org/abs/1004.3260v1,Decision Support Systems (DSS) in Construction Tendering Processes,"['Rosmayati Mohemad', 'Abdul Razak Hamdan', 'Zulaiha Ali Othman', 'Noor Maizura Mohamad Noor']","The successful execution of a construction project is heavily impacted by
making the right decision during tendering processes. Managing tender
procedures is very complex and uncertain involving coordination of many tasks
and individuals with different priorities and objectives. Bias and inconsistent
decision are inevitable if the decision-making process is totally depends on
intuition, subjective judgement or emotion. In making transparent decision and
healthy competition tendering, there exists a need for flexible guidance tool
for decision support. Aim of this paper is to give a review on current
practices of Decision Support Systems (DSS) technology in construction
tendering processes. Current practices of general tendering processes as
applied to the most countries in different regions such as United States,
Europe, Middle East and Asia are comprehensively discussed. Applications of
Web-based tendering processes is also summarised in terms of its properties.
Besides that, a summary of Decision Support System (DSS) components is included
in the next section. Furthermore, prior researches on implementation of DSS
approaches in tendering processes are discussed in details. Current issues
arise from both of paper-based and Web-based tendering processes are outlined.
Finally, conclusion is included at the end of this paper.",['cs.AI']
http://arxiv.org/abs/1004.4342v2,Towards Closed World Reasoning in Dynamic Open Worlds (Extended Version),"['Martin Slota', 'João Leite']","The need for integration of ontologies with nonmonotonic rules has been
gaining importance in a number of areas, such as the Semantic Web. A number of
researchers addressed this problem by proposing a unified semantics for hybrid
knowledge bases composed of both an ontology (expressed in a fragment of
first-order logic) and nonmonotonic rules. These semantics have matured over
the years, but only provide solutions for the static case when knowledge does
not need to evolve. In this paper we take a first step towards addressing the
dynamics of hybrid knowledge bases. We focus on knowledge updates and,
considering the state of the art of belief update, ontology update and rule
update, we show that current solutions are only partial and difficult to
combine. Then we extend the existing work on ABox updates with rules, provide a
semantics for such evolving hybrid knowledge bases and study its basic
properties. To the best of our knowledge, this is the first time that an update
operator is proposed for hybrid knowledge bases.",['cs.AI']
http://arxiv.org/abs/1004.4734v1,"On the comparison of plans: Proposition of an instability measure for
  dynamic machine scheduling",['Martin Josef Geiger'],"On the basis of an analysis of previous research, we present a generalized
approach for measuring the difference of plans with an exemplary application to
machine scheduling. Our work is motivated by the need for such measures, which
are used in dynamic scheduling and planning situations. In this context,
quantitative approaches are needed for the assessment of the robustness and
stability of schedules. Obviously, any `robustness' or `stability' of plans has
to be defined w. r. t. the particular situation and the requirements of the
human decision maker. Besides the proposition of an instability measure, we
therefore discuss possibilities of obtaining meaningful information from the
decision maker for the implementation of the introduced approach.",['cs.AI']
http://arxiv.org/abs/1004.4801v1,Ontology-based inference for causal explanation,"['Philippe Besnard', 'Marie-Odile Cordier', 'Yves Moinard']","We define an inference system to capture explanations based on causal
statements, using an ontology in the form of an IS-A hierarchy. We first
introduce a simple logical language which makes it possible to express that a
fact causes another fact and that a fact explains another fact. We present a
set of formal inference patterns from causal statements to explanation
statements. We introduce an elementary ontology which gives greater
expressiveness to the system while staying close to propositional reasoning. We
provide an inference system that captures the patterns discussed, firstly in a
purely propositional framework, then in a datalog (limited predicate)
framework.",['cs.AI']
http://arxiv.org/abs/1005.0089v1,The Exact Closest String Problem as a Constraint Satisfaction Problem,"['Tom Kelsey', 'Lars Kotthoff']","We report (to our knowledge) the first evaluation of Constraint Satisfaction
as a computational framework for solving closest string problems. We show that
careful consideration of symbol occurrences can provide search heuristics that
provide several orders of magnitude speedup at and above the optimal distance.
We also report (to our knowledge) the first analysis and evaluation -- using
any technique -- of the computational difficulties involved in the
identification of all closest strings for a given input set. We describe
algorithms for web-scale distributed solution of closest string problems, both
purely based on AI backtrack search and also hybrid numeric-AI methods.",['cs.AI']
http://arxiv.org/abs/1005.0104v1,Joint Structured Models for Extraction from Overlapping Sources,"['Rahul Gupta', 'Sunita Sarawagi']","We consider the problem of jointly training structured models for extraction
from sources whose instances enjoy partial overlap. This has important
applications like user-driven ad-hoc information extraction on the web. Such
applications present new challenges in terms of the number of sources and their
arbitrary pattern of overlap not seen by earlier collective training schemes
applied on two sources. We present an agreement-based learning framework and
alternatives within it to trade-off tractability, robustness to noise, and
extent of agreement. We provide a principled scheme to discover low-noise
agreement sets in unlabeled data across the sources. Through extensive
experiments over 58 real datasets, we establish that our method of additively
rewarding agreement over maximal segments of text provides the best trade-offs,
and also scores over alternatives such as collective inference, staged
training, and multi-view learning.",['cs.AI']
http://arxiv.org/abs/1005.0605v1,"An approach to visualize the course of solving of a research task in
  humans","['Vladimir L. Gavrikov', 'Rem G. Khlebopros']","A technique to study the dynamics of solving of a research task is suggested.
The research task was based on specially developed software Right- Wrong
Responder (RWR), with the participants having to reveal the response logic of
the program. The participants interacted with the program in the form of a
semi-binary dialogue, which implies the feedback responses of only two kinds -
""right"" or ""wrong"". The technique has been applied to a small pilot group of
volunteer participants. Some of them have successfully solved the task
(solvers) and some have not (non-solvers). In the beginning of the work, the
solvers did more wrong moves than non-solvers, and they did less wrong moves
closer to the finish of the work. A phase portrait of the work both in solvers
and non-solvers showed definite cycles that may correspond to sequences of
partially true hypotheses that may be formulated by the participants during the
solving of the task.",['cs.AI']
http://arxiv.org/abs/1005.0608v1,Informal Concepts in Machines,['Kurt Ammon'],"This paper constructively proves the existence of an effective procedure
generating a computable (total) function that is not contained in any given
effectively enumerable set of such functions. The proof implies the existence
of machines that process informal concepts such as computable (total) functions
beyond the limits of any given Turing machine or formal system, that is, these
machines can, in a certain sense, ""compute"" function values beyond these
limits. We call these machines creative. We argue that any ""intelligent""
machine should be capable of processing informal concepts such as computable
(total) functions, that is, it should be creative. Finally, we introduce
hypotheses on creative machines which were developed on the basis of
theoretical investigations and experiments with computer programs. The
hypotheses say that machine intelligence is the execution of a self-developing
procedure starting from any universal programming language and any input.",['cs.AI']
http://arxiv.org/abs/1005.0896v1,"A two-step fusion process for multi-criteria decision applied to natural
  hazards in mountains","['Jean-Marc Tacnet', 'Mireille Batton-Hubert', 'Jean Dezert']","Mountain river torrents and snow avalanches generate human and material
damages with dramatic consequences. Knowledge about natural phenomenona is
often lacking and expertise is required for decision and risk management
purposes using multi-disciplinary quantitative or qualitative approaches.
Expertise is considered as a decision process based on imperfect information
coming from more or less reliable and conflicting sources. A methodology mixing
the Analytic Hierarchy Process (AHP), a multi-criteria aid-decision method, and
information fusion using Belief Function Theory is described. Fuzzy Sets and
Possibilities theories allow to transform quantitative and qualitative criteria
into a common frame of discernment for decision in Dempster-Shafer Theory (DST
) and Dezert-Smarandache Theory (DSmT) contexts. Main issues consist in basic
belief assignments elicitation, conflict identification and management, fusion
rule choices, results validation but also in specific needs to make a
difference between importance and reliability and uncertainty in the fusion
process.",['cs.AI']
http://arxiv.org/abs/1005.0917v1,On Building a Knowledge Base for Stability Theory,"['Agnieszka Rowinska-Schwarzweller', 'Christoph Schwarzweller']","A lot of mathematical knowledge has been formalized and stored in
repositories by now: different mathematical theorems and theories have been
taken into consideration and included in mathematical repositories.
Applications more distant from pure mathematics, however --- though based on
these theories --- often need more detailed knowledge about the underlying
theories. In this paper we present an example Mizar formalization from the area
of electrical engineering focusing on stability theory which is based on
complex analysis. We discuss what kind of special knowledge is necessary here
and which amount of this knowledge is included in existing repositories.",['cs.AI']
http://arxiv.org/abs/1005.1518v4,"Recognizability of Individual Creative Style Within and Across Domains:
  Preliminary Studies",['Liane Gabora'],"It is hypothesized that creativity arises from the self-mending capacity of
an internal model of the world, or worldview. The uniquely honed worldview of a
creative individual results in a distinctive style that is recognizable within
and across domains. It is further hypothesized that creativity is domaingeneral
in the sense that there exist multiple avenues by which the distinctiveness of
one's worldview can be expressed. These hypotheses were tested using art
students and creative writing students. Art students guessed significantly
above chance both which painting was done by which of five famous artists, and
which artwork was done by which of their peers. Similarly, creative writing
students guessed significantly above chance both which passage was written by
which of five famous writers, and which passage was written by which of their
peers. These findings support the hypothesis that creative style is
recognizable. Moreover, creative writing students guessed significantly above
chance which of their peers produced particular works of art, supporting the
hypothesis that creative style is recognizable not just within but across
domains.",['cs.AI']
http://arxiv.org/abs/1005.1860v2,"Feature Selection Using Regularization in Approximate Linear Programs
  for Markov Decision Processes","['Marek Petrik', 'Gavin Taylor', 'Ron Parr', 'Shlomo Zilberstein']","Approximate dynamic programming has been used successfully in a large variety
of domains, but it relies on a small set of provided approximation features to
calculate solutions reliably. Large and rich sets of features can cause
existing algorithms to overfit because of a limited number of samples. We
address this shortcoming using $L_1$ regularization in approximate linear
programming. Because the proposed method can automatically select the
appropriate richness of features, its performance does not degrade with an
increasing number of features. These results rely on new and stronger sampling
bounds for regularized approximate linear programs. We also propose a
computationally efficient homotopy method. The empirical evaluation of the
approach shows that the proposed method performs well on simple MDPs and
standard benchmark problems.",['cs.AI']
http://arxiv.org/abs/1005.2815v1,Evolving Genes to Balance a Pole,"['Miguel Nicolau', 'Marc Schoenauer', 'W. Banzhaf']","We discuss how to use a Genetic Regulatory Network as an evolutionary
representation to solve a typical GP reinforcement problem, the pole balancing.
The network is a modified version of an Artificial Regulatory Network proposed
a few years ago, and the task could be solved only by finding a proper way of
connecting inputs and outputs to the network. We show that the representation
is able to generalize well over the problem domain, and discuss the performance
of different models of this kind.",['cs.AI']
http://arxiv.org/abs/1005.3502v1,"Using machine learning to make constraint solver implementation
  decisions","['Lars Kotthoff', 'Ian Gent', 'Ian Miguel']","Programs to solve so-called constraint problems are complex pieces of
software which require many design decisions to be made more or less
arbitrarily by the implementer. These decisions affect the performance of the
finished solver significantly. Once a design decision has been made, it cannot
easily be reversed, although a different decision may be more appropriate for a
particular problem.
  We investigate using machine learning to make these decisions automatically
depending on the problem to solve with the alldifferent constraint as an
example. Our system is capable of making non-trivial, multi-level decisions
that improve over always making a default choice.",['cs.AI']
http://arxiv.org/abs/1005.4025v1,A Soft Computing Model for Physicians' Decision Process,['Siddharths Sankar Biswas'],"In this paper the author presents a kind of Soft Computing Technique, mainly
an application of fuzzy set theory of Prof. Zadeh [16], on a problem of Medical
Experts Systems. The choosen problem is on design of a physician's decision
model which can take crisp as well as fuzzy data as input, unlike the
traditional models. The author presents a mathematical model based on fuzzy set
theory for physician aided evaluation of a complete representation of
information emanating from the initial interview including patient past
history, present symptoms, and signs observed upon physical examination and
results of clinical and diagnostic tests.",['cs.AI']
http://arxiv.org/abs/1005.4159v3,The Complexity of Manipulating $k$-Approval Elections,['Andrew Lin'],"An important problem in computational social choice theory is the complexity
of undesirable behavior among agents, such as control, manipulation, and
bribery in election systems. These kinds of voting strategies are often
tempting at the individual level but disastrous for the agents as a whole.
Creating election systems where the determination of such strategies is
difficult is thus an important goal.
  An interesting set of elections is that of scoring protocols. Previous work
in this area has demonstrated the complexity of misuse in cases involving a
fixed number of candidates, and of specific election systems on unbounded
number of candidates such as Borda. In contrast, we take the first step in
generalizing the results of computational complexity of election misuse to
cases of infinitely many scoring protocols on an unbounded number of
candidates. Interesting families of systems include $k$-approval and $k$-veto
elections, in which voters distinguish $k$ candidates from the candidate set.
  Our main result is to partition the problems of these families based on their
complexity. We do so by showing they are polynomial-time computable, NP-hard,
or polynomial-time equivalent to another problem of interest. We also
demonstrate a surprising connection between manipulation in election systems
and some graph theory problems.",['cs.AI']
http://arxiv.org/abs/1005.4272v1,"Inaccuracy Minimization by Partioning Fuzzy Data Sets - Validation of
  Analystical Methodology","['G. Arutchelvan', 'S. K. Srivatsa', 'R. Jagannathan']","In the last two decades, a number of methods have been proposed for
forecasting based on fuzzy time series. Most of the fuzzy time series methods
are presented for forecasting of car road accidents. However, the forecasting
accuracy rates of the existing methods are not good enough. In this paper, we
compared our proposed new method of fuzzy time series forecasting with existing
methods. Our method is based on means based partitioning of the historical data
of car road accidents. The proposed method belongs to the kth order and
time-variant methods. The proposed method can get the best forecasting accuracy
rate for forecasting the car road accidents than the existing methods.",['cs.AI']
http://arxiv.org/abs/1005.4496v1,Combining Naive Bayes and Decision Tree for Adaptive Intrusion Detection,"['Dewan Md. Farid', 'Nouria Harbi', 'Mohammad Zahidur Rahman']","In this paper, a new learning algorithm for adaptive network intrusion
detection using naive Bayesian classifier and decision tree is presented, which
performs balance detections and keeps false positives at acceptable level for
different types of network attacks, and eliminates redundant attributes as well
as contradictory examples from training data that make the detection model
complex. The proposed algorithm also addresses some difficulties of data mining
such as handling continuous attribute, dealing with missing attribute values,
and reducing noise in training data. Due to the large volumes of security audit
data as well as the complex and dynamic properties of intrusion behaviours,
several data miningbased intrusion detection techniques have been applied to
network-based traffic data and host-based data in the last decades. However,
there remain various issues needed to be examined towards current intrusion
detection systems (IDS). We tested the performance of our proposed algorithm
with existing learning algorithms by employing on the KDD99 benchmark intrusion
detection dataset. The experimental results prove that the proposed algorithm
achieved high detection rates (DR) and significant reduce false positives (FP)
for different types of network intrusions using limited computational
resources.",['cs.AI']
http://arxiv.org/abs/1005.4592v1,"Automated Reasoning and Presentation Support for Formalizing Mathematics
  in Mizar","['Josef Urban', 'Geoff Sutcliffe']","This paper presents a combination of several automated reasoning and proof
presentation tools with the Mizar system for formalization of mathematics. The
combination forms an online service called MizAR, similar to the SystemOnTPTP
service for first-order automated reasoning. The main differences to
SystemOnTPTP are the use of the Mizar language that is oriented towards human
mathematicians (rather than the pure first-order logic used in SystemOnTPTP),
and setting the service in the context of the large Mizar Mathematical Library
of previous theorems,definitions, and proofs (rather than the isolated problems
that are solved in SystemOnTPTP). These differences poses new challenges and
new opportunities for automated reasoning and for proof presentation tools.
This paper describes the overall structure of MizAR, and presents the automated
reasoning systems and proof presentation tools that are combined to make MizAR
a useful mathematical service.",['cs.AI']
http://arxiv.org/abs/1005.4963v1,Integrating Structured Metadata with Relational Affinity Propagation,"['Anon Plangprasopchok', 'Kristina Lerman', 'Lise Getoor']","Structured and semi-structured data describing entities, taxonomies and
ontologies appears in many domains. There is a huge interest in integrating
structured information from multiple sources; however integrating structured
data to infer complex common structures is a difficult task because the
integration must aggregate similar structures while avoiding structural
inconsistencies that may appear when the data is combined. In this work, we
study the integration of structured social metadata: shallow personal
hierarchies specified by many individual users on the SocialWeb, and focus on
inferring a collection of integrated, consistent taxonomies. We frame this task
as an optimization problem with structural constraints. We propose a new
inference algorithm, which we refer to as Relational Affinity Propagation (RAP)
that extends affinity propagation (Frey and Dueck 2007) by introducing
structural constraints. We validate the approach on a real-world social media
dataset, collected from the photosharing website Flickr. Our empirical results
show that our proposed approach is able to construct deeper and denser
structures compared to an approach using only the standard affinity propagation
algorithm.",['cs.AI']
http://arxiv.org/abs/1005.4989v1,A Formalization of the Turing Test,['Evgeny Chutchev'],"The paper offers a mathematical formalization of the Turing test. This
formalization makes it possible to establish the conditions under which some
Turing machine will pass the Turing test and the conditions under which every
Turing machine (or every Turing machine of the special class) will fail the
Turing test.",['cs.AI']
http://arxiv.org/abs/1005.5114v1,"Growing a Tree in the Forest: Constructing Folksonomies by Integrating
  Structured Metadata","['Anon Plangprasopchok', 'Kristina Lerman', 'Lise Getoor']","Many social Web sites allow users to annotate the content with descriptive
metadata, such as tags, and more recently to organize content hierarchically.
These types of structured metadata provide valuable evidence for learning how a
community organizes knowledge. For instance, we can aggregate many personal
hierarchies into a common taxonomy, also known as a folksonomy, that will aid
users in visualizing and browsing social content, and also to help them in
organizing their own content. However, learning from social metadata presents
several challenges, since it is sparse, shallow, ambiguous, noisy, and
inconsistent. We describe an approach to folksonomy learning based on
relational clustering, which exploits structured metadata contained in personal
hierarchies. Our approach clusters similar hierarchies using their structure
and tag statistics, then incrementally weaves them into a deeper, bushier tree.
We study folksonomy learning using social metadata extracted from the
photo-sharing site Flickr, and demonstrate that the proposed approach addresses
the challenges. Moreover, comparing to previous work, the approach produces
larger, more accurate folksonomies, and in addition, scales better.","['cs.AI', 'H.2.8; I.2.6']"
http://arxiv.org/abs/1005.5270v1,Symmetries of Symmetry Breaking Constraints,"['George Katsirelos', 'Toby Walsh']","Symmetry is an important feature of many constraint programs. We show that
any problem symmetry acting on a set of symmetry breaking constraints can be
used to break symmetry. Different symmetries pick out different solutions in
each symmetry class. This simple but powerful idea can be used in a number of
different ways. We describe one application within model restarts, a search
technique designed to reduce the conflict between symmetry breaking and the
branching heuristic. In model restarts, we restart search periodically with a
random symmetry of the symmetry breaking constraints. Experimental results show
that this symmetry breaking technique is effective in practice on some standard
benchmark problems.","['cs.AI', 'I.2.4']"
http://arxiv.org/abs/1006.0274v1,"Learning Probabilistic Hierarchical Task Networks to Capture User
  Preferences","['Nan Li', 'William Cushing', 'Subbarao Kambhampati', 'Sungwook Yoon']","We propose automatically learning probabilistic Hierarchical Task Networks
(pHTNs) in order to capture a user's preferences on plans, by observing only
the user's behavior. HTNs are a common choice of representation for a variety
of purposes in planning, including work on learning in planning. Our
contributions are (a) learning structure and (b) representing preferences. In
contrast, prior work employing HTNs considers learning method preconditions
(instead of structure) and representing domain physics or search control
knowledge (rather than preferences). Initially we will assume that the observed
distribution of plans is an accurate representation of user preference, and
then generalize to the situation where feasibility constraints frequently
prevent the execution of preferred plans. In order to learn a distribution on
plans we adapt an Expectation-Maximization (EM) technique from the discipline
of (probabilistic) grammar induction, taking the perspective of task reductions
as productions in a context-free grammar over primitive actions. To account for
the difference between the distributions of possible and preferred plans we
subsequently modify this core EM technique, in short, by rescaling its input.",['cs.AI']
http://arxiv.org/abs/1006.0385v1,"Brain-Like Stochastic Search: A Research Challenge and Funding
  Opportunity",['Paul J. Werbos'],"Brain-Like Stochastic Search (BLiSS) refers to this task: given a family of
utility functions U(u,A), where u is a vector of parameters or task
descriptors, maximize or minimize U with respect to u, using networks (Option
Nets) which input A and learn to generate good options u stochastically. This
paper discusses why this is crucial to brain-like intelligence (an area funded
by NSF) and to many applications, and discusses various possibilities for
network design and training. The appendix discusses recent research, relations
to work on stochastic optimization in operations research, and relations to
engineering-based approaches to understanding neocortex.",['cs.AI']
http://arxiv.org/abs/1006.0991v1,Variational Program Inference,"['Georges Harik', 'Noam Shazeer']","We introduce a framework for representing a variety of interesting problems
as inference over the execution of probabilistic model programs. We represent a
""solution"" to such a problem as a guide program which runs alongside the model
program and influences the model program's random choices, leading the model
program to sample from a different distribution than from its priors. Ideally
the guide program influences the model program to sample from the posteriors
given the evidence. We show how the KL- divergence between the true posterior
distribution and the distribution induced by the guided model program can be
efficiently estimated (up to an additive constant) by sampling multiple
executions of the guided model program. In addition, we show how to use the
guide program as a proposal distribution in importance sampling to
statistically prove lower bounds on the probability of the evidence and on the
probability of a hypothesis and the evidence. We can use the quotient of these
two bounds as an estimate of the conditional probability of the hypothesis
given the evidence. We thus turn the inference problem into a heuristic search
for better guide programs.",['cs.AI']
http://arxiv.org/abs/1006.1080v1,The Dilated Triple,"['Marko A. Rodriguez', 'Alberto Pepe', 'Joshua Shinavier']","The basic unit of meaning on the Semantic Web is the RDF statement, or
triple, which combines a distinct subject, predicate and object to make a
definite assertion about the world. A set of triples constitutes a graph, to
which they give a collective meaning. It is upon this simple foundation that
the rich, complex knowledge structures of the Semantic Web are built. Yet the
very expressiveness of RDF, by inviting comparison with real-world knowledge,
highlights a fundamental shortcoming, in that RDF is limited to statements of
absolute fact, independent of the context in which a statement is asserted.
This is in stark contrast with the thoroughly context-sensitive nature of human
thought. The model presented here provides a particularly simple means of
contextualizing an RDF triple by associating it with related statements in the
same graph. This approach, in combination with a notion of graph similarity, is
sufficient to select only those statements from an RDF graph which are
subjectively most relevant to the context of the requesting process.","['cs.AI', 'I.2.4']"
http://arxiv.org/abs/1006.1190v2,Game Information System,['Spits Warnars H. L. H'],"In this Information system age many organizations consider information system
as their weapon to compete or gain competitive advantage or give the best
services for non profit organizations. Game Information System as combining
Information System and game is breakthrough to achieve organizations'
performance. The Game Information System will run the Information System with
game and how game can be implemented to run the Information System. Game is not
only for fun and entertainment, but will be a challenge to combine fun and
entertainment with Information System. The Challenge to run the information
system with entertainment, deliver the entertainment with information system
all at once. Game information system can be implemented in many sectors as like
the information system itself but in difference's view. A view of game which
people can joy and happy and do their transaction as a fun things.",['cs.AI']
http://arxiv.org/abs/1006.1701v1,Virtual information system on working area,['Spits Warnars'],"In order to get strategic positioning for competition in business
organization, the information system must be ahead in this information age
where the information as one of the weapons to win the competition and in the
right hand the information will become a right bullet. The information system
with the information technology support isn't enough if just only on internet
or implemented with internet technology. The growth of information technology
as tools for helping and making people easy to use must be accompanied by
wanting to make fun and happy when they make contact with the information
technology itself. Basically human like to play, since childhood human have
been playing, free and happy and when human grow up they can't play as much as
when human was in their childhood. We have to develop the information system
which is not perform information system itself but can help human to explore
their natural instinct for playing, making fun and happiness when they interact
with the information system. Virtual information system is the way to present
playing and having fun atmosphere on working area.","['cs.AI', 'H.5.1']"
http://arxiv.org/abs/1006.1703v1,Indonesian Earthquake Decision Support System,['Spits Warnars'],"Earthquake DSS is an information technology environment which can be used by
government to sharpen, make faster and better the earthquake mitigation
decision. Earthquake DSS can be delivered as E-government which is not only for
government itself but in order to guarantee each citizen's rights for
education, training and information about earthquake and how to overcome the
earthquake. Knowledge can be managed for future use and would become mining by
saving and maintain all the data and information about earthquake and
earthquake mitigation in Indonesia. Using Web technology will enhance global
access and easy to use. Datawarehouse as unNormalized database for
multidimensional analysis will speed the query process and increase reports
variation. Link with other Disaster DSS in one national disaster DSS, link with
other government information system and international will enhance the
knowledge and sharpen the reports.","['cs.AI', 'H.4.2']"
http://arxiv.org/abs/1006.2204v1,MDPs with Unawareness,"['Joseph Y. Halpern', 'Nan Rong', 'Ashutosh Saxena']","Markov decision processes (MDPs) are widely used for modeling decision-making
problems in robotics, automated control, and economics. Traditional MDPs assume
that the decision maker (DM) knows all states and actions. However, this may
not be true in many situations of interest. We define a new framework, MDPs
with unawareness (MDPUs) to deal with the possibilities that a DM may not be
aware of all possible actions. We provide a complete characterization of when a
DM can learn to play near-optimally in an MDPU, and give an algorithm that
learns to play near-optimally when it is possible to do so, as efficiently as
possible. In particular, we characterize when a near-optimal solution can be
found in polynomial time.","['cs.AI', 'I.2.8; F.2.0']"
http://arxiv.org/abs/1006.2743v1,Global Optimization for Value Function Approximation,"['Marek Petrik', 'Shlomo Zilberstein']","Existing value function approximation methods have been successfully used in
many applications, but they often lack useful a priori error bounds. We propose
a new approximate bilinear programming formulation of value function
approximation, which employs global optimization. The formulation provides
strong a priori guarantees on both robust and expected policy loss by
minimizing specific norms of the Bellman residual. Solving a bilinear program
optimally is NP-hard, but this is unavoidable because the Bellman-residual
minimization itself is NP-hard. We describe and analyze both optimal and
approximate algorithms for solving bilinear programs. The analysis shows that
this algorithm offers a convergent generalization of approximate policy
iteration. We also briefly analyze the behavior of bilinear programming
algorithms under incomplete samples. Finally, we demonstrate that the proposed
approach can consistently minimize the Bellman residual on simple benchmark
problems.",['cs.AI']
http://arxiv.org/abs/1006.3021v1,"A General Framework for Equivalences in Answer-Set Programming by
  Countermodels in the Logic of Here-and-There",['Michael Fink'],"Different notions of equivalence, such as the prominent notions of strong and
uniform equivalence, have been studied in Answer-Set Programming, mainly for
the purpose of identifying programs that can serve as substitutes without
altering the semantics, for instance in program optimization. Such semantic
comparisons are usually characterized by various selections of models in the
logic of Here-and-There (HT). For uniform equivalence however, correct
characterizations in terms of HT-models can only be obtained for finite
theories, respectively programs. In this article, we show that a selection of
countermodels in HT captures uniform equivalence also for infinite theories.
This result is turned into coherent characterizations of the different notions
of equivalence by countermodels, as well as by a mixture of HT-models and
countermodels (so-called equivalence interpretations). Moreover, we generalize
the so-called notion of relativized hyperequivalence for programs to
propositional theories, and apply the same methodology in order to obtain a
semantic characterization which is amenable to infinite settings. This allows
for a lifting of the results to first-order theories under a very general
semantics given in terms of a quantified version of HT. We thus obtain a
general framework for the study of various notions of equivalence for theories
under answer-set semantics. Moreover, we prove an expedient property that
allows for a simplified treatment of extended signatures, and provide further
results for non-ground logic programs. In particular, uniform equivalence
coincides under open and ordinary answer-set semantics, and for finite
non-ground programs under these semantics, also the usual characterization of
uniform equivalence in terms of maximal and total HT-models of the grounding is
correct, even for infinite domains, when corresponding ground programs are
infinite.",['cs.AI']
http://arxiv.org/abs/1006.4544v1,Human Disease Diagnosis Using a Fuzzy Expert System,"['Mir Anamul Hasan', 'Khaja Md. Sher-E-Alam', 'Ahsan Raja Chowdhury']","Human disease diagnosis is a complicated process and requires high level of
expertise. Any attempt of developing a web-based expert system dealing with
human disease diagnosis has to overcome various difficulties. This paper
describes a project work aiming to develop a web-based fuzzy expert system for
diagnosing human diseases. Now a days fuzzy systems are being used successfully
in an increasing number of application areas; they use linguistic rules to
describe systems. This research project focuses on the research and development
of a web-based clinical tool designed to improve the quality of the exchange of
health information between health care professionals and patients.
Practitioners can also use this web-based tool to corroborate diagnosis. The
proposed system is experimented on various scenarios in order to evaluate it's
performance. In all the cases, proposed system exhibits satisfactory results.",['cs.AI']
http://arxiv.org/abs/1006.4551v1,Vagueness of Linguistic variable,"['Supriya Raheja', 'Smita Rajpal']","In the area of computer science focusing on creating machines that can engage
on behaviors that humans consider intelligent. The ability to create
intelligent machines has intrigued humans since ancient times and today with
the advent of the computer and 50 years of research into various programming
techniques, the dream of smart machines is becoming a reality. Researchers are
creating systems which can mimic human thought, understand speech, beat the
best human chessplayer, and countless other feats never before possible.
Ability of the human to estimate the information is most brightly shown in
using of natural languages. Using words of a natural language for valuation
qualitative attributes, for example, the person pawns uncertainty in form of
vagueness in itself estimations. Vague sets, vague judgments, vague conclusions
takes place there and then, where and when the reasonable subject exists and
also is interested in something. The vague sets theory has arisen as the answer
to an illegibility of language the reasonable subject speaks. Language of a
reasonable subject is generated by vague events which are created by the reason
and which are operated by the mind. The theory of vague sets represents an
attempt to find such approximation of vague grouping which would be more
convenient, than the classical theory of sets in situations where the natural
language plays a significant role. Such theory has been offered by known
American mathematician Gau and Buehrer .In our paper we are describing how
vagueness of linguistic variables can be solved by using the vague set
theory.This paper is mainly designed for one of directions of the eventology
(the theory of the random vague events), which has arisen within the limits of
the probability theory and which pursue the unique purpose to describe
eventologically a movement of reason.",['cs.AI']
http://arxiv.org/abs/1006.4561v1,An Efficient Technique for Similarity Identification between Ontologies,"['Amjad Farooq', 'Syed Ahsan', 'Abad Shah']","Ontologies usually suffer from the semantic heterogeneity when simultaneously
used in information sharing, merging, integrating and querying processes.
Therefore, the similarity identification between ontologies being used becomes
a mandatory task for all these processes to handle the problem of semantic
heterogeneity. In this paper, we propose an efficient technique for similarity
measurement between two ontologies. The proposed technique identifies all
candidate pairs of similar concepts without omitting any similar pair. The
proposed technique can be used in different types of operations on ontologies
such as merging, mapping and aligning. By analyzing its results a reasonable
improvement in terms of completeness, correctness and overall quality of the
results has been found.",['cs.AI']
http://arxiv.org/abs/1006.4563v1,The State of the Art: Ontology Web-Based Languages: XML Based,['Mohammad Mustafa Taye'],"Many formal languages have been proposed to express or represent Ontologies,
including RDF, RDFS, DAML+OIL and OWL. Most of these languages are based on XML
syntax, but with various terminologies and expressiveness. Therefore, choosing
a language for building an Ontology is the main step. The main point of
choosing language to represent Ontology is based mainly on what the Ontology
will represent or be used for. That language should have a range of quality
support features such as ease of use, expressive power, compatibility, sharing
and versioning, internationalisation. This is because different kinds of
knowledge-based applications need different language features. The main
objective of these languages is to add semantics to the existing information on
the web. The aims of this paper is to provide a good knowledge of existing
language and understanding of these languages and how could be used.",['cs.AI']
http://arxiv.org/abs/1006.4567v1,Understanding Semantic Web and Ontologies: Theory and Applications,['Mohammad Mustafa Taye'],"Semantic Web is actually an extension of the current one in that it
represents information more meaningfully for humans and computers alike. It
enables the description of contents and services in machine-readable form, and
enables annotating, discovering, publishing, advertising and composing services
to be automated. It was developed based on Ontology, which is considered as the
backbone of the Semantic Web. In other words, the current Web is transformed
from being machine-readable to machine-understandable. In fact, Ontology is a
key technique with which to annotate semantics and provide a common,
comprehensible foundation for resources on the Semantic Web. Moreover, Ontology
can provide a common vocabulary, a grammar for publishing data, and can supply
a semantic description of data which can be used to preserve the Ontologies and
keep them ready for inference. This paper provides basic concepts of web
services and the Semantic Web, defines the structure and the main applications
of ontology, and provides many relevant terms are explained in order to provide
a basic understanding of ontologies.",['cs.AI']
http://arxiv.org/abs/1006.5041v1,GroupLiNGAM: Linear non-Gaussian acyclic models for sets of variables,"['Yoshinobu Kawahara', 'Kenneth Bollen', 'Shohei Shimizu', 'Takashi Washio']","Finding the structure of a graphical model has been received much attention
in many fields. Recently, it is reported that the non-Gaussianity of data
enables us to identify the structure of a directed acyclic graph without any
prior knowledge on the structure. In this paper, we propose a novel
non-Gaussianity based algorithm for more general type of models; chain graphs.
The algorithm finds an ordering of the disjoint subsets of variables by
iteratively evaluating the independence between the variable subset and the
residuals when the remaining variables are regressed on those. However, its
computational cost grows exponentially according to the number of variables.
Therefore, we further discuss an efficient approximate approach for applying
the algorithm to large sized graphs. We illustrate the algorithm with
artificial and real-world datasets.",['cs.AI']
http://arxiv.org/abs/1006.5511v2,Soft Approximations and uni-int Decision Making,['Athar Kharal'],"Notions of core, support and inversion of a soft set have been defined and
studied. Soft approximations are soft sets developed through core and support,
and are used for granulating the soft space. Membership structure of a soft set
has been probed in and many interesting properties presented. The mathematical
apparatus developed so far in this paper yields a detailed analysis of two
works viz. [N. Cagman, S. Enginoglu, Soft set theory and uni-int decision
making, European Jr. of Operational Research (article in press, available
online 12 May 2010)] and [N. Cagman, S. Enginoglu, Soft matrix theory and its
decision making, Computers and Mathematics with Applications 59 (2010) 3308 -
3314.]. We prove (Theorem 8.1) that uni-int method of Cagman is equivalent to a
core-support expression which is computationally far less expansive than
uni-int. This also highlights some shortcomings in Cagman's uni-int method and
thus motivates us to improve the method. We first suggest an improvement in
uni-int method and then present a new conjecture to solve the optimum choice
problem given by Cagman and Enginoglu. Our Example 8.6 presents a case where
the optimum choice is intuitively clear yet both uni-int methods (Cagman's and
our improved one) give wrong answer but the new conjecture solves the problem
correctly.",['cs.AI']
http://arxiv.org/abs/1006.5657v1,"Reasoning Support for Risk Prediction and Prevention in Independent
  Living","['A. Mileo', 'D. Merico', 'R. Bisiani']","In recent years there has been growing interest in solutions for the delivery
of clinical care for the elderly, due to the large increase in aging
population. Monitoring a patient in his home environment is necessary to ensure
continuity of care in home settings, but, to be useful, this activity must not
be too invasive for patients and a burden for caregivers. We prototyped a
system called SINDI (Secure and INDependent lIving), focused on i) collecting a
limited amount of data about the person and the environment through Wireless
Sensor Networks (WSN), and ii) inferring from these data enough information to
support caregivers in understanding patients' well being and in predicting
possible evolutions of their health. Our hierarchical logic-based model of
health combines data from different sources, sensor data, tests results,
common-sense knowledge and patient's clinical profile at the lower level, and
correlation rules between health conditions across upper levels. The logical
formalization and the reasoning process are based on Answer Set Programming.
The expressive power of this logic programming paradigm makes it possible to
reason about health evolution even when the available information is incomplete
and potentially incoherent, while declarativity simplifies rules specification
by caregivers and allows automatic encoding of knowledge. This paper describes
how these issues have been targeted in the application scenario of the SINDI
system.","['cs.AI', 'I.2.1; I.2.3; J.3']"
http://arxiv.org/abs/1007.0412v1,Improving Iris Recognition Accuracy By Score Based Fusion Method,"['Ujwalla Gawande', 'Mukesh Zaveri', 'Avichal Kapur']","Iris recognition technology, used to identify individuals by photographing
the iris of their eye, has become popular in security applications because of
its ease of use, accuracy, and safety in controlling access to high-security
areas. Fusion of multiple algorithms for biometric verification performance
improvement has received considerable attention. The proposed method combines
the zero-crossing 1 D wavelet Euler number, and genetic algorithm based for
feature extraction. The output from these three algorithms is normalized and
their score are fused to decide whether the user is genuine or imposter. This
new strategies is discussed in this paper, in order to compute a multimodal
combined score.",['cs.AI']
http://arxiv.org/abs/1007.0603v1,Decomposition of the NVALUE constraint,"['Christian Bessiere', 'George Katsirelos', 'Nina Narodytska', 'Claude-Guy Quimper', 'Toby Walsh']","We study decompositions of the global NVALUE constraint. Our main
contribution is theoretical: we show that there are propagators for global
constraints like NVALUE which decomposition can simulate with the same time
complexity but with a much greater space complexity. This suggests that the
benefit of a global propagator may often not be in saving time but in saving
space. Our other theoretical contribution is to show for the first time that
range consistency can be enforced on NVALUE with the same worst-case time
complexity as bound consistency. Finally, the decompositions we study are
readily encoded as linear inequalities. We are therefore able to use them in
integer linear programs.","['cs.AI', 'I.2.4']"
http://arxiv.org/abs/1007.0604v1,Symmetry within and between solutions,['Toby Walsh'],"Symmetry can be used to help solve many problems. For instance, Einstein's
famous 1905 paper (""On the Electrodynamics of Moving Bodies"") uses symmetry to
help derive the laws of special relativity. In artificial intelligence,
symmetry has played an important role in both problem representation and
reasoning. I describe recent work on using symmetry to help solve constraint
satisfaction problems. Symmetries occur within individual solutions of problems
as well as between different solutions of the same problem. Symmetry can also
be applied to the constraints in a problem to give new symmetric constraints.
Reasoning about symmetry can speed up problem solving, and has led to the
discovery of new results in both graph and number theory.","['cs.AI', 'I.2.4']"
http://arxiv.org/abs/1007.0614v1,Online Cake Cutting,['Toby Walsh'],"We propose an online form of the cake cutting problem. This models situations
where players arrive and depart during the process of dividing a resource. We
show that well known fair division procedures like cut-and-choose and the
Dubins-Spanier moving knife procedure can be adapted to apply to such online
problems. We propose some desirable properties that online cake cutting
procedures might possess like online forms of proportionality and
envy-freeness, and identify which properties are in fact possessed by the
different online cake procedures.","['cs.AI', 'I.2.4']"
http://arxiv.org/abs/1007.0637v1,Local search for stable marriage problems with ties and incomplete lists,"['Mirco Gelain', 'Maria Silvia Pini', 'Francesca RossI', 'Kristen Brent Venable', 'Toby Walsh']","The stable marriage problem has a wide variety of practical applications,
ranging from matching resident doctors to hospitals, to matching students to
schools, or more generally to any two-sided market. We consider a useful
variation of the stable marriage problem, where the men and women express their
preferences using a preference list with ties over a subset of the members of
the other sex. Matchings are permitted only with people who appear in these
preference lists. In this setting, we study the problem of finding a stable
matching that marries as many people as possible. Stability is an envy-free
notion: no man and woman who are not married to each other would both prefer
each other to their partners or to being single. This problem is NP-hard. We
tackle this problem using local search, exploiting properties of the problem to
reduce the size of the neighborhood and to make local moves efficiently.
Experimental results show that this approach is able to solve large problems,
quickly returning stable matchings of large and often optimal size.",['cs.AI']
http://arxiv.org/abs/1007.0690v1,"A unified view of Automata-based algorithms for Frequent Episode
  Discovery","['Avinash Achar', 'Srivatsan Laxman', 'P. S. Sastry']","Frequent Episode Discovery framework is a popular framework in Temporal Data
Mining with many applications. Over the years many different notions of
frequencies of episodes have been proposed along with different algorithms for
episode discovery. In this paper we present a unified view of all such
frequency counting algorithms. We present a generic algorithm such that all
current algorithms are special cases of it. This unified view allows one to
gain insights into different frequencies and we present quantitative
relationships among different frequencies. Our unified view also helps in
obtaining correctness proofs for various algorithms as we show here. We also
point out how this unified view helps us to consider generalization of the
algorithm so that they can discover episodes with general partial orders.",['cs.AI']
