source_idx,source_title,source_cluster,similar_title,weight,common_keywords
0,Dynamic Backtracking,"erase meaningful progress, search tree, solving search","A New Look at the Easy-Hard-Easy Pattern of Combinatorial Search
  Difficulty",2,"search, search problem"
3,The Difficulties of Learning Logic Programs with Cut,"search problem, evaluation method, program",On Planning while Learning,2,"learning, learning system"
3,The Difficulties of Learning Logic Programs with Cut,"search problem, evaluation method, program",Pac-Learning Recursive Logic Programs: Efficient Algorithms,2,"logic program, program"
3,The Difficulties of Learning Logic Programs with Cut,"search problem, evaluation method, program","Well-Founded Semantics for Extended Logic Programs with Dynamic
  Preferences",2,"logic program, program"
3,The Difficulties of Learning Logic Programs with Cut,"search problem, evaluation method, program",Practical Methods for Proving Termination of General Logic Programs,2,"logic program, program"
3,The Difficulties of Learning Logic Programs with Cut,"search problem, evaluation method, program","Consistency Management of Normal Logic Program by Top-down Abductive
  Proof Procedure",2,"logic program, program"
5,Decidable Reasoning in Terminological Knowledge Representation Systems,"knowledge representation system, knowledge representation, representation system","A Semantics and Complete Algorithm for Subsumption in the CLASSIC
  Description Logic",3,"knowledge representation, knowledge representation system, representation system"
5,Decidable Reasoning in Terminological Knowledge Representation Systems,"knowledge representation system, knowledge representation, representation system",Ultimate approximations in nonmonotonic knowledge representation systems,3,"knowledge representation, knowledge representation system, representation system"
5,Decidable Reasoning in Terminological Knowledge Representation Systems,"knowledge representation system, knowledge representation, representation system",Knowledge Representation,3,"knowledge, knowledge representation, representation"
5,Decidable Reasoning in Terminological Knowledge Representation Systems,"knowledge representation system, knowledge representation, representation system",SLDNFA-system,2,"knowledge representation, representation"
5,Decidable Reasoning in Terminological Knowledge Representation Systems,"knowledge representation system, knowledge representation, representation system",Reasoning about Evolving Nonmonotonic Knowledge Bases,2,"knowledge, knowledge basis"
6,Teleo-Reactive Programs for Agent Control,"present computing, teleo - reactive program, action autonomous",Probabilistic Agent Programs,2,"agent, program"
7,"Learning the Past Tense of English Verbs: The Symbolic Pattern
  Associator vs. Connectionist Models","seemingly minor aspect, cognitive modeling, heat debate","Induction of First-Order Decision Lists: Results on Learning the Past
  Tense of English Verbs",2,"English verb, past tense"
9,Bias-Driven Revision of Logical Domain Theories,"deficient domain, theory revision, revision problem","Rerepresenting and Restructuring Domain Theories: A Constructive
  Induction Approach",2,"theory, theory revision"
9,Bias-Driven Revision of Logical Domain Theories,"deficient domain, theory revision, revision problem",Mechanisms for Automated Negotiation in State Oriented Domains,2,"domain, domain theory"
9,Bias-Driven Revision of Logical Domain Theories,"deficient domain, theory revision, revision problem",Tractability of Theory Patching,2,"domain, theory"
10,"Exploring the Decision Forest: An Empirical Investigation of Occam's
  Razor in Decision Tree Induction","tree, small consistent decision, consistent decision tree",A System for Induction of Oblique Decision Trees,3,"decision, decision tree, tree"
10,"Exploring the Decision Forest: An Empirical Investigation of Occam's
  Razor in Decision Tree Induction","tree, small consistent decision, consistent decision tree","Cost-Sensitive Classification: Empirical Evaluation of a Hybrid Genetic
  Decision Tree Induction Algorithm",3,"decision tree, decision tree induction, tree induction"
10,"Exploring the Decision Forest: An Empirical Investigation of Occam's
  Razor in Decision Tree Induction","tree, small consistent decision, consistent decision tree",Further Experimental Evidence against the Utility of Occam's Razor,3,"decision, decision tree, occam razor"
10,"Exploring the Decision Forest: An Empirical Investigation of Occam's
  Razor in Decision Tree Induction","tree, small consistent decision, consistent decision tree",Traffic Accident Analysis Using Decision Trees and Neural Networks,2,"decision, decision tree"
11,"A Semantics and Complete Algorithm for Subsumption in the CLASSIC
  Description Logic","knowledge representation system, knowledge representation, representation system",Decidable Reasoning in Terminological Knowledge Representation Systems,3,"knowledge representation, knowledge representation system, representation system"
11,"A Semantics and Complete Algorithm for Subsumption in the CLASSIC
  Description Logic","knowledge representation system, knowledge representation, representation system",Ultimate approximations in nonmonotonic knowledge representation systems,3,"knowledge representation, knowledge representation system, representation system"
12,Applying GSAT to Non-Clausal Formulas,"information, modify, formulas",Why did the accident happen? A norm-based reasoning approach,2,"describe, paper describe"
13,Random Worlds and Maximum Entropy,"agent, formula phi hold, statistical fact",From Statistical Knowledge Bases to Degrees of Belief,4,"belief, degree, degree belief, random world"
13,Random Worlds and Maximum Entropy,"agent, formula phi hold, statistical fact",A Consistency-Based Model for Belief Change: Preliminary Report,2,"belief, knowledge base"
14,"Pattern Matching and Discourse Processing in Information Extraction from
  Japanese Text","discourse, interest, discourse processing",Wrap-Up: a Trainable Discourse Module for Information Extraction,2,"extraction, information extraction"
15,A System for Induction of Oblique Decision Trees,"tree, small consistent decision, consistent decision tree","Exploring the Decision Forest: An Empirical Investigation of Occam's
  Razor in Decision Tree Induction",3,"decision, decision tree, tree"
15,A System for Induction of Oblique Decision Trees,"tree, small consistent decision, consistent decision tree",Further Experimental Evidence against the Utility of Occam's Razor,2,"decision, decision tree"
15,A System for Induction of Oblique Decision Trees,"tree, small consistent decision, consistent decision tree",Traffic Accident Analysis Using Decision Trees and Neural Networks,2,"decision, decision tree"
15,A System for Induction of Oblique Decision Trees,"tree, small consistent decision, consistent decision tree","Multiagent Approach for the Representation of Information in a Decision
  Support System",2,"decision, system"
16,On Planning while Learning,"agent, formula phi hold, statistical fact",The Difficulties of Learning Logic Programs with Cut,2,"learning, learning system"
16,On Planning while Learning,"agent, formula phi hold, statistical fact",Flexibly Instructable Agents,2,"agent, learning"
16,On Planning while Learning,"agent, formula phi hold, statistical fact",Reinforcement Learning: A Survey,2,"learning, paper"
17,Wrap-Up: a Trainable Discourse Module for Information Extraction,"discourse, interest, discourse processing","Pattern Matching and Discourse Processing in Information Extraction from
  Japanese Text",2,"extraction, information extraction"
18,Operations for Learning with Graphical Models,"learning, datum, model perspective",Integrating Defeasible Argumentation and Machine Learning Techniques,2,"algorithm, learning"
18,Operations for Learning with Graphical Models,"learning, datum, model perspective",Is Neural Network a Reliable Forecaster on Earth? A MARS Query!,2,"datum, network"
18,Operations for Learning with Graphical Models,"learning, datum, model perspective","EvoNF: A Framework for Optimization of Fuzzy Inference Systems Using
  Neural Network Learning and Evolutionary Computation",2,"learning, network"
18,Operations for Learning with Graphical Models,"learning, datum, model perspective","Clustering Mixed Numeric and Categorical Data: A Cluster Ensemble
  Approach",2,"algorithm, datum"
18,Operations for Learning with Graphical Models,"learning, datum, model perspective",K-Histograms: An Efficient Clustering Algorithm for Categorical Dataset,2,"algorithm, datum"
20,Solving Multiclass Learning Problems via Error-Correcting Output Codes,"solving multiclass learning, multiclass, concept learning algorithm",Learning First-Order Definitions of Functions,2,"involve find, learning"
21,A Domain-Independent Algorithm for Plan Adaptation,"algorithm, transformational plan, domain - independent algorithm",On-the-fly Macros,2,"algorithm, domain - independent"
22,"Truncating Temporal Differences: On the Efficient Implementation of
  TD(lambda) for Reinforcement Learning","domain, plan, learning temporal difference",Reinforcement Learning: A Survey,2,"learning, reinforcement learning"
22,"Truncating Temporal Differences: On the Efficient Implementation of
  TD(lambda) for Reinforcement Learning","domain, plan, learning temporal difference",Searching for Plannable Domains can Speed up Reinforcement Learning,2,"learning, reinforcement learning"
23,"Cost-Sensitive Classification: Empirical Evaluation of a Hybrid Genetic
  Decision Tree Induction Algorithm","tree, small consistent decision, consistent decision tree","Exploring the Decision Forest: An Empirical Investigation of Occam's
  Razor in Decision Tree Induction",3,"decision tree, decision tree induction, tree induction"
23,"Cost-Sensitive Classification: Empirical Evaluation of a Hybrid Genetic
  Decision Tree Induction Algorithm","tree, small consistent decision, consistent decision tree",Anisotropic selection in cellular genetic algorithms,3,"algorithm, genetic algorithm, paper introduce"
23,"Cost-Sensitive Classification: Empirical Evaluation of a Hybrid Genetic
  Decision Tree Induction Algorithm","tree, small consistent decision, consistent decision tree","On the Influence of Selection Operators on Performances in Cellular
  Genetic Algorithms",2,"algorithm, genetic algorithm"
23,"Cost-Sensitive Classification: Empirical Evaluation of a Hybrid Genetic
  Decision Tree Induction Algorithm","tree, small consistent decision, consistent decision tree",Genetic Algorithms for multiple objective vehicle routing,2,"algorithm, genetic algorithm"
23,"Cost-Sensitive Classification: Empirical Evaluation of a Hybrid Genetic
  Decision Tree Induction Algorithm","tree, small consistent decision, consistent decision tree",On Classification from Outlier View,2,"algorithm, classification"
24,"Rerepresenting and Restructuring Domain Theories: A Constructive
  Induction Approach","deficient domain, theory revision, revision problem",Bias-Driven Revision of Logical Domain Theories,2,"theory, theory revision"
25,Using Pivot Consistency to Decompose and Solve Functional CSPs,"language, account semantic property, decompose solve",MUSE CSP: An Extension to the Constraint Satisfaction Problem,4,"constraint, constraint satisfaction, constraint satisfaction problem, satisfaction problem"
25,Using Pivot Consistency to Decompose and Solve Functional CSPs,"language, account semantic property, decompose solve",Breaking Value Symmetry,4,"constraint, constraint satisfaction, constraint satisfaction problem, satisfaction problem"
25,Using Pivot Consistency to Decompose and Solve Functional CSPs,"language, account semantic property, decompose solve",The Exact Closest String Problem as a Constraint Satisfaction Problem,4,"constraint, constraint satisfaction, constraint satisfaction problem, satisfaction problem"
25,Using Pivot Consistency to Decompose and Solve Functional CSPs,"language, account semantic property, decompose solve","Logic Programming Approaches for Representing and Solving Constraint
  Satisfaction Problems: A Comparison",3,"constraint satisfaction, constraint satisfaction problem, satisfaction problem"
25,Using Pivot Consistency to Decompose and Solve Functional CSPs,"language, account semantic property, decompose solve",Relation Variables in Qualitative Spatial Reasoning,3,"constraint satisfaction, constraint satisfaction problem, satisfaction problem"
28,Pac-Learning Recursive Logic Programs: Efficient Algorithms,"deficient domain, theory revision, revision problem",Pac-learning Recursive Logic Programs: Negative Results,5,"pac - learning recursive, pac - learning recursive logic, program, recursive, recursive logic program"
28,Pac-Learning Recursive Logic Programs: Efficient Algorithms,"deficient domain, theory revision, revision problem",The Difficulties of Learning Logic Programs with Cut,2,"logic program, program"
28,Pac-Learning Recursive Logic Programs: Efficient Algorithms,"deficient domain, theory revision, revision problem","Well-Founded Semantics for Extended Logic Programs with Dynamic
  Preferences",2,"logic program, program"
28,Pac-Learning Recursive Logic Programs: Efficient Algorithms,"deficient domain, theory revision, revision problem",Practical Methods for Proving Termination of General Logic Programs,2,"logic program, program"
28,Pac-Learning Recursive Logic Programs: Efficient Algorithms,"deficient domain, theory revision, revision problem","Consistency Management of Normal Logic Program by Top-down Abductive
  Proof Procedure",2,"logic program, program"
29,Pac-learning Recursive Logic Programs: Negative Results,"deficient domain, theory revision, revision problem",Pac-Learning Recursive Logic Programs: Efficient Algorithms,5,"pac - learning recursive, pac - learning recursive logic, program, recursive, recursive logic program"
30,FLECS: Planning with a Flexible Commitment Strategy,"tree, small consistent decision, consistent decision tree","Storing and Indexing Plan Derivations through Explanation-based Analysis
  of Retrieval Failures",2,"plan, problem"
30,FLECS: Planning with a Flexible Commitment Strategy,"tree, small consistent decision, consistent decision tree",Semi-Myopic Sensing Plans for Value Optimization,2,"plan, problem"
31,"Induction of First-Order Decision Lists: Results on Learning the Past
  Tense of English Verbs","seemingly minor aspect, cognitive modeling, heat debate","Learning the Past Tense of English Verbs: The Symbolic Pattern
  Associator vs. Connectionist Models",2,"English verb, past tense"
34,An Integrated Framework for Learning and Reasoning,"learning, datum, model perspective",Rule-based Machine Learning Methods for Functional Prediction,2,"learning, machine learning"
34,An Integrated Framework for Learning and Reasoning,"learning, datum, model perspective",Active Learning with Statistical Models,2,"machine learning, neural network"
34,An Integrated Framework for Learning and Reasoning,"learning, datum, model perspective",Reinforcement Learning: A Survey,2,"learning, machine learning"
34,An Integrated Framework for Learning and Reasoning,"learning, datum, model perspective",A Formal Framework for Speedup Learning from Problems and Solutions,2,"framework, learning"
34,An Integrated Framework for Learning and Reasoning,"learning, datum, model perspective",Integrating Defeasible Argumentation and Machine Learning Techniques,2,"learning, machine learning"
38,Flexibly Instructable Agents,"introduce framework, model, foundation",On Planning while Learning,2,"agent, learning"
38,Flexibly Instructable Agents,"introduce framework, model, foundation",A Consistency-Based Model for Belief Change: Preliminary Report,2,"approach, knowledge"
38,Flexibly Instructable Agents,"introduce framework, model, foundation",New Generalization Bounds for Learning Kernels,2,"learning, paper present"
41,Generalization of Clauses under Implication,"erase meaningful progress, search tree, solving search",Least Generalizations and Greatest Specializations of Sets of Clauses,4,"clause, generalization, implication, main operation"
41,Generalization of Clauses under Implication,"erase meaningful progress, search tree, solving search",Representing Knowledge about Norms,3,"base logical, implication, logical implication"
41,Generalization of Clauses under Implication,"erase meaningful progress, search tree, solving search",New Generalization Bounds for Learning Kernels,2,"generalization, learning"
42,Decision-Theoretic Foundations for Causal Reasoning,"introduce framework, model, foundation","Causes and Explanations: A Structural-Model Approach. Part II:
  Explanations",2,"causal, definition"
43,Translating between Horn Representations and their Characteristic Models,"equivalent, translation problem, horn",Knowledge Representation,2,"model, representation"
43,Translating between Horn Representations and their Characteristic Models,"equivalent, translation problem, horn",Bayesian Approach to Neuro-Rough Models,2,"model, model base"
43,Translating between Horn Representations and their Characteristic Models,"equivalent, translation problem, horn","Emotion: Appraisal-coping model for the ""Cascades"" problem",2,"model, problem"
43,Translating between Horn Representations and their Characteristic Models,"equivalent, translation problem, horn",Model-Driven Constraint Programming,2,"model, problem"
45,Rule-based Machine Learning Methods for Functional Prediction,"learning, datum, model perspective",Integrating Defeasible Argumentation and Machine Learning Techniques,3,"learning, machine, machine learning"
45,Rule-based Machine Learning Methods for Functional Prediction,"learning, datum, model perspective",An Integrated Framework for Learning and Reasoning,2,"learning, machine learning"
45,Rule-based Machine Learning Methods for Functional Prediction,"learning, datum, model perspective",Reinforcement Learning: A Survey,2,"learning, machine learning"
45,Rule-based Machine Learning Methods for Functional Prediction,"learning, datum, model perspective",Restart Strategy Selection using Machine Learning Techniques,2,"learning, machine learning"
46,"The Design and Experimental Analysis of Algorithms for Temporal
  Reasoning","induction, reasoning, temporal reasoning",Temporal Reasoning without Transitive Tables,3,"reasoning, temporal, temporal information"
47,"Well-Founded Semantics for Extended Logic Programs with Dynamic
  Preferences","search problem, evaluation method, program","Comparisons and Computation of Well-founded Semantics for Disjunctive
  Logic Programs",6,"logic, logic program, program, semantics, well - found, well - found semantics"
47,"Well-Founded Semantics for Extended Logic Programs with Dynamic
  Preferences","search problem, evaluation method, program",Logic Programs with Compiled Preferences,5,"extend logic, extend logic program, logic, logic program, program"
47,"Well-Founded Semantics for Extended Logic Programs with Dynamic
  Preferences","search problem, evaluation method, program",A Framework for Compiling Preferences in Logic Programs,5,"extend logic, extend logic program, logic, logic program, program"
47,"Well-Founded Semantics for Extended Logic Programs with Dynamic
  Preferences","search problem, evaluation method, program",A Compiler for Ordered Logic Programs,4,"extend logic program, logic, logic program, paper describe"
47,"Well-Founded Semantics for Extended Logic Programs with Dynamic
  Preferences","search problem, evaluation method, program",Practical Methods for Proving Termination of General Logic Programs,3,"logic, logic program, program"
49,Quantum Computing and Phase Transitions in Combinatorial Search,"artificial intelligence, problem solver, intelligence","A New Look at the Easy-Hard-Easy Pattern of Combinatorial Search
  Difficulty",3,"combinatorial, combinatorial search, search"
49,Quantum Computing and Phase Transitions in Combinatorial Search,"artificial intelligence, problem solver, intelligence",A Framework for Searching AND/OR Graphs with Cycles,2,"problem, search"
49,Quantum Computing and Phase Transitions in Combinatorial Search,"artificial intelligence, problem solver, intelligence",Online Search Cost Estimation for SAT Solvers,2,"problem, search"
50,Mean Field Theory for Sigmoid Belief Networks,"learning, datum, model perspective",Inferring knowledge from a large semantic network,2,"network, network base"
52,Active Learning with Statistical Models,"learning, datum, model perspective",An Integrated Framework for Learning and Reasoning,2,"machine learning, neural network"
52,Active Learning with Statistical Models,"learning, datum, model perspective","Optimization of Evolutionary Neural Networks Using Hybrid Learning
  Algorithms",2,"learning algorithm, neural network"
54,Practical Methods for Proving Termination of General Logic Programs,"search problem, evaluation method, program","Well-Founded Semantics for Extended Logic Programs with Dynamic
  Preferences",3,"logic, logic program, program"
54,Practical Methods for Proving Termination of General Logic Programs,"search problem, evaluation method, program","Consistency Management of Normal Logic Program by Top-down Abductive
  Proof Procedure",3,"logic, logic program, program"
54,Practical Methods for Proving Termination of General Logic Programs,"search problem, evaluation method, program",Logic Programs with Compiled Preferences,3,"logic, logic program, program"
54,Practical Methods for Proving Termination of General Logic Programs,"search problem, evaluation method, program",A Framework for Compiling Preferences in Logic Programs,3,"logic, logic program, program"
54,Practical Methods for Proving Termination of General Logic Programs,"search problem, evaluation method, program","Comparisons and Computation of Well-founded Semantics for Disjunctive
  Logic Programs",3,"logic, logic program, program"
55,Iterative Optimization and Simplification of Hierarchical Clusterings,"algorithm, transformational plan, domain - independent algorithm","Clustering Mixed Numeric and Categorical Data: A Cluster Ensemble
  Approach",2,"clustering, datum"
55,Iterative Optimization and Simplification of Hierarchical Clusterings,"algorithm, transformational plan, domain - independent algorithm",K-Histograms: An Efficient Clustering Algorithm for Categorical Dataset,2,"clustering, datum"
55,Iterative Optimization and Simplification of Hierarchical Clusterings,"algorithm, transformational plan, domain - independent algorithm",Approximation Algorithms for K-Modes Clustering,2,"clustering, datum"
55,Iterative Optimization and Simplification of Hierarchical Clusterings,"algorithm, transformational plan, domain - independent algorithm","Geometric Data Analysis, From Correspondence Analysis to Structured Data
  Analysis (book review)",2,"datum, structure datum"
55,Iterative Optimization and Simplification of Hierarchical Clusterings,"algorithm, transformational plan, domain - independent algorithm",Probabilistic Semantic Web Mining Using Artificial Neural Analysis,2,"datum, search"
56,Further Experimental Evidence against the Utility of Occam's Razor,"tree, small consistent decision, consistent decision tree","Exploring the Decision Forest: An Empirical Investigation of Occam's
  Razor in Decision Tree Induction",3,"decision, decision tree, occam razor"
56,Further Experimental Evidence against the Utility of Occam's Razor,"tree, small consistent decision, consistent decision tree",A System for Induction of Oblique Decision Trees,2,"decision, decision tree"
56,Further Experimental Evidence against the Utility of Occam's Razor,"tree, small consistent decision, consistent decision tree","Great Expectations. Part II: Generalized Expected Utility as a Universal
  Decision Rule",2,"decision, utility"
56,Further Experimental Evidence against the Utility of Occam's Razor,"tree, small consistent decision, consistent decision tree",Traffic Accident Analysis Using Decision Trees and Neural Networks,2,"decision, decision tree"
57,Least Generalizations and Greatest Specializations of Sets of Clauses,"erase meaningful progress, search tree, solving search",Generalization of Clauses under Implication,4,"clause, generalization, implication, main operation"
57,Least Generalizations and Greatest Specializations of Sets of Clauses,"erase meaningful progress, search tree, solving search",Planning with Preferences using Logic Programming,2,"language, logic programming"
58,Reinforcement Learning: A Survey,"paper, year, machine",Searching for Plannable Domains can Speed up Reinforcement Learning,3,"learning, reinforcement, reinforcement learning"
58,Reinforcement Learning: A Survey,"paper, year, machine",On Planning while Learning,2,"learning, paper"
58,Reinforcement Learning: A Survey,"paper, year, machine","Truncating Temporal Differences: On the Efficient Implementation of
  TD(lambda) for Reinforcement Learning",2,"learning, reinforcement learning"
58,Reinforcement Learning: A Survey,"paper, year, machine",An Integrated Framework for Learning and Reasoning,2,"learning, machine learning"
58,Reinforcement Learning: A Survey,"paper, year, machine",Rule-based Machine Learning Methods for Functional Prediction,2,"learning, machine learning"
60,A Formal Framework for Speedup Learning from Problems and Solutions,"framework, seek improve, learning efficient problem",An Integrated Framework for Learning and Reasoning,2,"framework, learning"
64,Spatial Aggregation: Theory and Applications,"induction, reasoning, temporal reasoning",A Complete Classification of Tractability in RCC-5,2,"reasoning, spatial"
64,Spatial Aggregation: Theory and Applications,"induction, reasoning, temporal reasoning",Relation Variables in Qualitative Spatial Reasoning,2,"reasoning, spatial"
64,Spatial Aggregation: Theory and Applications,"induction, reasoning, temporal reasoning","A Novel Two-Staged Decision Support based Threat Evaluation and Weapon
  Assignment Algorithm, Asset-based Dynamic Weapon Scheduling using Artificial
  Intelligence Techinques",2,"important role, play important"
64,Spatial Aggregation: Theory and Applications,"induction, reasoning, temporal reasoning",Indexer Based Dynamic Web Services Discovery,2,"important role, play important"
65,A Hierarchy of Tractable Subsets for Computing Stable Models,"artificial intelligence, problem solver, intelligence",A Consistency-Based Model for Belief Change: Preliminary Report,3,"base, knowledge, knowledge base"
65,A Hierarchy of Tractable Subsets for Computing Stable Models,"artificial intelligence, problem solver, intelligence",What does a conditional knowledge base entail?,3,"base, knowledge, knowledge base"
65,A Hierarchy of Tractable Subsets for Computing Stable Models,"artificial intelligence, problem solver, intelligence",Unfolding Partiality and Disjunctions in Stable Model Semantics,2,"computing stable model, stable model"
65,A Hierarchy of Tractable Subsets for Computing Stable Models,"artificial intelligence, problem solver, intelligence",Proceedings of the Pacific Knowledge Acquisition Workshop 2004,2,"artificial intelligence, knowledge"
65,A Hierarchy of Tractable Subsets for Computing Stable Models,"artificial intelligence, problem solver, intelligence",Representing Knowledge about Norms,2,"base, knowledge"
68,Mechanisms for Automated Negotiation in State Oriented Domains,"system designer, control multi-agent, control",Bias-Driven Revision of Logical Domain Theories,2,"domain, domain theory"
69,Learning First-Order Definitions of Functions,"solving multiclass learning, multiclass, concept learning algorithm",Solving Multiclass Learning Problems via Error-Correcting Output Codes,2,"involve find, learning"
70,MUSE CSP: An Extension to the Constraint Satisfaction Problem,"language, account semantic property, decompose solve",Breaking Value Symmetry,6,"constraint, constraint satisfaction, constraint satisfaction problem, problem, satisfaction, satisfaction problem"
70,MUSE CSP: An Extension to the Constraint Satisfaction Problem,"language, account semantic property, decompose solve",The Exact Closest String Problem as a Constraint Satisfaction Problem,5,"constraint, constraint satisfaction, constraint satisfaction problem, satisfaction, satisfaction problem"
70,MUSE CSP: An Extension to the Constraint Satisfaction Problem,"language, account semantic property, decompose solve",Using Pivot Consistency to Decompose and Solve Functional CSPs,4,"constraint, constraint satisfaction, constraint satisfaction problem, satisfaction problem"
70,MUSE CSP: An Extension to the Constraint Satisfaction Problem,"language, account semantic property, decompose solve",Relation Variables in Qualitative Spatial Reasoning,4,"constraint satisfaction, constraint satisfaction problem, problem, satisfaction problem"
70,MUSE CSP: An Extension to the Constraint Satisfaction Problem,"language, account semantic property, decompose solve",Symmetry within Solutions,4,"constraint satisfaction, constraint satisfaction problem, problem, satisfaction problem"
71,Exploiting Causal Independence in Bayesian Network Inference,"quality, bayesian network, conditional probability","Generating Conditional Probabilities for Bayesian Networks: Easing the
  Knowledge Acquisition Problem",2,"bayesian network, conditional probability"
75,"SCREEN: Learning a Flat Syntactic and Semantic Spoken Language Analysis
  Using Artificial Neural Networks","learning, datum, model perspective",Neuro Fuzzy Systems: Sate-of-the-Art Modeling Techniques,2,"artificial neural, artificial neural network"
75,"SCREEN: Learning a Flat Syntactic and Semantic Spoken Language Analysis
  Using Artificial Neural Networks","learning, datum, model perspective",Is Neural Network a Reliable Forecaster on Earth? A MARS Query!,2,"artificial neural, artificial neural network"
75,"SCREEN: Learning a Flat Syntactic and Semantic Spoken Language Analysis
  Using Artificial Neural Networks","learning, datum, model perspective",Meta-Learning Evolutionary Artificial Neural Networks,2,"artificial neural, artificial neural network"
75,"SCREEN: Learning a Flat Syntactic and Semantic Spoken Language Analysis
  Using Artificial Neural Networks","learning, datum, model perspective","Optimization of Evolutionary Neural Networks Using Hybrid Learning
  Algorithms",2,"artificial neural, artificial neural network"
75,"SCREEN: Learning a Flat Syntactic and Semantic Spoken Language Analysis
  Using Artificial Neural Networks","learning, datum, model perspective","Response Prediction of Structural System Subject to Earthquake Motions
  using Artificial Neural Network",2,"artificial neural, artificial neural network"
81,A Complete Classification of Tractability in RCC-5,"system designer, control multi-agent, control",Relation Variables in Qualitative Spatial Reasoning,3,"reasoning, spatial, spatial reasoning"
81,A Complete Classification of Tractability in RCC-5,"system designer, control multi-agent, control",Spatial Aggregation: Theory and Applications,2,"reasoning, spatial"
82,"A New Look at the Easy-Hard-Easy Pattern of Combinatorial Search
  Difficulty","search problem, evaluation method, program",Quantum Computing and Phase Transitions in Combinatorial Search,3,"combinatorial, combinatorial search, search"
82,"A New Look at the Easy-Hard-Easy Pattern of Combinatorial Search
  Difficulty","search problem, evaluation method, program","Logic Programming Approaches for Representing and Solving Constraint
  Satisfaction Problems: A Comparison",3,"combinatorial search, combinatorial search problem, search problem"
82,"A New Look at the Easy-Hard-Easy Pattern of Combinatorial Search
  Difficulty","search problem, evaluation method, program",Logic programs with propositional connectives and aggregates,3,"combinatorial search, combinatorial search problem, search problem"
82,"A New Look at the Easy-Hard-Easy Pattern of Combinatorial Search
  Difficulty","search problem, evaluation method, program",Dynamic Backtracking,2,"search, search problem"
82,"A New Look at the Easy-Hard-Easy Pattern of Combinatorial Search
  Difficulty","search problem, evaluation method, program",When Gravity Fails: Local Search Topology,2,"combinatorial search problem, search"
87,"Storing and Indexing Plan Derivations through Explanation-based Analysis
  of Retrieval Failures","domain, plan, learning temporal difference",FLECS: Planning with a Flexible Commitment Strategy,2,"plan, problem"
87,"Storing and Indexing Plan Derivations through Explanation-based Analysis
  of Retrieval Failures","domain, plan, learning temporal difference",Semi-Myopic Sensing Plans for Value Optimization,2,"plan, problem"
88,"A Model Approximation Scheme for Planning in Partially Observable
  Stochastic Domains","agent, formula phi hold, statistical fact","Feature Selection Using Regularization in Approximate Linear Programs
  for Markov Decision Processes",3,"decision process, markov decision, markov decision process"
88,"A Model Approximation Scheme for Planning in Partially Observable
  Stochastic Domains","agent, formula phi hold, statistical fact",MDPs with Unawareness,3,"decision process, markov decision, markov decision process"
90,When Gravity Fails: Local Search Topology,"search, gsat perform greedy, procedure propositional","A Local Search Modeling for Constrained Optimum Paths Problems (Extended
  Abstract)",3,"local, local search, search"
90,When Gravity Fails: Local Search Topology,"search, gsat perform greedy, procedure propositional",On Improving Local Search for Unsatisfiability,3,"local, local search, search"
90,When Gravity Fails: Local Search Topology,"search, gsat perform greedy, procedure propositional",Toward an automaton Constraint for Local Search,3,"local, local search, search"
90,When Gravity Fails: Local Search Topology,"search, gsat perform greedy, procedure propositional","A New Look at the Easy-Hard-Easy Pattern of Combinatorial Search
  Difficulty",2,"combinatorial search problem, search"
90,When Gravity Fails: Local Search Topology,"search, gsat perform greedy, procedure propositional",Islands for SAT,2,"local search, search"
91,Bidirectional Heuristic Search Reconsidered,"search, gsat perform greedy, procedure propositional",On Backtracking in Real-time Heuristic Search,2,"heuristic search, search"
93,Monotonicity and Persistence in Preferential Logics,"equivalent, translation problem, horn",Artificial Intelligence for Conflict Management,2,"artificial, artificial intelligence"
93,Monotonicity and Persistence in Preferential Logics,"equivalent, translation problem, horn",The Road to Quantum Artificial Intelligence,2,"artificial, artificial intelligence"
93,Monotonicity and Persistence in Preferential Logics,"equivalent, translation problem, horn",Universal Intelligence: A Definition of Machine Intelligence,2,"artificial, artificial intelligence"
93,Monotonicity and Persistence in Preferential Logics,"equivalent, translation problem, horn",Artificial Intelligence Techniques for Steam Generator Modelling,2,"artificial, artificial intelligence"
96,Tractability of Theory Patching,"deficient domain, theory revision, revision problem",Bias-Driven Revision of Logical Domain Theories,2,"domain, theory"
96,Tractability of Theory Patching,"deficient domain, theory revision, revision problem",Unification of Fusion Theories,2,"problem, theory"
97,Integrative Windowing,"learning, datum, model perspective","Optimization of Evolutionary Neural Networks Using Hybrid Learning
  Algorithms",2,"learning, learning algorithm"
97,Integrative Windowing,"learning, datum, model perspective",Learning DTW Global Constraint for Time Series Classification,2,"learning, learning algorithm"
98,Model-Based Diagnosis using Structured System Descriptions,"information, modify, formulas",Defeasible Reasoning in OSCAR,2,"system, system description"
98,Model-Based Diagnosis using Structured System Descriptions,"information, modify, formulas","E-RES: A System for Reasoning about Actions, Events and Observations",2,"consequence, system"
101,SYNERGY: A Linear Planner Based on Genetic Programming,"search problem, evaluation method, program",dcs: An Implementation of DATALOG with Constraints,2,"programming, programming paradigm"
101,SYNERGY: A Linear Planner Based on Genetic Programming,"search problem, evaluation method, program",Avoiding the Bloat with Stochastic Grammar-based Genetic Programming,2,"genetic, genetic programming"
102,The Essence of Constraint Propagation,"language, account semantic property, decompose solve",Some Remarks on Boolean Constraint Propagation,3,"constraint, constraint propagation, propagation"
102,The Essence of Constraint Propagation,"language, account semantic property, decompose solve",Enhancing Constraint Propagation with Composition Operators,3,"constraint, constraint propagation, propagation"
102,The Essence of Constraint Propagation,"language, account semantic property, decompose solve",The Weighted CFG Constraint,2,"propagation, propagation algorithm"
102,The Essence of Constraint Propagation,"language, account semantic property, decompose solve",Toward an automaton Constraint for Local Search,2,"constraint, local"
102,The Essence of Constraint Propagation,"language, account semantic property, decompose solve",Propagating Conjunctions of AllDifferent Constraints,2,"constraint, propagation algorithm"
105,"Modeling Belief in Dynamic Systems, Part II: Revision and Update","belief, paper introduce, class",A general approach to belief change in answer set programming,4,"belief, belief change, belief revision, change"
105,"Modeling Belief in Dynamic Systems, Part II: Revision and Update","belief, paper introduce, class",A Consistency-Based Model for Belief Change: Preliminary Report,3,"belief, belief change, change"
105,"Modeling Belief in Dynamic Systems, Part II: Revision and Update","belief, paper introduce, class",Optimal Belief Revision,2,"belief, belief revision"
105,"Modeling Belief in Dynamic Systems, Part II: Revision and Update","belief, paper introduce, class",Local Diagnosis,2,"belief, belief change"
105,"Modeling Belief in Dynamic Systems, Part II: Revision and Update","belief, paper introduce, class",SATEN: An Object-Oriented Web-Based Revision and Extraction Engine,2,"belief, belief revision"
108,Probabilistic Agent Programs,"probabilistic, number effort, effort",Teleo-Reactive Programs for Agent Control,2,"agent, program"
110,Uniform semantic treatment of default and autoepistemic logics,"search problem, evaluation method, program","Well-Founded Semantics for Extended Logic Programs with Dynamic
  Preferences",2,"logic, semantics"
110,Uniform semantic treatment of default and autoepistemic logics,"search problem, evaluation method, program",Distance Semantics for Belief Revision,2,"belief, semantics"
110,Uniform semantic treatment of default and autoepistemic logics,"search problem, evaluation method, program",Embedding Default Logic in Propositional Argumentation Systems,2,"default logic, logic"
110,Uniform semantic treatment of default and autoepistemic logics,"search problem, evaluation method, program","Comparisons and Computation of Well-founded Semantics for Disjunctive
  Logic Programs",2,"logic, semantics"
110,Uniform semantic treatment of default and autoepistemic logics,"search problem, evaluation method, program",From Statistical Knowledge Bases to Degrees of Belief,2,"belief, default"
113,"Consistency Management of Normal Logic Program by Top-down Abductive
  Proof Procedure","search problem, evaluation method, program",Smodels: A System for Answer Set Programming,4,"logic program, normal logic, normal logic program, program"
113,"Consistency Management of Normal Logic Program by Top-down Abductive
  Proof Procedure","search problem, evaluation method, program","Abduction, ASP and Open Logic Programs",4,"logic, logic program, normal logic, normal logic program"
113,"Consistency Management of Normal Logic Program by Top-down Abductive
  Proof Procedure","search problem, evaluation method, program","Well-Founded Semantics for Extended Logic Programs with Dynamic
  Preferences",3,"logic, logic program, program"
113,"Consistency Management of Normal Logic Program by Top-down Abductive
  Proof Procedure","search problem, evaluation method, program",Practical Methods for Proving Termination of General Logic Programs,3,"logic, logic program, program"
113,"Consistency Management of Normal Logic Program by Top-down Abductive
  Proof Procedure","search problem, evaluation method, program",Logic Programs with Compiled Preferences,3,"logic, logic program, program"
114,Defeasible Reasoning in OSCAR,"information, modify, formulas",Model-Based Diagnosis using Structured System Descriptions,2,"system, system description"
114,Defeasible Reasoning in OSCAR,"information, modify, formulas","E-RES: A System for Reasoning about Actions, Events and Observations",2,"reasoning, system"
114,Defeasible Reasoning in OSCAR,"information, modify, formulas",Handling Defeasibilities in Action Domains,2,"defeasible, reasoning"
114,Defeasible Reasoning in OSCAR,"information, modify, formulas",Why did the accident happen? A norm-based reasoning approach,2,"reasoning, system"
116,ACLP: Integrating Abduction and Constraint Solving,"language, account semantic property, decompose solve",dcs: An Implementation of DATALOG with Constraints,2,"constraint, programming"
116,ACLP: Integrating Abduction and Constraint Solving,"language, account semantic property, decompose solve","Logic Programming Approaches for Representing and Solving Constraint
  Satisfaction Problems: A Comparison",2,"constraint logic programming, logic programming"
116,ACLP: Integrating Abduction and Constraint Solving,"language, account semantic property, decompose solve",Defeasible Logic Programming: An Argumentative Approach,2,"logic programming, programming"
116,ACLP: Integrating Abduction and Constraint Solving,"language, account semantic property, decompose solve",Parametric Connectives in Disjunctive Logic Programming,2,"logic programming, programming"
116,ACLP: Integrating Abduction and Constraint Solving,"language, account semantic property, decompose solve",On the Expressibility of Stable Logic Programming,2,"logic programming, programming"
118,Probabilistic Default Reasoning with Conditional Constraints,"induction, reasoning, temporal reasoning",From Statistical Knowledge Bases to Degrees of Belief,4,"default, default reasoning, knowledge basis, reasoning"
118,Probabilistic Default Reasoning with Conditional Constraints,"induction, reasoning, temporal reasoning",Another perspective on Default Reasoning,3,"default, default reasoning, reasoning"
118,Probabilistic Default Reasoning with Conditional Constraints,"induction, reasoning, temporal reasoning",What does a conditional knowledge base entail?,2,"conditional, conditional knowledge"
118,Probabilistic Default Reasoning with Conditional Constraints,"induction, reasoning, temporal reasoning",Symmetry within and between solutions,2,"constraint, reasoning"
119,A Compiler for Ordered Logic Programs,"search problem, evaluation method, program",Logic Programs with Compiled Preferences,8,"answer set, answer set semantics, extend logic program, logic, logic program, order logic, order logic program, set semantics"
119,A Compiler for Ordered Logic Programs,"search problem, evaluation method, program",A Framework for Compiling Preferences in Logic Programs,8,"answer set, answer set semantics, extend logic program, logic, logic program, order logic, order logic program, set semantics"
119,A Compiler for Ordered Logic Programs,"search problem, evaluation method, program","Well-Founded Semantics for Extended Logic Programs with Dynamic
  Preferences",4,"extend logic program, logic, logic program, paper describe"
119,A Compiler for Ordered Logic Programs,"search problem, evaluation method, program",On Properties of Update Sequences Based on Causal Rejection,4,"answer set, answer set semantics, extend logic program, logic program"
119,A Compiler for Ordered Logic Programs,"search problem, evaluation method, program",A general approach to belief change in answer set programming,4,"answer set, answer set semantics, logic, logic program"
120,SLDNFA-system,"knowledge representation system, knowledge representation, representation system",Problem solving in ID-logic with aggregates: some experiments,3,"declarative knowledge, declarative knowledge representation, knowledge representation"
120,SLDNFA-system,"knowledge representation system, knowledge representation, representation system",Decidable Reasoning in Terminological Knowledge Representation Systems,2,"knowledge representation, representation"
120,SLDNFA-system,"knowledge representation system, knowledge representation, representation system","Consistency Management of Normal Logic Program by Top-down Abductive
  Proof Procedure",2,"logic, proof procedure"
120,SLDNFA-system,"knowledge representation system, knowledge representation, representation system",Two results for proiritized logic programming,2,"knowledge representation, logic"
120,SLDNFA-system,"knowledge representation system, knowledge representation, representation system",Knowledge Representation,2,"knowledge representation, representation"
121,Logic Programs with Compiled Preferences,"search problem, evaluation method, program",A Framework for Compiling Preferences in Logic Programs,12,"answer set, answer set semantics, extend logic, extend logic program, logic, logic program, order logic, order logic program, prefer answer set, preference, program, set semantics"
121,Logic Programs with Compiled Preferences,"search problem, evaluation method, program",A Compiler for Ordered Logic Programs,8,"answer set, answer set semantics, extend logic program, logic, logic program, order logic, order logic program, set semantics"
121,Logic Programs with Compiled Preferences,"search problem, evaluation method, program","Well-Founded Semantics for Extended Logic Programs with Dynamic
  Preferences",5,"extend logic, extend logic program, logic, logic program, program"
121,Logic Programs with Compiled Preferences,"search problem, evaluation method, program",Domain-Dependent Knowledge in Answer Set Planning,5,"answer, answer set, answer set semantics, set, set semantics"
121,Logic Programs with Compiled Preferences,"search problem, evaluation method, program",A semantic framework for preference handling in answer set programming,5,"answer, answer set, answer set semantics, preference, set"
122,Fuzzy Approaches to Abductive Inference,"operation, model base, bayesian","A Comparative Study of Fuzzy Classification Methods on Breast Cancer
  Data",2,"fuzzy, rule"
122,Fuzzy Approaches to Abductive Inference,"operation, model base, bayesian","EvoNF: A Framework for Optimization of Fuzzy Inference Systems Using
  Neural Network Learning and Evolutionary Computation",2,"fuzzy, inference"
122,Fuzzy Approaches to Abductive Inference,"operation, model base, bayesian",Belief Conditioning Rules (BCRs),2,"paper propose, rule"
123,Problem solving in ID-logic with aggregates: some experiments,"knowledge representation system, knowledge representation, representation system",SLDNFA-system,3,"declarative knowledge, declarative knowledge representation, knowledge representation"
124,Optimal Belief Revision,"belief, paper introduce, class",SATEN: An Object-Oriented Web-Based Revision and Extraction Engine,3,"belief, belief revision, revision"
124,Optimal Belief Revision,"belief, paper introduce, class",Distance Semantics for Belief Revision,3,"belief, belief revision, revision"
124,Optimal Belief Revision,"belief, paper introduce, class",Belief Revision and Rational Inference,3,"belief, belief revision, revision"
124,Optimal Belief Revision,"belief, paper introduce, class",Belief Conditioning Rules (BCRs),3,"belief, belief revision, revision"
124,Optimal Belief Revision,"belief, paper introduce, class",A general approach to belief change in answer set programming,3,"belief, belief revision, revision"
126,Smodels: A System for Answer Set Programming,"search problem, evaluation method, program",Normal forms for Answer Sets Programming,5,"answer set, answer set programming, program, set, set programming"
126,Smodels: A System for Answer Set Programming,"search problem, evaluation method, program","Towards Automated Integration of Guess and Check Programs in Answer Set
  Programming: A Meta-Interpreter and Applications",5,"answer set, answer set programming, logic program, program, set programming"
126,Smodels: A System for Answer Set Programming,"search problem, evaluation method, program","Achieving compositionality of the stable model semantics for Smodels
  programs",5,"model semantics, program, stable, stable model, stable model semantics"
126,Smodels: A System for Answer Set Programming,"search problem, evaluation method, program",An Application of Proof-Theory in Answer Set Programming,5,"answer set, answer set programming, logic program, set, set programming"
126,Smodels: A System for Answer Set Programming,"search problem, evaluation method, program","Consistency Management of Normal Logic Program by Top-down Abductive
  Proof Procedure",4,"logic program, normal logic, normal logic program, program"
127,"E-RES: A System for Reasoning about Actions, Events and Observations","information, modify, formulas",Metatheory of actions: beyond consistency,3,"action, reasoning, reasoning action"
127,"E-RES: A System for Reasoning about Actions, Events and Observations","information, modify, formulas",Model-Based Diagnosis using Structured System Descriptions,2,"consequence, system"
127,"E-RES: A System for Reasoning about Actions, Events and Observations","information, modify, formulas",Defeasible Reasoning in OSCAR,2,"reasoning, system"
127,"E-RES: A System for Reasoning about Actions, Events and Observations","information, modify, formulas",Handling Defeasibilities in Action Domains,2,"action, reasoning"
127,"E-RES: A System for Reasoning about Actions, Events and Observations","information, modify, formulas",Why did the accident happen? A norm-based reasoning approach,2,"reasoning, system"
130,DES: a Challenge Problem for Nonmonotonic Reasoning Systems,"search problem, evaluation method, program",Smodels: A System for Answer Set Programming,3,"logic program, normal logic program, stable model semantics"
130,DES: a Challenge Problem for Nonmonotonic Reasoning Systems,"search problem, evaluation method, program","Consistency Management of Normal Logic Program by Top-down Abductive
  Proof Procedure",2,"logic program, normal logic program"
130,DES: a Challenge Problem for Nonmonotonic Reasoning Systems,"search problem, evaluation method, program","Abduction, ASP and Open Logic Programs",2,"logic program, normal logic program"
131,Fages' Theorem and Answer Set Programming,"search problem, evaluation method, program",A semantic framework for preference handling in answer set programming,6,"answer, answer set, answer set programming, answer set semantics, set, set programming"
131,Fages' Theorem and Answer Set Programming,"search problem, evaluation method, program",Normal forms for Answer Sets Programming,6,"answer, answer set, answer set programming, answer set semantics, set, set programming"
131,Fages' Theorem and Answer Set Programming,"search problem, evaluation method, program",Open Answer Set Programming with Guarded Programs,6,"answer, answer set, answer set programming, answer set semantics, set, set programming"
131,Fages' Theorem and Answer Set Programming,"search problem, evaluation method, program","Towards Automated Integration of Guess and Check Programs in Answer Set
  Programming: A Meta-Interpreter and Applications",5,"answer, answer set, answer set programming, answer set semantics, set programming"
131,Fages' Theorem and Answer Set Programming,"search problem, evaluation method, program",An Application of Proof-Theory in Answer Set Programming,5,"answer, answer set, answer set programming, set, set programming"
133,BDD-based reasoning in the fluent calculus - first results,"graphical model, graphical, case study",Interactive Configuration by Regular String Constraints,3,"binary decision, binary decision diagram, decision diagram"
134,Planning with Incomplete Information,"domain, plan, learning temporal difference","A State-Based Regression Formulation for Domains with Sensing
  Actions<br> and Incomplete Information",2,"incomplete information, information"
135,Local Diagnosis,"belief, paper introduce, class",A Consistency-Based Model for Belief Change: Preliminary Report,3,"base, belief, belief change"
135,Local Diagnosis,"belief, paper introduce, class","Modeling Belief in Dynamic Systems, Part II: Revision and Update",2,"belief, belief change"
135,Local Diagnosis,"belief, paper introduce, class",A general approach to belief change in answer set programming,2,"belief, belief change"
136,A Consistency-Based Model for Belief Change: Preliminary Report,"belief, paper introduce, class",A general approach to belief change in answer set programming,4,"belief, belief change, change, revision"
136,A Consistency-Based Model for Belief Change: Preliminary Report,"belief, paper introduce, class",A Hierarchy of Tractable Subsets for Computing Stable Models,3,"base, knowledge, knowledge base"
136,A Consistency-Based Model for Belief Change: Preliminary Report,"belief, paper introduce, class","Modeling Belief in Dynamic Systems, Part II: Revision and Update",3,"belief, belief change, change"
136,A Consistency-Based Model for Belief Change: Preliminary Report,"belief, paper introduce, class",Local Diagnosis,3,"base, belief, belief change"
136,A Consistency-Based Model for Belief Change: Preliminary Report,"belief, paper introduce, class",What does a conditional knowledge base entail?,3,"base, knowledge, knowledge base"
137,SATEN: An Object-Oriented Web-Based Revision and Extraction Engine,"belief, paper introduce, class",Optimal Belief Revision,3,"belief, belief revision, revision"
137,SATEN: An Object-Oriented Web-Based Revision and Extraction Engine,"belief, paper introduce, class",Distance Semantics for Belief Revision,3,"belief, belief revision, revision"
137,SATEN: An Object-Oriented Web-Based Revision and Extraction Engine,"belief, paper introduce, class",Belief Revision and Rational Inference,3,"belief, belief revision, revision"
137,SATEN: An Object-Oriented Web-Based Revision and Extraction Engine,"belief, paper introduce, class",Belief Conditioning Rules (BCRs),3,"belief, belief revision, revision"
137,SATEN: An Object-Oriented Web-Based Revision and Extraction Engine,"belief, paper introduce, class",A general approach to belief change in answer set programming,3,"belief, belief revision, revision"
138,dcs: An Implementation of DATALOG with Constraints,"search problem, evaluation method, program",DATALOG with constraints - an answer-set programming system,4,"answer - set programming, constraint, emerge recently, viable programming paradigm"
138,dcs: An Implementation of DATALOG with Constraints,"search problem, evaluation method, program",SYNERGY: A Linear Planner Based on Genetic Programming,2,"programming, programming paradigm"
138,dcs: An Implementation of DATALOG with Constraints,"search problem, evaluation method, program",ACLP: Integrating Abduction and Constraint Solving,2,"constraint, programming"
138,dcs: An Implementation of DATALOG with Constraints,"search problem, evaluation method, program",Stochastic Constraint Programming: A Scenario-Based Approach,2,"constraint, programming"
138,dcs: An Implementation of DATALOG with Constraints,"search problem, evaluation method, program",Scenario-based Stochastic Constraint Programming,2,"constraint, programming"
139,DATALOG with constraints - an answer-set programming system,"search problem, evaluation method, program",dcs: An Implementation of DATALOG with Constraints,4,"answer - set programming, constraint, emerge recently, viable programming paradigm"
139,DATALOG with constraints - an answer-set programming system,"search problem, evaluation method, program",Using Pivot Consistency to Decompose and Solve Functional CSPs,2,"constraint, constraint satisfaction"
139,DATALOG with constraints - an answer-set programming system,"search problem, evaluation method, program",MUSE CSP: An Extension to the Constraint Satisfaction Problem,2,"constraint, constraint satisfaction"
139,DATALOG with constraints - an answer-set programming system,"search problem, evaluation method, program",Breaking Value Symmetry,2,"constraint, constraint satisfaction"
139,DATALOG with constraints - an answer-set programming system,"search problem, evaluation method, program",Multiset Ordering Constraints,2,"constraint, constraint satisfaction"
140,Some Remarks on Boolean Constraint Propagation,"language, account semantic property, decompose solve",The Essence of Constraint Propagation,3,"constraint, constraint propagation, propagation"
140,Some Remarks on Boolean Constraint Propagation,"language, account semantic property, decompose solve",Enhancing Constraint Propagation with Composition Operators,3,"constraint, constraint propagation, propagation"
140,Some Remarks on Boolean Constraint Propagation,"language, account semantic property, decompose solve",Decomposition of the NVALUE constraint,2,"constraint, study"
141,Conditional Plausibility Measures and Bayesian Networks,"quality, bayesian network, conditional probability",Using Sets of Probability Measures to Represent Uncertainty,2,"measure, probability measure"
141,Conditional Plausibility Measures and Bayesian Networks,"quality, bayesian network, conditional probability",Updating Sets of Probabilities,2,"measure, probability measure"
143,Brainstorm/J: a Java Framework for Intelligent Agents,"system designer, control multi-agent, control",From Statistical Knowledge Bases to Degrees of Belief,2,"agent, intelligent agent"
144,On the relationship between fuzzy logic and four-valued relevance logic,"search problem, evaluation method, program","Local-search techniques for propositional logic extended with
  cardinality constraints",2,"logic, propositional logic"
144,On the relationship between fuzzy logic and four-valued relevance logic,"search problem, evaluation method, program",n-ary Fuzzy Logic and Neutrosophic Logic Operators,2,"fuzzy logic, logic"
144,On the relationship between fuzzy logic and four-valued relevance logic,"search problem, evaluation method, program","N-norm and N-conorm in Neutrosophic Logic and Set, and the Neutrosophic
  Topologies",2,"fuzzy logic, logic"
144,On the relationship between fuzzy logic and four-valued relevance logic,"search problem, evaluation method, program",Terrorism Event Classification Using Fuzzy Inference Systems,2,"fuzzy, fuzzy logic"
145,"Causes and Explanations: A Structural-Model Approach, Part I: Causes","introduce framework, model, foundation","Causes and Explanations: A Structural-Model Approach. Part II:
  Explanations",10,"actual, approach, counterfactuall, equation model, explanation, model counterfactuall, part, structural - model, structural - model approach, structural equation"
145,"Causes and Explanations: A Structural-Model Approach, Part I: Causes","introduce framework, model, foundation","Estimation of linear, non-gaussian causal models in the presence of
  confounding latent variables",3,"equation model, model, structural equation"
145,"Causes and Explanations: A Structural-Model Approach, Part I: Causes","introduce framework, model, foundation",A study of structural properties on profiles HMMs,2,"model, structural"
145,"Causes and Explanations: A Structural-Model Approach, Part I: Causes","introduce framework, model, foundation",On a Model for Integrated Information,2,"model, part"
146,"Logic Programming Approaches for Representing and Solving Constraint
  Satisfaction Problems: A Comparison","language, account semantic property, decompose solve",Logic programs with propositional connectives and aggregates,4,"combinatorial search, combinatorial search problem, logic programming, search problem"
146,"Logic Programming Approaches for Representing and Solving Constraint
  Satisfaction Problems: A Comparison","language, account semantic property, decompose solve",Using Pivot Consistency to Decompose and Solve Functional CSPs,3,"constraint satisfaction, constraint satisfaction problem, satisfaction problem"
146,"Logic Programming Approaches for Representing and Solving Constraint
  Satisfaction Problems: A Comparison","language, account semantic property, decompose solve",MUSE CSP: An Extension to the Constraint Satisfaction Problem,3,"constraint satisfaction, constraint satisfaction problem, satisfaction problem"
146,"Logic Programming Approaches for Representing and Solving Constraint
  Satisfaction Problems: A Comparison","language, account semantic property, decompose solve","A New Look at the Easy-Hard-Easy Pattern of Combinatorial Search
  Difficulty",3,"combinatorial search, combinatorial search problem, search problem"
146,"Logic Programming Approaches for Representing and Solving Constraint
  Satisfaction Problems: A Comparison","language, account semantic property, decompose solve",Relation Variables in Qualitative Spatial Reasoning,3,"constraint satisfaction, constraint satisfaction problem, satisfaction problem"
151,Enhancing Constraint Propagation with Composition Operators,"language, account semantic property, decompose solve",The Essence of Constraint Propagation,3,"constraint, constraint propagation, propagation"
151,Enhancing Constraint Propagation with Composition Operators,"language, account semantic property, decompose solve",Some Remarks on Boolean Constraint Propagation,3,"constraint, constraint propagation, propagation"
152,On Properties of Update Sequences Based on Causal Rejection,"search problem, evaluation method, program",A Compiler for Ordered Logic Programs,4,"answer set, answer set semantics, extend logic program, logic program"
152,On Properties of Update Sequences Based on Causal Rejection,"search problem, evaluation method, program",Logic Programs with Compiled Preferences,4,"answer set, answer set semantics, extend logic program, logic program"
152,On Properties of Update Sequences Based on Causal Rejection,"search problem, evaluation method, program",A Framework for Compiling Preferences in Logic Programs,4,"answer set, answer set semantics, extend logic program, logic program"
152,On Properties of Update Sequences Based on Causal Rejection,"search problem, evaluation method, program",Reasoning about Evolving Nonmonotonic Knowledge Bases,3,"extend logic program, logic program, nonmonotonic knowledge basis"
152,On Properties of Update Sequences Based on Causal Rejection,"search problem, evaluation method, program","Towards Automated Integration of Guess and Check Programs in Answer Set
  Programming: A Meta-Interpreter and Applications",3,"answer set, answer set semantics, logic program"
156,"Nonmonotonic Reasoning, Preferential Models and Cumulative Logics","property, desire property, optimality",The logical meaning of Expansion,2,"nonmonotonic consequence, nonmonotonic consequence relation"
157,What does a conditional knowledge base entail?,"operation, model base, bayesian",A Hierarchy of Tractable Subsets for Computing Stable Models,3,"base, knowledge, knowledge base"
157,What does a conditional knowledge base entail?,"operation, model base, bayesian",A Consistency-Based Model for Belief Change: Preliminary Report,3,"base, knowledge, knowledge base"
157,What does a conditional knowledge base entail?,"operation, model base, bayesian",Probabilistic Default Reasoning with Conditional Constraints,2,"conditional, conditional knowledge"
157,What does a conditional knowledge base entail?,"operation, model base, bayesian",Representing Knowledge about Norms,2,"base, knowledge"
157,What does a conditional knowledge base entail?,"operation, model base, bayesian",On Building a Knowledge Base for Stability Theory,2,"knowledge, knowledge base"
159,Distance Semantics for Belief Revision,"belief, paper introduce, class",Belief Revision and Rational Inference,4,"belief, belief revision, postulate, revision"
159,Distance Semantics for Belief Revision,"belief, paper introduce, class",Optimal Belief Revision,3,"belief, belief revision, revision"
159,Distance Semantics for Belief Revision,"belief, paper introduce, class",SATEN: An Object-Oriented Web-Based Revision and Extraction Engine,3,"belief, belief revision, revision"
159,Distance Semantics for Belief Revision,"belief, paper introduce, class",Belief Conditioning Rules (BCRs),3,"belief, belief revision, revision"
159,Distance Semantics for Belief Revision,"belief, paper introduce, class",A general approach to belief change in answer set programming,3,"belief, belief revision, revision"
161,Nonmonotonic inference operations,"operation, model base, bayesian",Deductive Nonmonotonic Inference Operations: Antitonic Representations,4,"inference, inference operation, nonmonotonic inference operation, operation"
162,The logical meaning of Expansion,"property, desire property, optimality","Nonmonotonic Reasoning, Preferential Models and Cumulative Logics",2,"nonmonotonic consequence, nonmonotonic consequence relation"
163,Another perspective on Default Reasoning,"induction, reasoning, temporal reasoning",Probabilistic Default Reasoning with Conditional Constraints,3,"default, default reasoning, reasoning"
163,Another perspective on Default Reasoning,"induction, reasoning, temporal reasoning",From Statistical Knowledge Bases to Degrees of Belief,3,"default, default reasoning, reasoning"
164,Deductive Nonmonotonic Inference Operations: Antitonic Representations,"operation, model base, bayesian",Nonmonotonic inference operations,4,"inference, inference operation, nonmonotonic inference operation, operation"
164,Deductive Nonmonotonic Inference Operations: Antitonic Representations,"operation, model base, bayesian",Application of Rough Set Theory to Analysis of Hydrocyclone Operation,2,"operation, set"
166,A Framework for Compiling Preferences in Logic Programs,"search problem, evaluation method, program",Logic Programs with Compiled Preferences,12,"answer set, answer set semantics, extend logic, extend logic program, logic, logic program, order logic, order logic program, prefer answer set, preference, program, set semantics"
166,A Framework for Compiling Preferences in Logic Programs,"search problem, evaluation method, program",A Compiler for Ordered Logic Programs,8,"answer set, answer set semantics, extend logic program, logic, logic program, order logic, order logic program, set semantics"
166,A Framework for Compiling Preferences in Logic Programs,"search problem, evaluation method, program","Well-Founded Semantics for Extended Logic Programs with Dynamic
  Preferences",5,"extend logic, extend logic program, logic, logic program, program"
166,A Framework for Compiling Preferences in Logic Programs,"search problem, evaluation method, program",A general approach to belief change in answer set programming,5,"answer set, answer set semantics, logic, logic program, program"
166,A Framework for Compiling Preferences in Logic Programs,"search problem, evaluation method, program",On Properties of Update Sequences Based on Causal Rejection,4,"answer set, answer set semantics, extend logic program, logic program"
167,Two results for proiritized logic programming,"knowledge representation system, knowledge representation, representation system",SLDNFA-system,2,"knowledge representation, logic"
167,Two results for proiritized logic programming,"knowledge representation system, knowledge representation, representation system",Parametric Connectives in Disjunctive Logic Programming,2,"knowledge representation, logic"
168,Belief Revision and Rational Inference,"belief, paper introduce, class",Distance Semantics for Belief Revision,4,"belief, belief revision, postulate, revision"
168,Belief Revision and Rational Inference,"belief, paper introduce, class",Optimal Belief Revision,3,"belief, belief revision, revision"
168,Belief Revision and Rational Inference,"belief, paper introduce, class",SATEN: An Object-Oriented Web-Based Revision and Extraction Engine,3,"belief, belief revision, revision"
168,Belief Revision and Rational Inference,"belief, paper introduce, class",Belief Conditioning Rules (BCRs),3,"belief, belief revision, revision"
168,Belief Revision and Rational Inference,"belief, paper introduce, class",A general approach to belief change in answer set programming,3,"belief, belief revision, revision"
169,Ultimate approximations in nonmonotonic knowledge representation systems,"knowledge representation system, knowledge representation, representation system",Decidable Reasoning in Terminological Knowledge Representation Systems,3,"knowledge representation, knowledge representation system, representation system"
169,Ultimate approximations in nonmonotonic knowledge representation systems,"knowledge representation system, knowledge representation, representation system","A Semantics and Complete Algorithm for Subsumption in the CLASSIC
  Description Logic",3,"knowledge representation, knowledge representation system, representation system"
170,Handling Defeasibilities in Action Domains,"function instance - base learning, learning technique typically, technique typically handle",Defeasible Reasoning in OSCAR,2,"defeasible, reasoning"
170,Handling Defeasibilities in Action Domains,"function instance - base learning, learning technique typically, technique typically handle","E-RES: A System for Reasoning about Actions, Events and Observations",2,"action, reasoning"
170,Handling Defeasibilities in Action Domains,"function instance - base learning, learning technique typically, technique typically handle",Metatheory of actions: beyond consistency,2,"action, reasoning"
171,Anticipatory Guidance of Plot,"introduce framework, model, foundation","A Comparison of Different Cognitive Paradigms Using Simple Animats in a
  Virtual Laboratory, with Implications to the Notion of Cognition",2,"model, system"
171,Anticipatory Guidance of Plot,"introduce framework, model, foundation",Can an Organism Adapt Itself to Unforeseen Circumstances?,2,"model, system"
171,Anticipatory Guidance of Plot,"introduce framework, model, foundation",Using RDF to Model the Structure and Process of Systems,2,"model, system"
172,"Abduction, ASP and Open Logic Programs","search problem, evaluation method, program","Consistency Management of Normal Logic Program by Top-down Abductive
  Proof Procedure",4,"logic, logic program, normal logic, normal logic program"
172,"Abduction, ASP and Open Logic Programs","search problem, evaluation method, program",Smodels: A System for Answer Set Programming,3,"logic program, normal logic, normal logic program"
172,"Abduction, ASP and Open Logic Programs","search problem, evaluation method, program","Well-Founded Semantics for Extended Logic Programs with Dynamic
  Preferences",2,"logic, logic program"
172,"Abduction, ASP and Open Logic Programs","search problem, evaluation method, program",Practical Methods for Proving Termination of General Logic Programs,2,"logic, logic program"
172,"Abduction, ASP and Open Logic Programs","search problem, evaluation method, program",A Compiler for Ordered Logic Programs,2,"logic, logic program"
173,Domain-Dependent Knowledge in Answer Set Planning,"search problem, evaluation method, program",Logic Programs with Compiled Preferences,5,"answer, answer set, answer set semantics, set, set semantics"
173,Domain-Dependent Knowledge in Answer Set Planning,"search problem, evaluation method, program",Open Answer Set Programming with Guarded Programs,5,"answer, answer set, answer set semantics, set, set semantics"
173,Domain-Dependent Knowledge in Answer Set Planning,"search problem, evaluation method, program",Fages' Theorem and Answer Set Programming,4,"answer, answer set, answer set semantics, set"
173,Domain-Dependent Knowledge in Answer Set Planning,"search problem, evaluation method, program",A semantic framework for preference handling in answer set programming,4,"answer, answer set, answer set semantics, set"
173,Domain-Dependent Knowledge in Answer Set Planning,"search problem, evaluation method, program",Normal forms for Answer Sets Programming,4,"answer, answer set, answer set semantics, set"
177,Logic Programming with Ordered Disjunction,"search problem, evaluation method, program",A Compiler for Ordered Logic Programs,2,"answer set, order"
177,Logic Programming with Ordered Disjunction,"search problem, evaluation method, program",Smodels: A System for Answer Set Programming,2,"answer set, answer set programming"
177,Logic Programming with Ordered Disjunction,"search problem, evaluation method, program",Fages' Theorem and Answer Set Programming,2,"answer set, answer set programming"
177,Logic Programming with Ordered Disjunction,"search problem, evaluation method, program",A semantic framework for preference handling in answer set programming,2,"answer set, answer set programming"
177,Logic Programming with Ordered Disjunction,"search problem, evaluation method, program",Normal forms for Answer Sets Programming,2,"answer set, answer set programming"
179,Modeling Complex Domains of Actions and Change,"domain, plan, learning temporal difference",Knowledge And The Action Description Language A,2,"action, action description language"
180,Value Based Argumentation Frameworks,"belief, paper introduce, class",Fusion of qualitative beliefs using DSmT,2,"introduce notion, paper introduce"
181,"Preferred well-founded semantics for logic programming by alternating
  fixpoints: Preliminary report","search problem, evaluation method, program","Well-Founded Semantics for Extended Logic Programs with Dynamic
  Preferences",3,"semantics, well - found, well - found semantics"
181,"Preferred well-founded semantics for logic programming by alternating
  fixpoints: Preliminary report","search problem, evaluation method, program","Comparisons and Computation of Well-founded Semantics for Disjunctive
  Logic Programs",3,"semantics, well - found, well - found semantics"
181,"Preferred well-founded semantics for logic programming by alternating
  fixpoints: Preliminary report","search problem, evaluation method, program",A Compiler for Ordered Logic Programs,2,"order logic, order logic program"
181,"Preferred well-founded semantics for logic programming by alternating
  fixpoints: Preliminary report","search problem, evaluation method, program",Logic Programs with Compiled Preferences,2,"order logic, order logic program"
181,"Preferred well-founded semantics for logic programming by alternating
  fixpoints: Preliminary report","search problem, evaluation method, program",A Framework for Compiling Preferences in Logic Programs,2,"order logic, order logic program"
182,Embedding Default Logic in Propositional Argumentation Systems,"search problem, evaluation method, program",Uniform semantic treatment of default and autoepistemic logics,2,"default logic, logic"
182,Embedding Default Logic in Propositional Argumentation Systems,"search problem, evaluation method, program","Consistency Management of Normal Logic Program by Top-down Abductive
  Proof Procedure",2,"logic, paper present"
182,Embedding Default Logic in Propositional Argumentation Systems,"search problem, evaluation method, program","On the existence and multiplicity of extensions in dialectical
  argumentation",2,"argumentation, logic"
182,Embedding Default Logic in Propositional Argumentation Systems,"search problem, evaluation method, program",Defeasible Logic Programming: An Argumentative Approach,2,"argumentation, logic"
182,Embedding Default Logic in Propositional Argumentation Systems,"search problem, evaluation method, program","N-norm and N-conorm in Neutrosophic Logic and Set, and the Neutrosophic
  Topologies",2,"logic, paper present"
183,"On the existence and multiplicity of extensions in dialectical
  argumentation","function instance - base learning, learning technique typically, technique typically handle",Embedding Default Logic in Propositional Argumentation Systems,2,"argumentation, logic"
183,"On the existence and multiplicity of extensions in dialectical
  argumentation","function instance - base learning, learning technique typically, technique typically handle",Defeasible Logic Programming: An Argumentative Approach,2,"argumentation, logic"
187,Knowledge Representation,"knowledge representation system, knowledge representation, representation system",Decidable Reasoning in Terminological Knowledge Representation Systems,3,"knowledge, knowledge representation, representation"
187,Knowledge Representation,"knowledge representation system, knowledge representation, representation system",Translating between Horn Representations and their Characteristic Models,2,"model, representation"
187,Knowledge Representation,"knowledge representation system, knowledge representation, representation system",SLDNFA-system,2,"knowledge representation, representation"
187,Knowledge Representation,"knowledge representation system, knowledge representation, representation system",Granularity-Adaptive Proof Presentation,2,"knowledge, present"
188,"Causes and Explanations: A Structural-Model Approach. Part II:
  Explanations","introduce framework, model, foundation","Causes and Explanations: A Structural-Model Approach, Part I: Causes",10,"actual, approach, counterfactuall, equation model, explanation, model counterfactuall, part, structural - model, structural - model approach, structural equation"
188,"Causes and Explanations: A Structural-Model Approach. Part II:
  Explanations","introduce framework, model, foundation",Decision-Theoretic Foundations for Causal Reasoning,2,"causal, definition"
188,"Causes and Explanations: A Structural-Model Approach. Part II:
  Explanations","introduce framework, model, foundation","Estimation of linear, non-gaussian causal models in the presence of
  confounding latent variables",2,"equation model, structural equation"
188,"Causes and Explanations: A Structural-Model Approach. Part II:
  Explanations","introduce framework, model, foundation",Ontology-based inference for causal explanation,2,"causal, fact"
189,Reasoning about Evolving Nonmonotonic Knowledge Bases,"search problem, evaluation method, program","Well-Founded Semantics for Extended Logic Programs with Dynamic
  Preferences",3,"extend logic, extend logic program, logic program"
189,Reasoning about Evolving Nonmonotonic Knowledge Bases,"search problem, evaluation method, program",Logic Programs with Compiled Preferences,3,"extend logic, extend logic program, logic program"
189,Reasoning about Evolving Nonmonotonic Knowledge Bases,"search problem, evaluation method, program",On Properties of Update Sequences Based on Causal Rejection,3,"extend logic program, logic program, nonmonotonic knowledge basis"
189,Reasoning about Evolving Nonmonotonic Knowledge Bases,"search problem, evaluation method, program",A Framework for Compiling Preferences in Logic Programs,3,"extend logic, extend logic program, logic program"
189,Reasoning about Evolving Nonmonotonic Knowledge Bases,"search problem, evaluation method, program",Decidable Reasoning in Terminological Knowledge Representation Systems,2,"knowledge, knowledge basis"
190,"A Comparison of Different Cognitive Paradigms Using Simple Animats in a
  Virtual Laboratory, with Implications to the Notion of Cognition","information, modify, formulas",Anticipatory Guidance of Plot,2,"model, system"
190,"A Comparison of Different Cognitive Paradigms Using Simple Animats in a
  Virtual Laboratory, with Implications to the Notion of Cognition","information, modify, formulas",Recycling Computed Answers in Rewrite Systems for Abduction,2,"rule - base system, system"
190,"A Comparison of Different Cognitive Paradigms Using Simple Animats in a
  Virtual Laboratory, with Implications to the Notion of Cognition","information, modify, formulas",Can an Organism Adapt Itself to Unforeseen Circumstances?,2,"model, system"
190,"A Comparison of Different Cognitive Paradigms Using Simple Animats in a
  Virtual Laboratory, with Implications to the Notion of Cognition","information, modify, formulas",Using RDF to Model the Structure and Process of Systems,2,"model, system"
191,Revising Partially Ordered Beliefs,"belief, paper introduce, class",Optimal Belief Revision,2,"belief, revision"
191,Revising Partially Ordered Beliefs,"belief, paper introduce, class",A Consistency-Based Model for Belief Change: Preliminary Report,2,"belief, revision"
191,Revising Partially Ordered Beliefs,"belief, paper introduce, class",SATEN: An Object-Oriented Web-Based Revision and Extraction Engine,2,"belief, revision"
191,Revising Partially Ordered Beliefs,"belief, paper introduce, class",Distance Semantics for Belief Revision,2,"belief, revision"
191,Revising Partially Ordered Beliefs,"belief, paper introduce, class",Belief Revision and Rational Inference,2,"belief, revision"
192,"Can the whole brain be simpler than its ""parts""?","operation, model base, bayesian","Functional Brain Imaging with Multi-Objective Multi-Modal Evolutionary
  Optimization",2,"brain, problem"
194,"Dynamic Adjustment of the Motivation Degree in an Action Selection
  Mechanism","domain, plan, learning temporal difference","A Model for Combination of External and Internal Stimuli in the Action
  Selection of an Autonomous Agent",5,"action selection, action selection mechanism, mechanism previously, selection mechanism, selection mechanism previously"
194,"Dynamic Adjustment of the Motivation Degree in an Action Selection
  Mechanism","domain, plan, learning temporal difference",Action Selection Properties in a Software Simulated Agent,4,"action selection, action selection mechanism, mechanism previously, selection mechanism previously"
195,Action Selection Properties in a Software Simulated Agent,"domain, plan, learning temporal difference","A Model for Combination of External and Internal Stimuli in the Action
  Selection of an Autonomous Agent",5,"action selection, action selection mechanism, mechanism previously, mechanism previously propose, selection mechanism previously"
195,Action Selection Properties in a Software Simulated Agent,"domain, plan, learning temporal difference","Dynamic Adjustment of the Motivation Degree in an Action Selection
  Mechanism",4,"action selection, action selection mechanism, mechanism previously, selection mechanism previously"
196,"A Model for Combination of External and Internal Stimuli in the Action
  Selection of an Autonomous Agent","domain, plan, learning temporal difference","Dynamic Adjustment of the Motivation Degree in an Action Selection
  Mechanism",5,"action selection, action selection mechanism, mechanism previously, selection mechanism, selection mechanism previously"
196,"A Model for Combination of External and Internal Stimuli in the Action
  Selection of an Autonomous Agent","domain, plan, learning temporal difference",Action Selection Properties in a Software Simulated Agent,5,"action selection, action selection mechanism, mechanism previously, mechanism previously propose, selection mechanism previously"
197,Searching for Plannable Domains can Speed up Reinforcement Learning,"domain, plan, learning temporal difference",Reinforcement Learning: A Survey,3,"learning, reinforcement, reinforcement learning"
197,Searching for Plannable Domains can Speed up Reinforcement Learning,"domain, plan, learning temporal difference","Truncating Temporal Differences: On the Efficient Implementation of
  TD(lambda) for Reinforcement Learning",2,"learning, reinforcement learning"
199,"Comparisons and Computation of Well-founded Semantics for Disjunctive
  Logic Programs","search problem, evaluation method, program","Well-Founded Semantics for Extended Logic Programs with Dynamic
  Preferences",6,"logic, logic program, program, semantics, well - found, well - found semantics"
199,"Comparisons and Computation of Well-founded Semantics for Disjunctive
  Logic Programs","search problem, evaluation method, program","Towards Automated Integration of Guess and Check Programs in Answer Set
  Programming: A Meta-Interpreter and Applications",4,"disjunctive logic, disjunctive logic program, logic program, program"
199,"Comparisons and Computation of Well-founded Semantics for Disjunctive
  Logic Programs","search problem, evaluation method, program",Practical Methods for Proving Termination of General Logic Programs,3,"logic, logic program, program"
199,"Comparisons and Computation of Well-founded Semantics for Disjunctive
  Logic Programs","search problem, evaluation method, program","Consistency Management of Normal Logic Program by Top-down Abductive
  Proof Procedure",3,"logic, logic program, program"
199,"Comparisons and Computation of Well-founded Semantics for Disjunctive
  Logic Programs","search problem, evaluation method, program",Logic Programs with Compiled Preferences,3,"logic, logic program, program"
200,A semantic framework for preference handling in answer set programming,"search problem, evaluation method, program",Open Answer Set Programming with Guarded Programs,7,"answer, answer set, answer set programming, answer set semantics, programming, set, set programming"
200,A semantic framework for preference handling in answer set programming,"search problem, evaluation method, program",Fages' Theorem and Answer Set Programming,6,"answer, answer set, answer set programming, answer set semantics, set, set programming"
200,A semantic framework for preference handling in answer set programming,"search problem, evaluation method, program",Normal forms for Answer Sets Programming,6,"answer, answer set, answer set programming, answer set semantics, set, set programming"
200,A semantic framework for preference handling in answer set programming,"search problem, evaluation method, program",An Application of Proof-Theory in Answer Set Programming,6,"answer, answer set, answer set programming, programming, set, set programming"
200,A semantic framework for preference handling in answer set programming,"search problem, evaluation method, program",Logic Programs with Compiled Preferences,5,"answer, answer set, answer set semantics, preference, set"
201,Defeasible Logic Programming: An Argumentative Approach,"function instance - base learning, learning technique typically, technique typically handle",Parametric Connectives in Disjunctive Logic Programming,3,"logic, logic programming, programming"
201,Defeasible Logic Programming: An Argumentative Approach,"function instance - base learning, learning technique typically, technique typically handle",Integrating Defeasible Argumentation and Machine Learning Techniques,3,"argumentation, defeasible, defeasible argumentation"
201,Defeasible Logic Programming: An Argumentative Approach,"function instance - base learning, learning technique typically, technique typically handle",Propositional Defeasible Logic has Linear Complexity,3,"defeasible, defeasible logic, logic"
201,Defeasible Logic Programming: An Argumentative Approach,"function instance - base learning, learning technique typically, technique typically handle",Pruning Search Space in Defeasible Argumentation,3,"argumentation, defeasible, defeasible argumentation"
201,Defeasible Logic Programming: An Argumentative Approach,"function instance - base learning, learning technique typically, technique typically handle",Logic programming with social features,3,"logic, logic programming, programming"
203,Kalman-filtering using local interactions,"discourse, interest, discourse processing","Emotion: Appraisal-coping model for the ""Cascades"" problem",2,"model, modelling"
204,On the Notion of Cognition,"framework, seek improve, learning efficient problem",Hacia una teoria de unificacion para los comportamientos cognitivos,2,"cognitive, cognitive science"
205,Unfolding Partiality and Disjunctions in Stable Model Semantics,"search problem, evaluation method, program",Smodels: A System for Answer Set Programming,4,"program, stable, stable model, stable model semantics"
205,Unfolding Partiality and Disjunctions in Stable Model Semantics,"search problem, evaluation method, program","Achieving compositionality of the stable model semantics for Smodels
  programs",4,"program, stable, stable model, stable model semantics"
205,Unfolding Partiality and Disjunctions in Stable Model Semantics,"search problem, evaluation method, program",Epistemic Foundation of Stable Model Semantics,3,"model, stable model, stable model semantics"
205,Unfolding Partiality and Disjunctions in Stable Model Semantics,"search problem, evaluation method, program",A Hierarchy of Tractable Subsets for Computing Stable Models,2,"computing stable model, stable model"
205,Unfolding Partiality and Disjunctions in Stable Model Semantics,"search problem, evaluation method, program","Comparisons and Computation of Well-founded Semantics for Disjunctive
  Logic Programs",2,"disjunctive, program"
207,A Framework for Searching AND/OR Graphs with Cycles,"framework, seek improve, learning efficient problem",Quantum Computing and Phase Transitions in Combinatorial Search,2,"problem, search"
207,A Framework for Searching AND/OR Graphs with Cycles,"framework, seek improve, learning efficient problem",Online Search Cost Estimation for SAT Solvers,2,"problem, search"
208,On rho in a Decision-Theoretic Apparatus of Dempster-Shafer Theory,"agent, formula phi hold, statistical fact","Great Expectations. Part I: On the Customizability of Generalized
  Expected Utility",3,"decision maker, expect utility, utility"
208,On rho in a Decision-Theoretic Apparatus of Dempster-Shafer Theory,"agent, formula phi hold, statistical fact","Great Expectations. Part II: Generalized Expected Utility as a Universal
  Decision Rule",3,"expect, expect utility, utility"
208,On rho in a Decision-Theoretic Apparatus of Dempster-Shafer Theory,"agent, formula phi hold, statistical fact",Convergence of Expected Utility for Universal AI,3,"expect, expect utility, utility"
208,On rho in a Decision-Theoretic Apparatus of Dempster-Shafer Theory,"agent, formula phi hold, statistical fact","Adaptative combination rule and proportional conflict redistribution
  rule for information fusion",2,"belief function, dempster - shafer theory"
209,Updating beliefs with incomplete observations,"quality, bayesian network, conditional probability",Updating Sets of Probabilities,3,"observation, probability, updating"
209,Updating beliefs with incomplete observations,"quality, bayesian network, conditional probability",Node discovery problem for a social network,2,"network, problem"
212,"Probabilistic Reasoning as Information Compression by Multiple
  Alignment, Unification and Search: An Introduction and Overview","induction, reasoning, temporal reasoning","Unsupervised Grammar Induction in a Framework of Information Compression
  by Multiple Alignment, Unification and Search",5,"alignment, compression multiple, information compression, multiple alignment, unification search"
212,"Probabilistic Reasoning as Information Compression by Multiple
  Alignment, Unification and Search: An Introduction and Overview","induction, reasoning, temporal reasoning","Information Compression by Multiple Alignment, Unification and Search as
  a Unifying Principle in Computing and Cognition",4,"compression multiple, information compression, multiple alignment, unification search"
212,"Probabilistic Reasoning as Information Compression by Multiple
  Alignment, Unification and Search: An Introduction and Overview","induction, reasoning, temporal reasoning",Unifying Computing and Cognition: The SP Theory and its Applications,4,"compression multiple, information compression, multiple alignment, unification search"
213,"Information Compression by Multiple Alignment, Unification and Search as
  a Unifying Principle in Computing and Cognition","induction, reasoning, temporal reasoning","Unsupervised Grammar Induction in a Framework of Information Compression
  by Multiple Alignment, Unification and Search",5,"compression multiple, information compression, mathematics logic, multiple alignment, unification search"
213,"Information Compression by Multiple Alignment, Unification and Search as
  a Unifying Principle in Computing and Cognition","induction, reasoning, temporal reasoning",Unifying Computing and Cognition: The SP Theory and its Applications,5,"compression multiple, good - match information retrieval, information compression, multiple alignment, unification search"
213,"Information Compression by Multiple Alignment, Unification and Search as
  a Unifying Principle in Computing and Cognition","induction, reasoning, temporal reasoning","Probabilistic Reasoning as Information Compression by Multiple
  Alignment, Unification and Search: An Introduction and Overview",4,"compression multiple, information compression, multiple alignment, unification search"
214,"Integrating cardinal direction relations and other orientation relations
  in Qualitative Spatial Reasoning","system designer, control multi-agent, control","Integrating existing cone-shaped and projection-based cardinal direction
  relations and a TCSP-like decidable generalisation",4,"cardinal direction, cardinal direction relation, direction relation, projection - base cardinal direction"
214,"Integrating cardinal direction relations and other orientation relations
  in Qualitative Spatial Reasoning","system designer, control multi-agent, control",Relation Variables in Qualitative Spatial Reasoning,3,"qualitative spatial, qualitative spatial reasoning, spatial reasoning"
214,"Integrating cardinal direction relations and other orientation relations
  in Qualitative Spatial Reasoning","system designer, control multi-agent, control",Reasoning about Cardinal Directions between Extended Objects,2,"cardinal direction, direction relation"
214,"Integrating cardinal direction relations and other orientation relations
  in Qualitative Spatial Reasoning","system designer, control multi-agent, control","Oriented Straight Line Segment Algebra: Qualitative Spatial Reasoning
  about Oriented Objects",2,"qualitative spatial, qualitative spatial reasoning"
216,From Statistical Knowledge Bases to Degrees of Belief,"agent, formula phi hold, statistical fact",Random Worlds and Maximum Entropy,4,"belief, degree, degree belief, random world"
216,From Statistical Knowledge Bases to Degrees of Belief,"agent, formula phi hold, statistical fact",Probabilistic Default Reasoning with Conditional Constraints,4,"default, default reasoning, knowledge basis, reasoning"
216,From Statistical Knowledge Bases to Degrees of Belief,"agent, formula phi hold, statistical fact",Another perspective on Default Reasoning,3,"default, default reasoning, reasoning"
216,From Statistical Knowledge Bases to Degrees of Belief,"agent, formula phi hold, statistical fact",Uniform semantic treatment of default and autoepistemic logics,2,"belief, default"
216,From Statistical Knowledge Bases to Degrees of Belief,"agent, formula phi hold, statistical fact",Brainstorm/J: a Java Framework for Intelligent Agents,2,"agent, intelligent agent"
218,Quantifying and Visualizing Attribute Interactions,"solving multiclass learning, multiclass, concept learning algorithm",A Model for Managing Collections of Patterns,2,"datum, pattern"
221,The Algebra of Utility Inference,"agent, formula phi hold, statistical fact",An information theory for preferences,2,"utility, utility function"
221,The Algebra of Utility Inference,"agent, formula phi hold, statistical fact","Great Expectations. Part I: On the Customizability of Generalized
  Expected Utility",2,"utility, utility function"
221,The Algebra of Utility Inference,"agent, formula phi hold, statistical fact","Convergence of Expected Utilities with Algorithmic Probability
  Distributions",2,"utility, utility function"
221,The Algebra of Utility Inference,"agent, formula phi hold, statistical fact",Convergence of Expected Utility for Universal AI,2,"utility, utility function"
222,An information theory for preferences,"agent, formula phi hold, statistical fact",The Algebra of Utility Inference,2,"utility, utility function"
222,An information theory for preferences,"agent, formula phi hold, statistical fact","Great Expectations. Part I: On the Customizability of Generalized
  Expected Utility",2,"utility, utility function"
222,An information theory for preferences,"agent, formula phi hold, statistical fact","Convergence of Expected Utilities with Algorithmic Probability
  Distributions",2,"utility, utility function"
222,An information theory for preferences,"agent, formula phi hold, statistical fact",Convergence of Expected Utility for Universal AI,2,"utility, utility function"
223,"Abductive Logic Programs with Penalization: Semantics, Complexity and
  Implementation","search problem, evaluation method, program",A general approach to belief change in answer set programming,4,"logic, logic program, logic programming, logic programming framework"
223,"Abductive Logic Programs with Penalization: Semantics, Complexity and
  Implementation","search problem, evaluation method, program","Translating OWL and Semantic Web Rules into Prolog: Moving Toward
  Description Logic Programs",3,"logic, logic program, logic programming"
223,"Abductive Logic Programs with Penalization: Semantics, Complexity and
  Implementation","search problem, evaluation method, program",Logic programs with propositional connectives and aggregates,3,"logic, logic program, logic programming"
223,"Abductive Logic Programs with Penalization: Semantics, Complexity and
  Implementation","search problem, evaluation method, program","Well-Founded Semantics for Extended Logic Programs with Dynamic
  Preferences",2,"logic, logic program"
223,"Abductive Logic Programs with Penalization: Semantics, Complexity and
  Implementation","search problem, evaluation method, program",Practical Methods for Proving Termination of General Logic Programs,2,"logic, logic program"
224,"Local-search techniques for propositional logic extended with
  cardinality constraints","solving multiclass learning, multiclass, concept learning algorithm",WSAT(cc) - a fast local-search ASP solver,4,"cardinality atom, logic extend, propositional logic, propositional logic extend"
224,"Local-search techniques for propositional logic extended with
  cardinality constraints","solving multiclass learning, multiclass, concept learning algorithm",On the relationship between fuzzy logic and four-valued relevance logic,2,"logic, propositional logic"
225,WSAT(cc) - a fast local-search ASP solver,"solving multiclass learning, multiclass, concept learning algorithm","Local-search techniques for propositional logic extended with
  cardinality constraints",4,"cardinality atom, logic extend, propositional logic, propositional logic extend"
226,Utility-Probability Duality,"quality, bayesian network, conditional probability","Convergence of Expected Utilities with Algorithmic Probability
  Distributions",4,"function, probability, probability distribution, utility function"
226,Utility-Probability Duality,"quality, bayesian network, conditional probability","Approximate Discrete Probability Distribution Representation using a
  Multi-Resolution Binary Tree",2,"probability, probability distribution"
226,Utility-Probability Duality,"quality, bayesian network, conditional probability","N-norm and N-conorm in Neutrosophic Logic and Set, and the Neutrosophic
  Topologies",2,"paper present, present"
226,Utility-Probability Duality,"quality, bayesian network, conditional probability",Convergence of Expected Utility for Universal AI,2,"function, utility function"
227,Parametric Connectives in Disjunctive Logic Programming,"search problem, evaluation method, program","Comparisons and Computation of Well-founded Semantics for Disjunctive
  Logic Programs",3,"disjunctive, disjunctive logic, logic"
227,Parametric Connectives in Disjunctive Logic Programming,"search problem, evaluation method, program",Defeasible Logic Programming: An Argumentative Approach,3,"logic, logic programming, programming"
227,Parametric Connectives in Disjunctive Logic Programming,"search problem, evaluation method, program",Logic programming with social features,3,"logic, logic programming, programming"
227,Parametric Connectives in Disjunctive Logic Programming,"search problem, evaluation method, program",A general approach to belief change in answer set programming,3,"logic, logic programming, programming"
227,Parametric Connectives in Disjunctive Logic Programming,"search problem, evaluation method, program",ACLP: Integrating Abduction and Constraint Solving,2,"logic programming, programming"
229,"Great Expectations. Part I: On the Customizability of Generalized
  Expected Utility","agent, formula phi hold, statistical fact","Great Expectations. Part II: Generalized Expected Utility as a Universal
  Decision Rule",6,"expect utility, expectation, generalize expect utility, great, great expectation, utility"
229,"Great Expectations. Part I: On the Customizability of Generalized
  Expected Utility","agent, formula phi hold, statistical fact",On rho in a Decision-Theoretic Apparatus of Dempster-Shafer Theory,3,"decision maker, expect utility, utility"
229,"Great Expectations. Part I: On the Customizability of Generalized
  Expected Utility","agent, formula phi hold, statistical fact",Convergence of Expected Utility for Universal AI,3,"expect utility, utility, utility function"
229,"Great Expectations. Part I: On the Customizability of Generalized
  Expected Utility","agent, formula phi hold, statistical fact",The Algebra of Utility Inference,2,"utility, utility function"
229,"Great Expectations. Part I: On the Customizability of Generalized
  Expected Utility","agent, formula phi hold, statistical fact",An information theory for preferences,2,"utility, utility function"
230,"Great Expectations. Part II: Generalized Expected Utility as a Universal
  Decision Rule","agent, formula phi hold, statistical fact","Great Expectations. Part I: On the Customizability of Generalized
  Expected Utility",6,"expect utility, expectation, generalize expect utility, great, great expectation, utility"
230,"Great Expectations. Part II: Generalized Expected Utility as a Universal
  Decision Rule","agent, formula phi hold, statistical fact",Convergence of Expected Utility for Universal AI,4,"expect, expect utility, universal, utility"
230,"Great Expectations. Part II: Generalized Expected Utility as a Universal
  Decision Rule","agent, formula phi hold, statistical fact",On rho in a Decision-Theoretic Apparatus of Dempster-Shafer Theory,3,"expect, expect utility, utility"
230,"Great Expectations. Part II: Generalized Expected Utility as a Universal
  Decision Rule","agent, formula phi hold, statistical fact",Further Experimental Evidence against the Utility of Occam's Razor,2,"decision, utility"
231,"Unsupervised Grammar Induction in a Framework of Information Compression
  by Multiple Alignment, Unification and Search","induction, reasoning, temporal reasoning","Probabilistic Reasoning as Information Compression by Multiple
  Alignment, Unification and Search: An Introduction and Overview",5,"alignment, compression multiple, information compression, multiple alignment, unification search"
231,"Unsupervised Grammar Induction in a Framework of Information Compression
  by Multiple Alignment, Unification and Search","induction, reasoning, temporal reasoning","Information Compression by Multiple Alignment, Unification and Search as
  a Unifying Principle in Computing and Cognition",5,"compression multiple, information compression, mathematics logic, multiple alignment, unification search"
231,"Unsupervised Grammar Induction in a Framework of Information Compression
  by Multiple Alignment, Unification and Search","induction, reasoning, temporal reasoning",Unifying Computing and Cognition: The SP Theory and its Applications,4,"compression multiple, information compression, multiple alignment, unification search"
232,"Integrating existing cone-shaped and projection-based cardinal direction
  relations and a TCSP-like decidable generalisation","system designer, control multi-agent, control","Integrating cardinal direction relations and other orientation relations
  in Qualitative Spatial Reasoning",4,"cardinal direction, cardinal direction relation, direction relation, projection - base cardinal direction"
232,"Integrating existing cone-shaped and projection-based cardinal direction
  relations and a TCSP-like decidable generalisation","system designer, control multi-agent, control",Reasoning about Cardinal Directions between Extended Objects,2,"cardinal direction, direction relation"
233,Modeling Object Oriented Constraint Programs in Z,"language, account semantic property, decompose solve",Stochastic Constraint Programming: A Scenario-Based Approach,2,"constraint program, constraint programming"
233,Modeling Object Oriented Constraint Programs in Z,"language, account semantic property, decompose solve",Stochastic Constraint Programming,2,"constraint program, constraint programming"
235,Weight Constraints as Nested Expressions,"search problem, evaluation method, program",Logic Programs with Compiled Preferences,3,"answer, answer set, program"
235,Weight Constraints as Nested Expressions,"search problem, evaluation method, program",Smodels: A System for Answer Set Programming,3,"answer set, program, stable model"
235,Weight Constraints as Nested Expressions,"search problem, evaluation method, program",Normal forms for Answer Sets Programming,3,"answer, answer set, program"
235,Weight Constraints as Nested Expressions,"search problem, evaluation method, program","Towards Automated Integration of Guess and Check Programs in Answer Set
  Programming: A Meta-Interpreter and Applications",3,"answer, answer set, program"
235,Weight Constraints as Nested Expressions,"search problem, evaluation method, program",Fages' Theorem and Answer Set Programming,2,"answer, answer set"
236,On the Expressibility of Stable Logic Programming,"search problem, evaluation method, program",ACLP: Integrating Abduction and Constraint Solving,2,"logic programming, programming"
236,On the Expressibility of Stable Logic Programming,"search problem, evaluation method, program","Logic Programming Approaches for Representing and Solving Constraint
  Satisfaction Problems: A Comparison",2,"logic programming, search problem"
236,On the Expressibility of Stable Logic Programming,"search problem, evaluation method, program",Defeasible Logic Programming: An Argumentative Approach,2,"logic programming, programming"
236,On the Expressibility of Stable Logic Programming,"search problem, evaluation method, program","Abductive Logic Programs with Penalization: Semantics, Complexity and
  Implementation",2,"logic programming, problem"
236,On the Expressibility of Stable Logic Programming,"search problem, evaluation method, program",Parametric Connectives in Disjunctive Logic Programming,2,"logic programming, programming"
237,Unifying Computing and Cognition: The SP Theory and its Applications,"induction, reasoning, temporal reasoning","Information Compression by Multiple Alignment, Unification and Search as
  a Unifying Principle in Computing and Cognition",5,"compression multiple, good - match information retrieval, information compression, multiple alignment, unification search"
237,Unifying Computing and Cognition: The SP Theory and its Applications,"induction, reasoning, temporal reasoning","Probabilistic Reasoning as Information Compression by Multiple
  Alignment, Unification and Search: An Introduction and Overview",4,"compression multiple, information compression, multiple alignment, unification search"
237,Unifying Computing and Cognition: The SP Theory and its Applications,"induction, reasoning, temporal reasoning","Unsupervised Grammar Induction in a Framework of Information Compression
  by Multiple Alignment, Unification and Search",4,"compression multiple, information compression, multiple alignment, unification search"
238,Recycling Computed Answers in Rewrite Systems for Abduction,"information, modify, formulas","A Comparison of Different Cognitive Paradigms Using Simple Animats in a
  Virtual Laboratory, with Implications to the Notion of Cognition",2,"rule - base system, system"
240,Integrating Defeasible Argumentation and Machine Learning Techniques,"function instance - base learning, learning technique typically, technique typically handle",Rule-based Machine Learning Methods for Functional Prediction,3,"learning, machine, machine learning"
240,Integrating Defeasible Argumentation and Machine Learning Techniques,"function instance - base learning, learning technique typically, technique typically handle",Defeasible Logic Programming: An Argumentative Approach,3,"argumentation, defeasible, defeasible argumentation"
240,Integrating Defeasible Argumentation and Machine Learning Techniques,"function instance - base learning, learning technique typically, technique typically handle",Pruning Search Space in Defeasible Argumentation,3,"argumentation, defeasible, defeasible argumentation"
240,Integrating Defeasible Argumentation and Machine Learning Techniques,"function instance - base learning, learning technique typically, technique typically handle",Restart Strategy Selection using Machine Learning Techniques,3,"learning, machine learning, machine learning technique"
240,Integrating Defeasible Argumentation and Machine Learning Techniques,"function instance - base learning, learning technique typically, technique typically handle",Operations for Learning with Graphical Models,2,"algorithm, learning"
241,Epistemic Foundation of Stable Model Semantics,"search problem, evaluation method, program",Smodels: A System for Answer Set Programming,3,"model semantics, stable model, stable model semantics"
241,Epistemic Foundation of Stable Model Semantics,"search problem, evaluation method, program",Unfolding Partiality and Disjunctions in Stable Model Semantics,3,"model, stable model, stable model semantics"
241,Epistemic Foundation of Stable Model Semantics,"search problem, evaluation method, program","Achieving compositionality of the stable model semantics for Smodels
  programs",3,"model semantics, stable model, stable model semantics"
241,Epistemic Foundation of Stable Model Semantics,"search problem, evaluation method, program",Distance Semantics for Belief Revision,2,"model, semantics"
243,Parametric external predicates for the DLV System,"paper, year, machine","Toward the Implementation of Functions in the DLV System (Preliminary
  Technical Report)",2,"dlv system, document describe"
244,"Toward the Implementation of Functions in the DLV System (Preliminary
  Technical Report)","paper, year, machine",Parametric external predicates for the DLV System,2,"dlv system, document describe"
244,"Toward the Implementation of Functions in the DLV System (Preliminary
  Technical Report)","paper, year, machine",Fact Sheet on Semantic Web,2,"report, technical report"
244,"Toward the Implementation of Functions in the DLV System (Preliminary
  Technical Report)","paper, year, machine",Some improved results on communication between information systems,2,"function, system"
245,Knowledge And The Action Description Language A,"domain, plan, learning temporal difference",Decidable Reasoning in Terminological Knowledge Representation Systems,2,"knowledge, language"
245,Knowledge And The Action Description Language A,"domain, plan, learning temporal difference",Modeling Complex Domains of Actions and Change,2,"action, action description language"
245,Knowledge And The Action Description Language A,"domain, plan, learning temporal difference",Regression with respect to sensing actions and partial states,2,"action, sensing action"
245,Knowledge And The Action Description Language A,"domain, plan, learning temporal difference","A State-Based Regression Formulation for Domains with Sensing
  Actions<br> and Incomplete Information",2,"action, sensing action"
246,"A Comparative Study of Fuzzy Classification Methods on Breast Cancer
  Data","subdue discovery system, substructure, identify interesting",Fuzzy Approaches to Abductive Inference,2,"fuzzy, rule"
247,Intelligent Systems: Architectures and Perspectives,"information, modify, formulas",Can an Organism Adapt Itself to Unforeseen Circumstances?,3,"intelligent, intelligent system, system"
247,Intelligent Systems: Architectures and Perspectives,"information, modify, formulas",Conscious Intelligent Systems - Part 1 : I X I,3,"intelligent, intelligent system, system"
247,Intelligent Systems: Architectures and Perspectives,"information, modify, formulas","Conscious Intelligent Systems - Part II - Mind, Thought, Language and
  Understanding",3,"intelligent, intelligent system, system"
247,Intelligent Systems: Architectures and Perspectives,"information, modify, formulas",Modeling Chaotic Behavior of Stock Indices Using Intelligent Paradigms,2,"intelligent, intelligent system"
247,Intelligent Systems: Architectures and Perspectives,"information, modify, formulas",Phase transition in SONFIS&SORST,2,"intelligent, system"
248,A Neuro-Fuzzy Approach for Modelling Electricity Demand in Victoria,"learning, datum, model perspective",Neuro Fuzzy Systems: Sate-of-the-Art Modeling Techniques,3,"attract grow, engineering area due, grow interest"
249,Neuro Fuzzy Systems: Sate-of-the-Art Modeling Techniques,"learning, datum, model perspective",A Neuro-Fuzzy Approach for Modelling Electricity Demand in Victoria,3,"attract grow, engineering area due, grow interest"
249,Neuro Fuzzy Systems: Sate-of-the-Art Modeling Techniques,"learning, datum, model perspective",Is Neural Network a Reliable Forecaster on Earth? A MARS Query!,3,"artificial neural, artificial neural network, neural network"
249,Neuro Fuzzy Systems: Sate-of-the-Art Modeling Techniques,"learning, datum, model perspective",Meta-Learning Evolutionary Artificial Neural Networks,3,"artificial neural, artificial neural network, neural network"
249,Neuro Fuzzy Systems: Sate-of-the-Art Modeling Techniques,"learning, datum, model perspective","Optimization of Evolutionary Neural Networks Using Hybrid Learning
  Algorithms",3,"artificial neural, artificial neural network, neural network"
249,Neuro Fuzzy Systems: Sate-of-the-Art Modeling Techniques,"learning, datum, model perspective","Response Prediction of Structural System Subject to Earthquake Motions
  using Artificial Neural Network",3,"artificial neural, artificial neural network, neural network"
250,Is Neural Network a Reliable Forecaster on Earth? A MARS Query!,"learning, datum, model perspective",Meta-Learning Evolutionary Artificial Neural Networks,4,"artificial neural, artificial neural network, neural, neural network"
250,Is Neural Network a Reliable Forecaster on Earth? A MARS Query!,"learning, datum, model perspective","Optimization of Evolutionary Neural Networks Using Hybrid Learning
  Algorithms",4,"artificial neural, artificial neural network, neural, neural network"
250,Is Neural Network a Reliable Forecaster on Earth? A MARS Query!,"learning, datum, model perspective",Neuro Fuzzy Systems: Sate-of-the-Art Modeling Techniques,3,"artificial neural, artificial neural network, neural network"
250,Is Neural Network a Reliable Forecaster on Earth? A MARS Query!,"learning, datum, model perspective","EvoNF: A Framework for Optimization of Fuzzy Inference Systems Using
  Neural Network Learning and Evolutionary Computation",3,"network, neural, neural network"
250,Is Neural Network a Reliable Forecaster on Earth? A MARS Query!,"learning, datum, model perspective",Traffic Accident Analysis Using Decision Trees and Neural Networks,3,"artificial neural network, neural, neural network"
251,DCT Based Texture Classification Using Soft Computing Approach,"solving multiclass learning, multiclass, concept learning algorithm","Short Term Load Forecasting Models in Czech Republic Using Soft
  Computing Paradigms",2,"soft computing, soft computing model"
251,DCT Based Texture Classification Using Soft Computing Approach,"solving multiclass learning, multiclass, concept learning algorithm",Pattern Recognition Theory of Mind,2,"pattern, pattern recognition"
251,DCT Based Texture Classification Using Soft Computing Approach,"solving multiclass learning, multiclass, concept learning algorithm",A Soft Computing Model for Physicians' Decision Process,2,"soft computing, soft computing model"
254,Data Mining Approach for Analyzing Call Center Performance,"learning, datum, model perspective","Fuzzy Artmap and Neural Network Approach to Online Processing of Inputs
  with Missing Values",2,"neural network, neural network approach"
254,Data Mining Approach for Analyzing Call Center Performance,"learning, datum, model perspective","A Leaf Recognition Algorithm for Plant Classification Using
  Probabilistic Neural Network",2,"neural network, probabilistic neural network"
255,Modeling Chaotic Behavior of Stock Indices Using Intelligent Paradigms,"information, modify, formulas",Intelligent Systems: Architectures and Perspectives,2,"intelligent, intelligent system"
255,Modeling Chaotic Behavior of Stock Indices Using Intelligent Paradigms,"information, modify, formulas",Can an Organism Adapt Itself to Unforeseen Circumstances?,2,"intelligent, intelligent system"
255,Modeling Chaotic Behavior of Stock Indices Using Intelligent Paradigms,"information, modify, formulas",Conscious Intelligent Systems - Part 1 : I X I,2,"intelligent, intelligent system"
255,Modeling Chaotic Behavior of Stock Indices Using Intelligent Paradigms,"information, modify, formulas","Conscious Intelligent Systems - Part II - Mind, Thought, Language and
  Understanding",2,"intelligent, intelligent system"
257,Meta-Learning Evolutionary Artificial Neural Networks,"learning, datum, model perspective","Optimization of Evolutionary Neural Networks Using Hybrid Learning
  Algorithms",5,"artificial neural, artificial neural network, evolutionary artificial neural, neural, neural network"
257,Meta-Learning Evolutionary Artificial Neural Networks,"learning, datum, model perspective",Is Neural Network a Reliable Forecaster on Earth? A MARS Query!,4,"artificial neural, artificial neural network, neural, neural network"
257,Meta-Learning Evolutionary Artificial Neural Networks,"learning, datum, model perspective",Neuro Fuzzy Systems: Sate-of-the-Art Modeling Techniques,3,"artificial neural, artificial neural network, neural network"
257,Meta-Learning Evolutionary Artificial Neural Networks,"learning, datum, model perspective","EvoNF: A Framework for Optimization of Fuzzy Inference Systems Using
  Neural Network Learning and Evolutionary Computation",3,"neural, neural network, neural network learning"
257,Meta-Learning Evolutionary Artificial Neural Networks,"learning, datum, model perspective",Traffic Accident Analysis Using Decision Trees and Neural Networks,3,"artificial neural network, neural, neural network"
259,A Concurrent Fuzzy-Neural Network Approach for Decision Support Systems,"tree, small consistent decision, consistent decision tree",Decision Support Systems Using Intelligent Paradigms,9,"action solving, choose among alternative, complicated problem, multi - criterion objective, objective involve, problem multi-criteria, process choose, solving complicated, solving complicated problem"
261,Business Intelligence from Web Usage Mining,"learning, datum, model perspective","Adaptation of Mamdani Fuzzy Inference System Using Neuro - Genetic
  Approach for Tactical Air Combat Decision Support System",2,"fuzzy inference, fuzzy inference system"
261,Business Intelligence from Web Usage Mining,"learning, datum, model perspective","EvoNF: A Framework for Optimization of Fuzzy Inference Systems Using
  Neural Network Learning and Evolutionary Computation",2,"fuzzy inference, fuzzy inference system"
261,Business Intelligence from Web Usage Mining,"learning, datum, model perspective",Terrorism Event Classification Using Fuzzy Inference Systems,2,"fuzzy inference, fuzzy inference system"
262,"Adaptation of Mamdani Fuzzy Inference System Using Neuro - Genetic
  Approach for Tactical Air Combat Decision Support System","tree, small consistent decision, consistent decision tree",Decision Support Systems Using Intelligent Paradigms,4,"decision support, decision support system, problem multi-criteria, support system"
262,"Adaptation of Mamdani Fuzzy Inference System Using Neuro - Genetic
  Approach for Tactical Air Combat Decision Support System","tree, small consistent decision, consistent decision tree","Multiagent Approach for the Representation of Information in a Decision
  Support System",4,"decision support, decision support system, support, support system"
262,"Adaptation of Mamdani Fuzzy Inference System Using Neuro - Genetic
  Approach for Tactical Air Combat Decision Support System","tree, small consistent decision, consistent decision tree",Decision Support Systems (DSS) in Construction Tendering Processes,4,"decision support, decision support system, support, support system"
262,"Adaptation of Mamdani Fuzzy Inference System Using Neuro - Genetic
  Approach for Tactical Air Combat Decision Support System","tree, small consistent decision, consistent decision tree",Business Intelligence from Web Usage Mining,2,"fuzzy inference, fuzzy inference system"
262,"Adaptation of Mamdani Fuzzy Inference System Using Neuro - Genetic
  Approach for Tactical Air Combat Decision Support System","tree, small consistent decision, consistent decision tree","EvoNF: A Framework for Optimization of Fuzzy Inference Systems Using
  Neural Network Learning and Evolutionary Computation",2,"fuzzy inference, fuzzy inference system"
263,"EvoNF: A Framework for Optimization of Fuzzy Inference Systems Using
  Neural Network Learning and Evolutionary Computation","learning, datum, model perspective",Terrorism Event Classification Using Fuzzy Inference Systems,4,"fuzzy, fuzzy inference, fuzzy inference system, inference system"
263,"EvoNF: A Framework for Optimization of Fuzzy Inference Systems Using
  Neural Network Learning and Evolutionary Computation","learning, datum, model perspective",Is Neural Network a Reliable Forecaster on Earth? A MARS Query!,3,"network, neural, neural network"
263,"EvoNF: A Framework for Optimization of Fuzzy Inference Systems Using
  Neural Network Learning and Evolutionary Computation","learning, datum, model perspective",Meta-Learning Evolutionary Artificial Neural Networks,3,"neural, neural network, neural network learning"
263,"EvoNF: A Framework for Optimization of Fuzzy Inference Systems Using
  Neural Network Learning and Evolutionary Computation","learning, datum, model perspective","Optimization of Evolutionary Neural Networks Using Hybrid Learning
  Algorithms",3,"learning, neural, neural network"
263,"EvoNF: A Framework for Optimization of Fuzzy Inference Systems Using
  Neural Network Learning and Evolutionary Computation","learning, datum, model perspective",Operations for Learning with Graphical Models,2,"learning, network"
264,"Optimization of Evolutionary Neural Networks Using Hybrid Learning
  Algorithms","learning, datum, model perspective",Meta-Learning Evolutionary Artificial Neural Networks,5,"artificial neural, artificial neural network, evolutionary artificial neural, neural, neural network"
264,"Optimization of Evolutionary Neural Networks Using Hybrid Learning
  Algorithms","learning, datum, model perspective",Is Neural Network a Reliable Forecaster on Earth? A MARS Query!,4,"artificial neural, artificial neural network, neural, neural network"
264,"Optimization of Evolutionary Neural Networks Using Hybrid Learning
  Algorithms","learning, datum, model perspective",Neuro Fuzzy Systems: Sate-of-the-Art Modeling Techniques,3,"artificial neural, artificial neural network, neural network"
264,"Optimization of Evolutionary Neural Networks Using Hybrid Learning
  Algorithms","learning, datum, model perspective","EvoNF: A Framework for Optimization of Fuzzy Inference Systems Using
  Neural Network Learning and Evolutionary Computation",3,"learning, neural, neural network"
264,"Optimization of Evolutionary Neural Networks Using Hybrid Learning
  Algorithms","learning, datum, model perspective",Traffic Accident Analysis Using Decision Trees and Neural Networks,3,"artificial neural network, neural, neural network"
266,Traffic Accident Analysis Using Decision Trees and Neural Networks,"learning, datum, model perspective",Is Neural Network a Reliable Forecaster on Earth? A MARS Query!,3,"artificial neural network, neural, neural network"
266,Traffic Accident Analysis Using Decision Trees and Neural Networks,"learning, datum, model perspective",Meta-Learning Evolutionary Artificial Neural Networks,3,"artificial neural network, neural, neural network"
266,Traffic Accident Analysis Using Decision Trees and Neural Networks,"learning, datum, model perspective","Optimization of Evolutionary Neural Networks Using Hybrid Learning
  Algorithms",3,"artificial neural network, neural, neural network"
266,Traffic Accident Analysis Using Decision Trees and Neural Networks,"learning, datum, model perspective","Exploring the Decision Forest: An Empirical Investigation of Occam's
  Razor in Decision Tree Induction",2,"decision, decision tree"
266,Traffic Accident Analysis Using Decision Trees and Neural Networks,"learning, datum, model perspective",A System for Induction of Oblique Decision Trees,2,"decision, decision tree"
267,"Short Term Load Forecasting Models in Czech Republic Using Soft
  Computing Paradigms","solving multiclass learning, multiclass, concept learning algorithm",DCT Based Texture Classification Using Soft Computing Approach,2,"soft computing, soft computing model"
267,"Short Term Load Forecasting Models in Czech Republic Using Soft
  Computing Paradigms","solving multiclass learning, multiclass, concept learning algorithm",A Soft Computing Model for Physicians' Decision Process,2,"soft computing, soft computing model"
268,Decision Support Systems Using Intelligent Paradigms,"tree, small consistent decision, consistent decision tree",A Concurrent Fuzzy-Neural Network Approach for Decision Support Systems,9,"action solving, choose among alternative, complicated problem, multi - criterion objective, objective involve, problem multi-criteria, process choose, solving complicated, solving complicated problem"
268,Decision Support Systems Using Intelligent Paradigms,"tree, small consistent decision, consistent decision tree","Adaptation of Mamdani Fuzzy Inference System Using Neuro - Genetic
  Approach for Tactical Air Combat Decision Support System",4,"decision support, decision support system, problem multi-criteria, support system"
268,Decision Support Systems Using Intelligent Paradigms,"tree, small consistent decision, consistent decision tree","Multiagent Approach for the Representation of Information in a Decision
  Support System",3,"decision support, decision support system, support system"
268,Decision Support Systems Using Intelligent Paradigms,"tree, small consistent decision, consistent decision tree",Decision Support Systems (DSS) in Construction Tendering Processes,3,"decision support, decision support system, support system"
268,Decision Support Systems Using Intelligent Paradigms,"tree, small consistent decision, consistent decision tree",Indonesian Earthquake Decision Support System,2,"decision support, decision support system"
269,Regression with respect to sensing actions and partial states,"domain, plan, learning temporal difference","A State-Based Regression Formulation for Domains with Sensing
  Actions<br> and Incomplete Information",7,"action, domain, regression, regression function, sensing, sensing action, state - base regression function"
269,Regression with respect to sensing actions and partial states,"domain, plan, learning temporal difference",Knowledge And The Action Description Language A,2,"action, sensing action"
269,Regression with respect to sensing actions and partial states,"domain, plan, learning temporal difference","Reasoning and Planning with Sensing Actions, Incomplete Information, and
  Static Causal Laws using Answer Set Programming",2,"respect, sensing action"
269,Regression with respect to sensing actions and partial states,"domain, plan, learning temporal difference",Semi-Myopic Sensing Plans for Value Optimization,2,"plan, sensing"
270,Propositional Defeasible Logic has Linear Complexity,"function instance - base learning, learning technique typically, technique typically handle",Defeasible Logic Programming: An Argumentative Approach,3,"defeasible, defeasible logic, logic"
270,Propositional Defeasible Logic has Linear Complexity,"function instance - base learning, learning technique typically, technique typically handle","Translating OWL and Semantic Web Rules into Prolog: Moving Toward
  Description Logic Programs",2,"logic, rule"
271,Pruning Search Space in Defeasible Argumentation,"function instance - base learning, learning technique typically, technique typically handle",Defeasible Logic Programming: An Argumentative Approach,3,"argumentation, defeasible, defeasible argumentation"
271,Pruning Search Space in Defeasible Argumentation,"function instance - base learning, learning technique typically, technique typically handle",Integrating Defeasible Argumentation and Machine Learning Techniques,3,"argumentation, defeasible, defeasible argumentation"
276,Decomposition Based Search - A theoretical and experimental evaluation,"equivalent, translation problem, horn",Decomposition During Search for Propagation-Based Constraint Solvers,2,"decomposition, search"
277,Postponing Branching Decisions,"language, account semantic property, decompose solve","Certainty Closure: Reliable Constraint Reasoning with Incomplete or
  Erroneous Data",2,"optimisation problem, satisfaction optimisation"
279,A Simple Proportional Conflict Redistribution Rule,"proportional conflict, proportional conflict redistribution, conflict redistribution",Proportional Conflict Redistribution Rules for Information Fusion,5,"conflict redistribution, conflict redistribution rule, proportional conflict, proportional conflict redistribution, redistribution rule"
279,A Simple Proportional Conflict Redistribution Rule,"proportional conflict, proportional conflict redistribution, conflict redistribution","A new generalization of the proportional conflict redistribution rule
  stable in terms of decision",5,"conflict redistribution, conflict redistribution rule, proportional conflict, proportional conflict redistribution, redistribution rule"
279,A Simple Proportional Conflict Redistribution Rule,"proportional conflict, proportional conflict redistribution, conflict redistribution","Importance of Sources using the Repeated Fusion Method and the
  Proportional Conflict Redistribution Rules #5 and #6",5,"conflict redistribution, conflict redistribution rule, proportional conflict, proportional conflict redistribution, redistribution rule"
279,A Simple Proportional Conflict Redistribution Rule,"proportional conflict, proportional conflict redistribution, conflict redistribution","Adaptative combination rule and proportional conflict redistribution
  rule for information fusion",4,"conflict redistribution, conflict redistribution rule, proportional conflict, proportional conflict redistribution"
279,A Simple Proportional Conflict Redistribution Rule,"proportional conflict, proportional conflict redistribution, conflict redistribution","An In-Depth Look at Information Fusion Rules & the Unification of Fusion
  Theories",2,"conflict redistribution rule, proportional conflict redistribution"
281,FLUX: A Logic Programming Method for Reasoning Agents,"search problem, evaluation method, program",ACLP: Integrating Abduction and Constraint Solving,2,"logic programming, programming"
281,FLUX: A Logic Programming Method for Reasoning Agents,"search problem, evaluation method, program",Defeasible Logic Programming: An Argumentative Approach,2,"logic programming, programming"
281,FLUX: A Logic Programming Method for Reasoning Agents,"search problem, evaluation method, program",Parametric Connectives in Disjunctive Logic Programming,2,"logic programming, programming"
281,FLUX: A Logic Programming Method for Reasoning Agents,"search problem, evaluation method, program",On the Expressibility of Stable Logic Programming,2,"logic programming, programming"
281,FLUX: A Logic Programming Method for Reasoning Agents,"search problem, evaluation method, program",Logic programming with social features,2,"logic programming, programming"
282,"Cauchy Annealing Schedule: An Annealing Schedule for Boltzmann Selection
  Scheme in Evolutionary Algorithms","algorithm, transformational plan, domain - independent algorithm",Anisotropic selection in cellular genetic algorithms,2,"selection, selection scheme"
283,Proportional Conflict Redistribution Rules for Information Fusion,"proportional conflict, proportional conflict redistribution, conflict redistribution","A new generalization of the proportional conflict redistribution rule
  stable in terms of decision",6,"conflict, conflict redistribution, conflict redistribution rule, proportional conflict, proportional conflict redistribution, redistribution rule"
283,Proportional Conflict Redistribution Rules for Information Fusion,"proportional conflict, proportional conflict redistribution, conflict redistribution",A Simple Proportional Conflict Redistribution Rule,5,"conflict redistribution, conflict redistribution rule, proportional conflict, proportional conflict redistribution, redistribution rule"
283,Proportional Conflict Redistribution Rules for Information Fusion,"proportional conflict, proportional conflict redistribution, conflict redistribution","Importance of Sources using the Repeated Fusion Method and the
  Proportional Conflict Redistribution Rules #5 and #6",5,"conflict redistribution, conflict redistribution rule, proportional conflict, proportional conflict redistribution, redistribution rule"
283,Proportional Conflict Redistribution Rules for Information Fusion,"proportional conflict, proportional conflict redistribution, conflict redistribution","Adaptative combination rule and proportional conflict redistribution
  rule for information fusion",4,"conflict redistribution, conflict redistribution rule, proportional conflict, proportional conflict redistribution"
283,Proportional Conflict Redistribution Rules for Information Fusion,"proportional conflict, proportional conflict redistribution, conflict redistribution","An In-Depth Look at Information Fusion Rules & the Unification of Fusion
  Theories",3,"conflict redistribution rule, information fusion, proportional conflict redistribution"
285,Unification of Fusion Theories,"fundamental principle underlying, comparative analysis, underlying partial - order plan",Tractability of Theory Patching,2,"problem, theory"
286,Normal forms for Answer Sets Programming,"search problem, evaluation method, program",Fages' Theorem and Answer Set Programming,6,"answer, answer set, answer set programming, answer set semantics, set, set programming"
286,Normal forms for Answer Sets Programming,"search problem, evaluation method, program",A semantic framework for preference handling in answer set programming,6,"answer, answer set, answer set programming, answer set semantics, set, set programming"
286,Normal forms for Answer Sets Programming,"search problem, evaluation method, program","Towards Automated Integration of Guess and Check Programs in Answer Set
  Programming: A Meta-Interpreter and Applications",6,"answer, answer set, answer set programming, answer set semantics, program, set programming"
286,Normal forms for Answer Sets Programming,"search problem, evaluation method, program",Open Answer Set Programming with Guarded Programs,6,"answer, answer set, answer set programming, answer set semantics, set, set programming"
286,Normal forms for Answer Sets Programming,"search problem, evaluation method, program",Logic Programs with Compiled Preferences,5,"answer, answer set, answer set semantics, program, set"
287,"An In-Depth Look at Information Fusion Rules & the Unification of Fusion
  Theories","proportional conflict, proportional conflict redistribution, conflict redistribution",Proportional Conflict Redistribution Rules for Information Fusion,3,"conflict redistribution rule, information fusion, proportional conflict redistribution"
287,"An In-Depth Look at Information Fusion Rules & the Unification of Fusion
  Theories","proportional conflict, proportional conflict redistribution, conflict redistribution",A Simple Proportional Conflict Redistribution Rule,2,"conflict redistribution rule, proportional conflict redistribution"
287,"An In-Depth Look at Information Fusion Rules & the Unification of Fusion
  Theories","proportional conflict, proportional conflict redistribution, conflict redistribution","Adaptative combination rule and proportional conflict redistribution
  rule for information fusion",2,"conflict redistribution rule, proportional conflict redistribution"
287,"An In-Depth Look at Information Fusion Rules & the Unification of Fusion
  Theories","proportional conflict, proportional conflict redistribution, conflict redistribution","A new generalization of the proportional conflict redistribution rule
  stable in terms of decision",2,"conflict redistribution rule, proportional conflict redistribution"
287,"An In-Depth Look at Information Fusion Rules & the Unification of Fusion
  Theories","proportional conflict, proportional conflict redistribution, conflict redistribution","Importance of Sources using the Repeated Fusion Method and the
  Proportional Conflict Redistribution Rules #5 and #6",2,"conflict redistribution rule, proportional conflict redistribution"
291,"Generating Conditional Probabilities for Bayesian Networks: Easing the
  Knowledge Acquisition Problem","quality, bayesian network, conditional probability",Exploiting Causal Independence in Bayesian Network Inference,2,"bayesian network, conditional probability"
294,"The Combination of Paradoxical, Uncertain, and Imprecise Sources of
  Information based on DSmT and Neutro-Fuzzy Inference","proportional conflict, proportional conflict redistribution, conflict redistribution","An Introduction to the DSm Theory for the Combination of Paradoxical,
  Uncertain, and Imprecise Sources of Information",15,"conflict source, development reliable, high conflict, high conflict source, information system involve, involve artificial, involve artificial reasoning, modern information system, primal importance, reliable modern, reliable modern information, remain today, source information, system involve, system involve artificial"
294,"The Combination of Paradoxical, Uncertain, and Imprecise Sources of
  Information based on DSmT and Neutro-Fuzzy Inference","proportional conflict, proportional conflict redistribution, conflict redistribution",An introduction to DSmT,13,"conflict source, development reliable, high conflict source, information system involve, involve artificial, involve artificial reasoning, modern information system, primal importance, reliable modern, reliable modern information, remain today, system involve, system involve artificial"
294,"The Combination of Paradoxical, Uncertain, and Imprecise Sources of
  Information based on DSmT and Neutro-Fuzzy Inference","proportional conflict, proportional conflict redistribution, conflict redistribution",DSmT: A new paradigm shift for information fusion,6,"conflict source, development reliable, high conflict, high conflict source, primal importance, source information"
295,"Learning to automatically detect features for mobile robots using
  second-order Hidden Markov Models","introduce framework, model, foundation",A study of structural properties on profiles HMMs,2,"hide markov, hide markov model"
296,Inferring knowledge from a large semantic network,"learning, datum, model perspective",Using RDF to Model the Structure and Process of Systems,3,"network, semantic, semantic network"
296,Inferring knowledge from a large semantic network,"learning, datum, model perspective",Mean Field Theory for Sigmoid Belief Networks,2,"network, network base"
296,Inferring knowledge from a large semantic network,"learning, datum, model perspective",Modeling Computations in a Semantic Network,2,"semantic, semantic network"
297,"Towards Automated Integration of Guess and Check Programs in Answer Set
  Programming: A Meta-Interpreter and Applications","search problem, evaluation method, program",Normal forms for Answer Sets Programming,6,"answer, answer set, answer set programming, answer set semantics, program, set programming"
297,"Towards Automated Integration of Guess and Check Programs in Answer Set
  Programming: A Meta-Interpreter and Applications","search problem, evaluation method, program",Logic Programs with Compiled Preferences,5,"answer, answer set, answer set semantics, logic program, program"
297,"Towards Automated Integration of Guess and Check Programs in Answer Set
  Programming: A Meta-Interpreter and Applications","search problem, evaluation method, program",Smodels: A System for Answer Set Programming,5,"answer set, answer set programming, logic program, program, set programming"
297,"Towards Automated Integration of Guess and Check Programs in Answer Set
  Programming: A Meta-Interpreter and Applications","search problem, evaluation method, program",Fages' Theorem and Answer Set Programming,5,"answer, answer set, answer set programming, answer set semantics, set programming"
297,"Towards Automated Integration of Guess and Check Programs in Answer Set
  Programming: A Meta-Interpreter and Applications","search problem, evaluation method, program",A semantic framework for preference handling in answer set programming,5,"answer, answer set, answer set programming, answer set semantics, set programming"
301,Corpus based Enrichment of GermaNet Verb Frames,"belief, paper introduce, class",Context Related Derivation of Word Senses,5,"application natural, language document, language document processing, natural language, natural language document"
302,Context Related Derivation of Word Senses,"belief, paper introduce, class",Corpus based Enrichment of GermaNet Verb Frames,5,"application natural, language document, language document processing, natural language, natural language document"
306,"Estimating Classification Uncertainty of Bayesian Decision Tree
  Technique on Financial Data","underlying, classification, performance problem","Comparison of the Bayesian and Randomised Decision Tree Ensembles within
  an Uncertainty Envelope Technique",4,"classification, classification uncertainty, crucial importance, uncertainty"
307,"Comparison of the Bayesian and Randomised Decision Tree Ensembles within
  an Uncertainty Envelope Technique","underlying, classification, performance problem","Estimating Classification Uncertainty of Bayesian Decision Tree
  Technique on Financial Data",4,"classification, classification uncertainty, crucial importance, uncertainty"
308,Proceedings of the Pacific Knowledge Acquisition Workshop 2004,"knowledge basis, knowledge, adaptation",A Hierarchy of Tractable Subsets for Computing Stable Models,2,"artificial intelligence, knowledge"
308,Proceedings of the Pacific Knowledge Acquisition Workshop 2004,"knowledge basis, knowledge, adaptation",Adaptation Knowledge Discovery from a Case Base,2,"knowledge, knowledge acquisition"
308,Proceedings of the Pacific Knowledge Acquisition Workshop 2004,"knowledge basis, knowledge, adaptation",Case Base Mining for Adaptation Knowledge Acquisition,2,"knowledge, knowledge acquisition"
311,A Constrained Object Model for Configuration Based Workflow Composition,"probabilistic, number effort, effort",Enhanced Integrated Scoring for Cleaning Dirty Texts,3,"wide web, world wide, world wide web"
315,Planning with Preferences using Logic Programming,"search problem, evaluation method, program",Least Generalizations and Greatest Specializations of Sets of Clauses,2,"language, logic programming"
315,Planning with Preferences using Logic Programming,"search problem, evaluation method, program",Logic Programs with Compiled Preferences,2,"logic, preference"
315,Planning with Preferences using Logic Programming,"search problem, evaluation method, program",A Framework for Compiling Preferences in Logic Programs,2,"logic, preference"
315,Planning with Preferences using Logic Programming,"search problem, evaluation method, program",Defeasible Logic Programming: An Argumentative Approach,2,"logic, logic programming"
315,Planning with Preferences using Logic Programming,"search problem, evaluation method, program","Abductive Logic Programs with Penalization: Semantics, Complexity and
  Implementation",2,"logic, logic programming"
316,"Clustering Mixed Numeric and Categorical Data: A Cluster Ensemble
  Approach","paper, year, machine",K-Histograms: An Efficient Clustering Algorithm for Categorical Dataset,5,"algorithm, categorical, clustering, datum, datum mining"
316,"Clustering Mixed Numeric and Categorical Data: A Cluster Ensemble
  Approach","paper, year, machine",Approximation Algorithms for K-Modes Clustering,3,"categorical, clustering, datum"
316,"Clustering Mixed Numeric and Categorical Data: A Cluster Ensemble
  Approach","paper, year, machine",Operations for Learning with Graphical Models,2,"algorithm, datum"
316,"Clustering Mixed Numeric and Categorical Data: A Cluster Ensemble
  Approach","paper, year, machine",Iterative Optimization and Simplification of Hierarchical Clusterings,2,"clustering, datum"
316,"Clustering Mixed Numeric and Categorical Data: A Cluster Ensemble
  Approach","paper, year, machine",A Model for Managing Collections of Patterns,2,"datum, datum mining"
317,K-Histograms: An Efficient Clustering Algorithm for Categorical Dataset,"paper, year, machine","Clustering Mixed Numeric and Categorical Data: A Cluster Ensemble
  Approach",5,"algorithm, categorical, clustering, datum, datum mining"
317,K-Histograms: An Efficient Clustering Algorithm for Categorical Dataset,"paper, year, machine",Approximation Algorithms for K-Modes Clustering,4,"categorical, categorical datum, clustering, datum"
317,K-Histograms: An Efficient Clustering Algorithm for Categorical Dataset,"paper, year, machine",Operations for Learning with Graphical Models,2,"algorithm, datum"
317,K-Histograms: An Efficient Clustering Algorithm for Categorical Dataset,"paper, year, machine",Iterative Optimization and Simplification of Hierarchical Clusterings,2,"clustering, datum"
317,K-Histograms: An Efficient Clustering Algorithm for Categorical Dataset,"paper, year, machine","Farthest-Point Heuristic based Initialization Methods for K-Modes
  Clustering",2,"categorical datum, clustering"
319,"Using Interval Particle Filtering for Marker less 3D Human Motion
  Capture","seemingly minor aspect, cognitive modeling, heat debate",Markerless Human Motion Capture for Gait Analysis,3,"human motion, human motion capture, motion capture"
320,Markerless Human Motion Capture for Gait Analysis,"seemingly minor aspect, cognitive modeling, heat debate","Using Interval Particle Filtering for Marker less 3D Human Motion
  Capture",3,"human motion, human motion capture, motion capture"
329,Mathematical Models in Schema Theory,"deficient domain, theory revision, revision problem",On Building a Knowledge Base for Stability Theory,2,"mathematical, theory"
330,Truecluster: robust scalable clustering with model selection,"algorithm, transformational plan, domain - independent algorithm",Finite element model selection using Particle Swarm Optimization,2,"model, model selection"
333,"Certainty Closure: Reliable Constraint Reasoning with Incomplete or
  Erroneous Data","language, account semantic property, decompose solve",Postponing Branching Decisions,2,"optimisation problem, satisfaction optimisation"
334,Avoiding the Bloat with Stochastic Grammar-based Genetic Programming,"function instance - base learning, learning technique typically, technique typically handle",SYNERGY: A Linear Planner Based on Genetic Programming,2,"genetic, genetic programming"
336,Open Answer Set Programming with Guarded Programs,"search problem, evaluation method, program",A semantic framework for preference handling in answer set programming,7,"answer, answer set, answer set programming, answer set semantics, programming, set, set programming"
336,Open Answer Set Programming with Guarded Programs,"search problem, evaluation method, program",Fages' Theorem and Answer Set Programming,6,"answer, answer set, answer set programming, answer set semantics, set, set programming"
336,Open Answer Set Programming with Guarded Programs,"search problem, evaluation method, program",Normal forms for Answer Sets Programming,6,"answer, answer set, answer set programming, answer set semantics, set, set programming"
336,Open Answer Set Programming with Guarded Programs,"search problem, evaluation method, program",An Application of Proof-Theory in Answer Set Programming,6,"answer, answer set, answer set programming, programming, set, set programming"
336,Open Answer Set Programming with Guarded Programs,"search problem, evaluation method, program",Logic Programs with Compiled Preferences,5,"answer, answer set, answer set semantics, set, set semantics"
337,Metatheory of actions: beyond consistency,"domain, plan, learning temporal difference","E-RES: A System for Reasoning about Actions, Events and Observations",3,"action, reasoning, reasoning action"
337,Metatheory of actions: beyond consistency,"domain, plan, learning temporal difference",Handling Defeasibilities in Action Domains,2,"action, reasoning"
338,"Estimation of linear, non-gaussian causal models in the presence of
  confounding latent variables","introduce framework, model, foundation","Causes and Explanations: A Structural-Model Approach, Part I: Causes",3,"equation model, model, structural equation"
338,"Estimation of linear, non-gaussian causal models in the presence of
  confounding latent variables","introduce framework, model, foundation","Causes and Explanations: A Structural-Model Approach. Part II:
  Explanations",2,"equation model, structural equation"
340,Approximation Algorithms for K-Modes Clustering,"paper, year, machine",K-Histograms: An Efficient Clustering Algorithm for Categorical Dataset,4,"categorical, categorical datum, clustering, datum"
340,Approximation Algorithms for K-Modes Clustering,"paper, year, machine","Farthest-Point Heuristic based Initialization Methods for K-Modes
  Clustering",4,"categorical datum, categorical datum clustering, clustering, datum clustering problem"
340,Approximation Algorithms for K-Modes Clustering,"paper, year, machine","Clustering Mixed Numeric and Categorical Data: A Cluster Ensemble
  Approach",3,"categorical, clustering, datum"
340,Approximation Algorithms for K-Modes Clustering,"paper, year, machine",Attribute Value Weighting in K-Modes Clustering,3,"clustering, k- mode, paper"
340,Approximation Algorithms for K-Modes Clustering,"paper, year, machine",Iterative Optimization and Simplification of Hierarchical Clusterings,2,"clustering, datum"
341,Can an Organism Adapt Itself to Unforeseen Circumstances?,"information, modify, formulas",Intelligent Systems: Architectures and Perspectives,3,"intelligent, intelligent system, system"
341,Can an Organism Adapt Itself to Unforeseen Circumstances?,"information, modify, formulas",Conscious Intelligent Systems - Part 1 : I X I,3,"intelligent, intelligent system, system"
341,Can an Organism Adapt Itself to Unforeseen Circumstances?,"information, modify, formulas","Conscious Intelligent Systems - Part II - Mind, Thought, Language and
  Understanding",3,"intelligent, intelligent system, system"
341,Can an Organism Adapt Itself to Unforeseen Circumstances?,"information, modify, formulas",Operations for Learning with Graphical Models,2,"learning, model"
341,Can an Organism Adapt Itself to Unforeseen Circumstances?,"information, modify, formulas",Anticipatory Guidance of Plot,2,"model, system"
342,"Adaptative combination rule and proportional conflict redistribution
  rule for information fusion","proportional conflict, proportional conflict redistribution, conflict redistribution",A Simple Proportional Conflict Redistribution Rule,4,"conflict redistribution, conflict redistribution rule, proportional conflict, proportional conflict redistribution"
342,"Adaptative combination rule and proportional conflict redistribution
  rule for information fusion","proportional conflict, proportional conflict redistribution, conflict redistribution",Proportional Conflict Redistribution Rules for Information Fusion,4,"conflict redistribution, conflict redistribution rule, proportional conflict, proportional conflict redistribution"
342,"Adaptative combination rule and proportional conflict redistribution
  rule for information fusion","proportional conflict, proportional conflict redistribution, conflict redistribution","A new generalization of the proportional conflict redistribution rule
  stable in terms of decision",4,"conflict redistribution, conflict redistribution rule, proportional conflict, proportional conflict redistribution"
342,"Adaptative combination rule and proportional conflict redistribution
  rule for information fusion","proportional conflict, proportional conflict redistribution, conflict redistribution","Importance of Sources using the Repeated Fusion Method and the
  Proportional Conflict Redistribution Rules #5 and #6",4,"conflict redistribution, conflict redistribution rule, proportional conflict, proportional conflict redistribution"
342,"Adaptative combination rule and proportional conflict redistribution
  rule for information fusion","proportional conflict, proportional conflict redistribution, conflict redistribution",On rho in a Decision-Theoretic Apparatus of Dempster-Shafer Theory,2,"belief function, dempster - shafer theory"
343,Retraction and Generalized Extension of Computing with Words,"subdue discovery system, substructure, identify interesting",A Fuzzy Petri Nets Model for Computing With Words,5,"computing, computing word, formal model, fuzzy, word"
343,Retraction and Generalized Extension of Computing with Words,"subdue discovery system, substructure, identify interesting",A multivalued knowledge-base model,2,"fuzzy, model"
346,"Reasoning and Planning with Sensing Actions, Incomplete Information, and
  Static Causal Laws using Answer Set Programming","domain, plan, learning temporal difference",Smodels: A System for Answer Set Programming,3,"answer set, answer set programming, set programming"
346,"Reasoning and Planning with Sensing Actions, Incomplete Information, and
  Static Causal Laws using Answer Set Programming","domain, plan, learning temporal difference",Fages' Theorem and Answer Set Programming,3,"answer set, answer set programming, set programming"
346,"Reasoning and Planning with Sensing Actions, Incomplete Information, and
  Static Causal Laws using Answer Set Programming","domain, plan, learning temporal difference",A semantic framework for preference handling in answer set programming,3,"answer set, answer set programming, set programming"
346,"Reasoning and Planning with Sensing Actions, Incomplete Information, and
  Static Causal Laws using Answer Set Programming","domain, plan, learning temporal difference",Normal forms for Answer Sets Programming,3,"answer set, answer set programming, set programming"
346,"Reasoning and Planning with Sensing Actions, Incomplete Information, and
  Static Causal Laws using Answer Set Programming","domain, plan, learning temporal difference","Towards Automated Integration of Guess and Check Programs in Answer Set
  Programming: A Meta-Interpreter and Applications",3,"answer set, answer set programming, set programming"
347,"Approximate Discrete Probability Distribution Representation using a
  Multi-Resolution Binary Tree","quality, bayesian network, conditional probability",Utility-Probability Duality,2,"probability, probability distribution"
347,"Approximate Discrete Probability Distribution Representation using a
  Multi-Resolution Binary Tree","quality, bayesian network, conditional probability","Convergence of Expected Utilities with Algorithmic Probability
  Distributions",2,"probability, probability distribution"
348,Diagnosability of Fuzzy Discrete Event Systems,"proportional conflict, proportional conflict redistribution, conflict redistribution",Decentralized Failure Diagnosis of Stochastic Discrete Event Systems,4,"discrete event, discrete event system, event system, failure diagnosis"
349,Classification of Ordinal Data,"learning, datum, model perspective",Operations for Learning with Graphical Models,2,"datum, learning"
349,Classification of Ordinal Data,"learning, datum, model perspective",An Integrated Framework for Learning and Reasoning,2,"learning, neural network"
349,Classification of Ordinal Data,"learning, datum, model perspective",Is Neural Network a Reliable Forecaster on Earth? A MARS Query!,2,"datum, neural network"
349,Classification of Ordinal Data,"learning, datum, model perspective","EvoNF: A Framework for Optimization of Fuzzy Inference Systems Using
  Neural Network Learning and Evolutionary Computation",2,"learning, neural network"
349,Classification of Ordinal Data,"learning, datum, model perspective","Optimization of Evolutionary Neural Networks Using Hybrid Learning
  Algorithms",2,"learning, neural network"
350,Imagination as Holographic Processor for Text Animation,"artificial intelligence, problem solver, intelligence",The Road to Quantum Artificial Intelligence,2,"artificial intelligence, intelligence"
350,Imagination as Holographic Processor for Text Animation,"artificial intelligence, problem solver, intelligence",Universal Intelligence: A Definition of Machine Intelligence,2,"artificial intelligence, intelligence"
350,Imagination as Holographic Processor for Text Animation,"artificial intelligence, problem solver, intelligence",Tests of Machine Intelligence,2,"artificial intelligence, intelligence"
350,Imagination as Holographic Processor for Text Animation,"artificial intelligence, problem solver, intelligence",Artificial Intelligence Techniques for Steam Generator Modelling,2,"artificial intelligence, intelligence"
351,Belief Calculus,"belief, paper introduce, class",The Cumulative Rule for Belief Fusion,2,"belief, dempster - shafer belief theory"
351,Belief Calculus,"belief, paper introduce, class","Implementing general belief function framework with a practical
  codification for low complexity",2,"belief, general belief"
351,Belief Calculus,"belief, paper introduce, class",A new probabilistic transformation of belief mass assignment,2,"belief mass, frame discernment"
352,The Cumulative Rule for Belief Fusion,"belief, paper introduce, class",Belief Calculus,2,"belief, dempster - shafer belief theory"
352,The Cumulative Rule for Belief Fusion,"belief, paper introduce, class",Belief Conditioning Rules (BCRs),2,"belief, rule"
352,The Cumulative Rule for Belief Fusion,"belief, paper introduce, class",Qualitative Belief Conditioning Rules (QBCR),2,"belief, rule"
352,The Cumulative Rule for Belief Fusion,"belief, paper introduce, class",General combination rules for qualitative and quantitative beliefs,2,"belief, rule"
354,Belief Conditioning Rules (BCRs),"belief, paper introduce, class",Qualitative Belief Conditioning Rules (QBCR),7,"belief, belief conditioning, belief conditioning rule, belief revision, conditioning, conditioning rule, rule"
354,Belief Conditioning Rules (BCRs),"belief, paper introduce, class",Optimal Belief Revision,3,"belief, belief revision, revision"
354,Belief Conditioning Rules (BCRs),"belief, paper introduce, class",SATEN: An Object-Oriented Web-Based Revision and Extraction Engine,3,"belief, belief revision, revision"
354,Belief Conditioning Rules (BCRs),"belief, paper introduce, class",Distance Semantics for Belief Revision,3,"belief, belief revision, revision"
354,Belief Conditioning Rules (BCRs),"belief, paper introduce, class",Belief Revision and Rational Inference,3,"belief, belief revision, revision"
355,Islands for SAT,"erase meaningful progress, search tree, solving search",When Gravity Fails: Local Search Topology,2,"local search, search"
355,Islands for SAT,"erase meaningful progress, search tree, solving search",Foundations of the Pareto Iterated Local Search Metaheuristic,2,"local search, search"
355,Islands for SAT,"erase meaningful progress, search tree, solving search",Online Estimation of SAT Solving Runtime,2,"sit, sit problem"
355,Islands for SAT,"erase meaningful progress, search tree, solving search",Online Search Cost Estimation for SAT Solvers,2,"search, sit"
355,Islands for SAT,"erase meaningful progress, search tree, solving search","A Local Search Modeling for Constrained Optimum Paths Problems (Extended
  Abstract)",2,"local search, search"
356,About Norms and Causes,"discourse, interest, discourse processing",Representing Knowledge about Norms,2,"domain, norm"
357,Representing Knowledge about Norms,"erase meaningful progress, search tree, solving search",Generalization of Clauses under Implication,3,"base logical, implication, logical implication"
357,Representing Knowledge about Norms,"erase meaningful progress, search tree, solving search",A Hierarchy of Tractable Subsets for Computing Stable Models,2,"base, knowledge"
357,Representing Knowledge about Norms,"erase meaningful progress, search tree, solving search",A Consistency-Based Model for Belief Change: Preliminary Report,2,"base, knowledge"
357,Representing Knowledge about Norms,"erase meaningful progress, search tree, solving search",What does a conditional knowledge base entail?,2,"base, knowledge"
357,Representing Knowledge about Norms,"erase meaningful progress, search tree, solving search",About Norms and Causes,2,"domain, norm"
358,"Target Type Tracking with PCR5 and Dempster's rules: A Comparative
  Analysis","fundamental principle underlying, comparative analysis, underlying partial - order plan",Tracking object's type changes with fuzzy based fusion rule,5,"attribute datum, attribute datum fusion, dempster fusion rule, rule, target type estimation"
359,Fusion of qualitative beliefs using DSmT,"belief, paper introduce, class",Enrichment of Qualitative Beliefs for Reasoning under Uncertainty,4,"express natural, linguistic label, natural language, qualitative"
359,Fusion of qualitative beliefs using DSmT,"belief, paper introduce, class",Qualitative Belief Conditioning Rules (QBCR),3,"belief, qualitative belief, qualitative belief assignment"
359,Fusion of qualitative beliefs using DSmT,"belief, paper introduce, class",A Consistency-Based Model for Belief Change: Preliminary Report,2,"belief, model belief"
359,Fusion of qualitative beliefs using DSmT,"belief, paper introduce, class",Value Based Argumentation Frameworks,2,"introduce notion, paper introduce"
359,Fusion of qualitative beliefs using DSmT,"belief, paper introduce, class",Belief Conditioning Rules (BCRs),2,"belief, belief assignment"
360,"An Introduction to the DSm Theory for the Combination of Paradoxical,
  Uncertain, and Imprecise Sources of Information","proportional conflict, proportional conflict redistribution, conflict redistribution","The Combination of Paradoxical, Uncertain, and Imprecise Sources of
  Information based on DSmT and Neutro-Fuzzy Inference",15,"conflict source, development reliable, high conflict, high conflict source, information system involve, involve artificial, involve artificial reasoning, modern information system, primal importance, reliable modern, reliable modern information, remain today, source information, system involve, system involve artificial"
360,"An Introduction to the DSm Theory for the Combination of Paradoxical,
  Uncertain, and Imprecise Sources of Information","proportional conflict, proportional conflict redistribution, conflict redistribution",An introduction to DSmT,13,"conflict source, development reliable, high conflict source, information system involve, involve artificial, involve artificial reasoning, modern information system, primal importance, reliable modern, reliable modern information, remain today, system involve, system involve artificial"
360,"An Introduction to the DSm Theory for the Combination of Paradoxical,
  Uncertain, and Imprecise Sources of Information","proportional conflict, proportional conflict redistribution, conflict redistribution",DSmT: A new paradigm shift for information fusion,6,"conflict source, development reliable, high conflict, high conflict source, primal importance, source information"
361,Relation Variables in Qualitative Spatial Reasoning,"language, account semantic property, decompose solve",MUSE CSP: An Extension to the Constraint Satisfaction Problem,4,"constraint satisfaction, constraint satisfaction problem, problem, satisfaction problem"
361,Relation Variables in Qualitative Spatial Reasoning,"language, account semantic property, decompose solve",Breaking Value Symmetry,4,"constraint satisfaction, constraint satisfaction problem, problem, satisfaction problem"
361,Relation Variables in Qualitative Spatial Reasoning,"language, account semantic property, decompose solve",Symmetry within Solutions,4,"constraint satisfaction, constraint satisfaction problem, problem, satisfaction problem"
361,Relation Variables in Qualitative Spatial Reasoning,"language, account semantic property, decompose solve",Using Pivot Consistency to Decompose and Solve Functional CSPs,3,"constraint satisfaction, constraint satisfaction problem, satisfaction problem"
361,Relation Variables in Qualitative Spatial Reasoning,"language, account semantic property, decompose solve",A Complete Classification of Tractability in RCC-5,3,"reasoning, spatial, spatial reasoning"
362,Using Sets of Probability Measures to Represent Uncertainty,"quality, bayesian network, conditional probability",Updating Sets of Probabilities,5,"measure, probability, probability measure, set, set probability"
362,Using Sets of Probability Measures to Represent Uncertainty,"quality, bayesian network, conditional probability",Conditional Plausibility Measures and Bayesian Networks,2,"measure, probability measure"
363,"A State-Based Regression Formulation for Domains with Sensing
  Actions<br> and Incomplete Information","domain, plan, learning temporal difference",Regression with respect to sensing actions and partial states,7,"action, domain, regression, regression function, sensing, sensing action, state - base regression function"
363,"A State-Based Regression Formulation for Domains with Sensing
  Actions<br> and Incomplete Information","domain, plan, learning temporal difference",Planning with Incomplete Information,2,"incomplete information, information"
363,"A State-Based Regression Formulation for Domains with Sensing
  Actions<br> and Incomplete Information","domain, plan, learning temporal difference",Knowledge And The Action Description Language A,2,"action, sensing action"
363,"A State-Based Regression Formulation for Domains with Sensing
  Actions<br> and Incomplete Information","domain, plan, learning temporal difference","Reasoning and Planning with Sensing Actions, Incomplete Information, and
  Static Causal Laws using Answer Set Programming",2,"incomplete information, sensing action"
364,Semantic Description of Parameters in Web Service Annotations,"subdue discovery system, substructure, identify interesting",A Neutrosophic Description Logic,2,"description, description logic"
364,Semantic Description of Parameters in Web Service Annotations,"subdue discovery system, substructure, identify interesting",Indexer Based Dynamic Web Services Discovery,2,"service, web service"
367,"A Typed Hybrid Description Logic Programming Language with Polymorphic
  Order-Sorted DL-Typed Unification for Semantic Web Type Systems","subdue discovery system, substructure, identify interesting","Translating OWL and Semantic Web Rules into Prolog: Moving Toward
  Description Logic Programs",2,"description logic, description logic program"
368,Why did the accident happen? A norm-based reasoning approach,"information, modify, formulas",Applying GSAT to Non-Clausal Formulas,2,"describe, paper describe"
368,Why did the accident happen? A norm-based reasoning approach,"information, modify, formulas",Defeasible Reasoning in OSCAR,2,"reasoning, system"
368,Why did the accident happen? A norm-based reasoning approach,"information, modify, formulas","E-RES: A System for Reasoning about Actions, Events and Observations",2,"reasoning, system"
368,Why did the accident happen? A norm-based reasoning approach,"information, modify, formulas",Une expérience de sémantique inférentielle,2,"accident, system"
369,Une expérience de sémantique inférentielle,"graphical model, graphical, case study",Why did the accident happen? A norm-based reasoning approach,2,"accident, system"
370,"Farthest-Point Heuristic based Initialization Methods for K-Modes
  Clustering","paper, year, machine",Approximation Algorithms for K-Modes Clustering,4,"categorical datum, categorical datum clustering, clustering, datum clustering problem"
370,"Farthest-Point Heuristic based Initialization Methods for K-Modes
  Clustering","paper, year, machine",K-Histograms: An Efficient Clustering Algorithm for Categorical Dataset,2,"categorical datum, clustering"
374,Adaptation Knowledge Discovery from a Case Base,"knowledge basis, knowledge, adaptation",Case Base Mining for Adaptation Knowledge Acquisition,5,"adaptation knowledge, adaptation knowledge acquisition, case base, knowledge, knowledge acquisition"
374,Adaptation Knowledge Discovery from a Case Base,"knowledge basis, knowledge, adaptation",Opportunistic Adaptation Knowledge Discovery,4,"adaptation knowledge, adaptation knowledge discovery, case - base reasoning, knowledge discovery"
374,Adaptation Knowledge Discovery from a Case Base,"knowledge basis, knowledge, adaptation",Proceedings of the Pacific Knowledge Acquisition Workshop 2004,2,"knowledge, knowledge acquisition"
375,Decentralized Failure Diagnosis of Stochastic Discrete Event Systems,"proportional conflict, proportional conflict redistribution, conflict redistribution",Diagnosability of Fuzzy Discrete Event Systems,4,"discrete event, discrete event system, event system, failure diagnosis"
376,DSmT: A new paradigm shift for information fusion,"proportional conflict, proportional conflict redistribution, conflict redistribution","The Combination of Paradoxical, Uncertain, and Imprecise Sources of
  Information based on DSmT and Neutro-Fuzzy Inference",6,"conflict source, development reliable, high conflict, high conflict source, primal importance, source information"
376,DSmT: A new paradigm shift for information fusion,"proportional conflict, proportional conflict redistribution, conflict redistribution","An Introduction to the DSm Theory for the Combination of Paradoxical,
  Uncertain, and Imprecise Sources of Information",6,"conflict source, development reliable, high conflict, high conflict source, primal importance, source information"
376,DSmT: A new paradigm shift for information fusion,"proportional conflict, proportional conflict redistribution, conflict redistribution",An introduction to DSmT,4,"conflict source, development reliable, high conflict source, primal importance"
376,DSmT: A new paradigm shift for information fusion,"proportional conflict, proportional conflict redistribution, conflict redistribution",Proportional Conflict Redistribution Rules for Information Fusion,2,"information, information fusion"
379,A Neutrosophic Description Logic,"subdue discovery system, substructure, identify interesting",Semantic Description of Parameters in Web Service Annotations,2,"description, description logic"
379,A Neutrosophic Description Logic,"subdue discovery system, substructure, identify interesting","On the Failure of the Finite Model Property in some Fuzzy Description
  Logics",2,"fuzzy, structure knowledge"
379,A Neutrosophic Description Logic,"subdue discovery system, substructure, identify interesting",A multivalued knowledge-base model,2,"concept, fuzzy"
380,"Genetic Programming for Kernel-based Learning with Co-evolving Subsets
  Selection","seemingly minor aspect, cognitive modeling, heat debate","Fault Classification in Cylinders Using Multilayer Perceptrons, Support
  Vector Machines and Guassian Mixture Models",3,"support vector, support vector machine, vector machine"
380,"Genetic Programming for Kernel-based Learning with Co-evolving Subsets
  Selection","seemingly minor aspect, cognitive modeling, heat debate",On-Line Condition Monitoring using Computational Intelligence,3,"support vector, support vector machine, vector machine"
381,"Functional Brain Imaging with Multi-Objective Multi-Modal Evolutionary
  Optimization","operation, model base, bayesian","Can the whole brain be simpler than its ""parts""?",2,"brain, problem"
382,A Generic Global Constraint based on MDDs,"language, account semantic property, decompose solve",Generic Global Constraints based on MDDs,6,"constraint, generic global, generic global constraint, global, global constraint, global constraint base"
382,A Generic Global Constraint based on MDDs,"language, account semantic property, decompose solve",Learning DTW Global Constraint for Time Series Classification,3,"constraint, global, global constraint"
382,A Generic Global Constraint based on MDDs,"language, account semantic property, decompose solve",Reformulating Global Grammar Constraints,3,"constraint, global, global constraint"
382,A Generic Global Constraint based on MDDs,"language, account semantic property, decompose solve",Combining Symmetry Breaking and Global Constraints,3,"constraint, global, global constraint"
382,A Generic Global Constraint based on MDDs,"language, account semantic property, decompose solve",Decomposition of the NVALUE constraint,3,"constraint, global, global constraint"
383,Conscious Intelligent Systems - Part 1 : I X I,"information, modify, formulas","Conscious Intelligent Systems - Part II - Mind, Thought, Language and
  Understanding",5,"conscious intelligent, conscious intelligent system, intelligent, intelligent system, system"
383,Conscious Intelligent Systems - Part 1 : I X I,"information, modify, formulas",Intelligent Systems: Architectures and Perspectives,3,"intelligent, intelligent system, system"
383,Conscious Intelligent Systems - Part 1 : I X I,"information, modify, formulas",Can an Organism Adapt Itself to Unforeseen Circumstances?,3,"intelligent, intelligent system, system"
383,Conscious Intelligent Systems - Part 1 : I X I,"information, modify, formulas",Modeling Chaotic Behavior of Stock Indices Using Intelligent Paradigms,2,"intelligent, intelligent system"
383,Conscious Intelligent Systems - Part 1 : I X I,"information, modify, formulas",Phase transition in SONFIS&SORST,2,"intelligent, system"
384,"Conscious Intelligent Systems - Part II - Mind, Thought, Language and
  Understanding","information, modify, formulas",Conscious Intelligent Systems - Part 1 : I X I,5,"conscious intelligent, conscious intelligent system, intelligent, intelligent system, system"
384,"Conscious Intelligent Systems - Part II - Mind, Thought, Language and
  Understanding","information, modify, formulas",Intelligent Systems: Architectures and Perspectives,3,"intelligent, intelligent system, system"
384,"Conscious Intelligent Systems - Part II - Mind, Thought, Language and
  Understanding","information, modify, formulas",Can an Organism Adapt Itself to Unforeseen Circumstances?,3,"intelligent, intelligent system, system"
384,"Conscious Intelligent Systems - Part II - Mind, Thought, Language and
  Understanding","information, modify, formulas",Modeling Chaotic Behavior of Stock Indices Using Intelligent Paradigms,2,"intelligent, intelligent system"
384,"Conscious Intelligent Systems - Part II - Mind, Thought, Language and
  Understanding","information, modify, formulas","Multiagent Approach for the Representation of Information in a Decision
  Support System",2,"part, system"
385,Interactive Configuration by Regular String Constraints,"graphical model, graphical, case study",BDD-based reasoning in the fluent calculus - first results,3,"binary decision, binary decision diagram, decision diagram"
386,Truncating the loop series expansion for Belief Propagation,"probabilistic network traditional, commonly support, network traditional database","Approximate inference on planar graphs using Loop Calculus and Belief
  Propagation",2,"belief propagation, loop series"
387,Attribute Value Weighting in K-Modes Clustering,"paper, year, machine",Approximation Algorithms for K-Modes Clustering,3,"clustering, k- mode, paper"
389,Uniform and Partially Uniform Redistribution Rules,"belief, paper introduce, class",A Simple Proportional Conflict Redistribution Rule,2,"conflict redistribution rule, redistribution rule"
389,Uniform and Partially Uniform Redistribution Rules,"belief, paper introduce, class",Proportional Conflict Redistribution Rules for Information Fusion,2,"conflict redistribution rule, redistribution rule"
389,Uniform and Partially Uniform Redistribution Rules,"belief, paper introduce, class",Fusion of qualitative beliefs using DSmT,2,"belief assignment, paper introduce"
389,Uniform and Partially Uniform Redistribution Rules,"belief, paper introduce, class","A new generalization of the proportional conflict redistribution rule
  stable in terms of decision",2,"conflict redistribution rule, redistribution rule"
389,Uniform and Partially Uniform Redistribution Rules,"belief, paper introduce, class",A new probabilistic transformation of belief mass assignment,2,"basic belief, basic belief assignment"
390,Generic Global Constraints based on MDDs,"language, account semantic property, decompose solve",A Generic Global Constraint based on MDDs,6,"constraint, generic global, generic global constraint, global, global constraint, global constraint base"
390,Generic Global Constraints based on MDDs,"language, account semantic property, decompose solve",Learning DTW Global Constraint for Time Series Classification,3,"constraint, global, global constraint"
390,Generic Global Constraints based on MDDs,"language, account semantic property, decompose solve",Reformulating Global Grammar Constraints,3,"constraint, global, global constraint"
390,Generic Global Constraints based on MDDs,"language, account semantic property, decompose solve",Combining Symmetry Breaking and Global Constraints,3,"constraint, global, global constraint"
390,Generic Global Constraints based on MDDs,"language, account semantic property, decompose solve",Decomposition of the NVALUE constraint,3,"constraint, global, global constraint"
392,Modelling Complexity in Musical Rhythm,"paper, year, machine",Serious Flaws in Korf et al.'s Analysis on Time Complexity of A*,2,"complexity, paper"
392,Modelling Complexity in Musical Rhythm,"paper, year, machine",Modelling Concurrent Behaviors in the Process Specification Language,2,"modelling, paper"
394,Case Base Mining for Adaptation Knowledge Acquisition,"knowledge basis, knowledge, adaptation",Adaptation Knowledge Discovery from a Case Base,5,"adaptation knowledge, adaptation knowledge acquisition, case base, knowledge, knowledge acquisition"
394,Case Base Mining for Adaptation Knowledge Acquisition,"knowledge basis, knowledge, adaptation",Proceedings of the Pacific Knowledge Acquisition Workshop 2004,2,"knowledge, knowledge acquisition"
396,A study of structural properties on profiles HMMs,"introduce framework, model, foundation","Causes and Explanations: A Structural-Model Approach, Part I: Causes",2,"model, structural"
396,A study of structural properties on profiles HMMs,"introduce framework, model, foundation","Learning to automatically detect features for mobile robots using
  second-order Hidden Markov Models",2,"hide markov, hide markov model"
397,Bayesian approach to rough set,"operation, model base, bayesian",Bayesian Approach to Neuro-Rough Models,4,"bayesian rough set, paper propose, rough set, rough set model"
400,"Fault Classification in Cylinders Using Multilayer Perceptrons, Support
  Vector Machines and Guassian Mixture Models","seemingly minor aspect, cognitive modeling, heat debate","Genetic Programming for Kernel-based Learning with Co-evolving Subsets
  Selection",3,"support vector, support vector machine, vector machine"
400,"Fault Classification in Cylinders Using Multilayer Perceptrons, Support
  Vector Machines and Guassian Mixture Models","seemingly minor aspect, cognitive modeling, heat debate",On-Line Condition Monitoring using Computational Intelligence,3,"support vector, support vector machine, vector machine"
402,Soft constraint abstraction based on semiring homomorphism,"language, account semantic property, decompose solve",Using Pivot Consistency to Decompose and Solve Functional CSPs,2,"constraint satisfaction, constraint satisfaction problem"
402,Soft constraint abstraction based on semiring homomorphism,"language, account semantic property, decompose solve",MUSE CSP: An Extension to the Constraint Satisfaction Problem,2,"constraint satisfaction, constraint satisfaction problem"
402,Soft constraint abstraction based on semiring homomorphism,"language, account semantic property, decompose solve","Logic Programming Approaches for Representing and Solving Constraint
  Satisfaction Problems: A Comparison",2,"constraint satisfaction, constraint satisfaction problem"
402,Soft constraint abstraction based on semiring homomorphism,"language, account semantic property, decompose solve",Relation Variables in Qualitative Spatial Reasoning,2,"constraint satisfaction, constraint satisfaction problem"
402,Soft constraint abstraction based on semiring homomorphism,"language, account semantic property, decompose solve",Breaking Value Symmetry,2,"constraint satisfaction, constraint satisfaction problem"
403,Bayesian Approach to Neuro-Rough Models,"operation, model base, bayesian",Bayesian approach to rough set,4,"bayesian rough set, paper propose, rough set, rough set model"
403,Bayesian Approach to Neuro-Rough Models,"operation, model base, bayesian",Translating between Horn Representations and their Characteristic Models,2,"model, model base"
403,Bayesian Approach to Neuro-Rough Models,"operation, model base, bayesian",Finite element model selection using Particle Swarm Optimization,2,"model, paper propose"
403,Bayesian Approach to Neuro-Rough Models,"operation, model base, bayesian",Dominion -- A constraint solver generator,2,"model, paper propose"
404,"Artificial Neural Networks and Support Vector Machines for Water Demand
  Time Series Forecasting","probabilistic network traditional, commonly support, network traditional database","Inaccuracy Minimization by Partioning Fuzzy Data Sets - Validation of
  Analystical Methodology",2,"time series, time series forecasting"
405,"Fuzzy Artmap and Neural Network Approach to Online Processing of Inputs
  with Missing Values","learning, datum, model perspective",Data Mining Approach for Analyzing Call Center Performance,2,"neural network, neural network approach"
406,Artificial Intelligence for Conflict Management,"learning, datum, model perspective",Is Neural Network a Reliable Forecaster on Earth? A MARS Query!,3,"network, neural network, prediction"
406,Artificial Intelligence for Conflict Management,"learning, datum, model perspective",Artificial Intelligence Techniques for Steam Generator Modelling,3,"artificial, artificial intelligence, neural network"
406,Artificial Intelligence for Conflict Management,"learning, datum, model perspective",Monotonicity and Persistence in Preferential Logics,2,"artificial, artificial intelligence"
406,Artificial Intelligence for Conflict Management,"learning, datum, model perspective","EvoNF: A Framework for Optimization of Fuzzy Inference Systems Using
  Neural Network Learning and Evolutionary Computation",2,"network, neural network"
406,Artificial Intelligence for Conflict Management,"learning, datum, model perspective",Traffic Accident Analysis Using Decision Trees and Neural Networks,2,"impact society, neural network"
409,"Response Prediction of Structural System Subject to Earthquake Motions
  using Artificial Neural Network","learning, datum, model perspective",Neuro Fuzzy Systems: Sate-of-the-Art Modeling Techniques,3,"artificial neural, artificial neural network, neural network"
409,"Response Prediction of Structural System Subject to Earthquake Motions
  using Artificial Neural Network","learning, datum, model perspective",Is Neural Network a Reliable Forecaster on Earth? A MARS Query!,3,"artificial neural, artificial neural network, neural network"
409,"Response Prediction of Structural System Subject to Earthquake Motions
  using Artificial Neural Network","learning, datum, model perspective",Meta-Learning Evolutionary Artificial Neural Networks,3,"artificial neural, artificial neural network, neural network"
409,"Response Prediction of Structural System Subject to Earthquake Motions
  using Artificial Neural Network","learning, datum, model perspective","Optimization of Evolutionary Neural Networks Using Hybrid Learning
  Algorithms",3,"artificial neural, artificial neural network, neural network"
409,"Response Prediction of Structural System Subject to Earthquake Motions
  using Artificial Neural Network","learning, datum, model perspective","SCREEN: Learning a Flat Syntactic and Semantic Spoken Language Analysis
  Using Artificial Neural Networks",2,"artificial neural, artificial neural network"
411,On-Line Condition Monitoring using Computational Intelligence,"seemingly minor aspect, cognitive modeling, heat debate","Genetic Programming for Kernel-based Learning with Co-evolving Subsets
  Selection",3,"support vector, support vector machine, vector machine"
411,On-Line Condition Monitoring using Computational Intelligence,"seemingly minor aspect, cognitive modeling, heat debate","Fault Classification in Cylinders Using Multilayer Perceptrons, Support
  Vector Machines and Guassian Mixture Models",3,"support vector, support vector machine, vector machine"
412,The Road to Quantum Artificial Intelligence,"artificial intelligence, problem solver, intelligence",Universal Intelligence: A Definition of Machine Intelligence,3,"artificial, artificial intelligence, intelligence"
412,The Road to Quantum Artificial Intelligence,"artificial intelligence, problem solver, intelligence",Artificial Intelligence Techniques for Steam Generator Modelling,3,"artificial, artificial intelligence, intelligence"
412,The Road to Quantum Artificial Intelligence,"artificial intelligence, problem solver, intelligence",Monotonicity and Persistence in Preferential Logics,2,"artificial, artificial intelligence"
412,The Road to Quantum Artificial Intelligence,"artificial intelligence, problem solver, intelligence",Imagination as Holographic Processor for Text Animation,2,"artificial intelligence, intelligence"
412,The Road to Quantum Artificial Intelligence,"artificial intelligence, problem solver, intelligence",Artificial Intelligence for Conflict Management,2,"artificial, artificial intelligence"
414,Modeling Computations in a Semantic Network,"learning, datum, model perspective",Inferring knowledge from a large semantic network,2,"semantic, semantic network"
414,Modeling Computations in a Semantic Network,"learning, datum, model perspective",Using RDF to Model the Structure and Process of Systems,2,"semantic, semantic network"
414,Modeling Computations in a Semantic Network,"learning, datum, model perspective",Fact Sheet on Semantic Web,2,"semantic, semantic web"
414,Modeling Computations in a Semantic Network,"learning, datum, model perspective",Probabilistic Semantic Web Mining Using Artificial Neural Analysis,2,"semantic, semantic web"
414,Modeling Computations in a Semantic Network,"learning, datum, model perspective",Understanding Semantic Web and Ontologies: Theory and Applications,2,"semantic, semantic web"
415,Automatically Restructuring Practice Guidelines using the GEM DTD,"information, modify, formulas","From Texts to Structured Documents: The Case of Health Practice
  Guidelines",9,"capable semi-automatically, clinical domain, free text, paper describe, practice guideline, semi - automatically fill, template include semantic, xml template, xml template include"
416,Temporal Reasoning without Transitive Tables,"induction, reasoning, temporal reasoning","The Design and Experimental Analysis of Algorithms for Temporal
  Reasoning",3,"reasoning, temporal, temporal information"
416,Temporal Reasoning without Transitive Tables,"induction, reasoning, temporal reasoning",From Statistical Knowledge Bases to Degrees of Belief,2,"information, reasoning"
417,A Collection of Definitions of Intelligence,"paper, year, machine",Reinforcement Learning: A Survey,2,"paper, survey"
420,"A Leaf Recognition Algorithm for Plant Classification Using
  Probabilistic Neural Network","learning, datum, model perspective",Data Mining Approach for Analyzing Call Center Performance,2,"neural network, probabilistic neural network"
421,"2006: Celebrating 75 years of AI - History and Outlook: the Next 25
  Years","deficient domain, theory revision, revision problem",Vagueness of Linguistic variable,2,"computer science, theory"
422,Qualitative Belief Conditioning Rules (QBCR),"belief, paper introduce, class",Belief Conditioning Rules (BCRs),7,"belief, belief conditioning, belief conditioning rule, belief revision, conditioning, conditioning rule, rule"
422,Qualitative Belief Conditioning Rules (QBCR),"belief, paper introduce, class",Fusion of qualitative beliefs using DSmT,3,"belief, qualitative belief, qualitative belief assignment"
422,Qualitative Belief Conditioning Rules (QBCR),"belief, paper introduce, class","Modeling Belief in Dynamic Systems, Part II: Revision and Update",2,"belief, belief revision"
422,Qualitative Belief Conditioning Rules (QBCR),"belief, paper introduce, class",Optimal Belief Revision,2,"belief, belief revision"
422,Qualitative Belief Conditioning Rules (QBCR),"belief, paper introduce, class",SATEN: An Object-Oriented Web-Based Revision and Extraction Engine,2,"belief, belief revision"
423,Using RDF to Model the Structure and Process of Systems,"learning, datum, model perspective",Inferring knowledge from a large semantic network,3,"network, semantic, semantic network"
423,Using RDF to Model the Structure and Process of Systems,"learning, datum, model perspective",Operations for Learning with Graphical Models,2,"model, network"
423,Using RDF to Model the Structure and Process of Systems,"learning, datum, model perspective",Anticipatory Guidance of Plot,2,"model, system"
423,Using RDF to Model the Structure and Process of Systems,"learning, datum, model perspective","A Comparison of Different Cognitive Paradigms Using Simple Animats in a
  Virtual Laboratory, with Implications to the Notion of Cognition",2,"model, system"
423,Using RDF to Model the Structure and Process of Systems,"learning, datum, model perspective",Can an Organism Adapt Itself to Unforeseen Circumstances?,2,"model, system"
424,Enrichment of Qualitative Beliefs for Reasoning under Uncertainty,"belief, paper introduce, class",Fusion of qualitative beliefs using DSmT,4,"express natural, linguistic label, natural language, qualitative"
424,Enrichment of Qualitative Beliefs for Reasoning under Uncertainty,"belief, paper introduce, class",Relation Variables in Qualitative Spatial Reasoning,2,"qualitative, reasoning"
425,Toward Psycho-robots,"introduce framework, model, foundation",Logic programming with social features,2,"mental, mental state"
426,"Fitness landscape of the cellular automata majority problem: View from
  the Olympus","algorithm, transformational plan, domain - independent algorithm",Evolving localizations in reaction-diffusion cellular automata,3,"automata, cellular, cellular automata"
426,"Fitness landscape of the cellular automata majority problem: View from
  the Olympus","algorithm, transformational plan, domain - independent algorithm",Deceptiveness and Neutrality - the ND family of fitness landscapes,2,"fitness landscape, landscape"
427,Local search heuristics: Fitness Cloud versus Fitness Landscape,"algorithm, transformational plan, domain - independent algorithm",Deceptiveness and Neutrality - the ND family of fitness landscapes,2,"fitness, fitness landscape"
429,"From Texts to Structured Documents: The Case of Health Practice
  Guidelines","information, modify, formulas",Automatically Restructuring Practice Guidelines using the GEM DTD,9,"capable semi-automatically, clinical domain, free text, paper describe, practice guideline, semi - automatically fill, template include semantic, xml template, xml template include"
430,Lagrangian Relaxation for MAP Estimation in Graphical Models,"graphical model, graphical, case study",Operations for Learning with Graphical Models,2,"graphical, graphical model"
431,Analyzing covert social network foundation behind terrorism disaster,"allow user, user interface, interface",Node discovery problem for a social network,2,"network, social network"
431,Analyzing covert social network foundation behind terrorism disaster,"allow user, user interface, interface",Semantic Social Network Analysis,2,"network, social network"
432,Node discovery problem for a social network,"allow user, user interface, interface",Node discovery in a networked organization,8,"covert, covert node, covert node refer, discovery, discovery problem, node, node discovery, node discovery problem"
432,Node discovery problem for a social network,"allow user, user interface, interface",Semantic Social Network Analysis,3,"network, social, social network"
432,Node discovery problem for a social network,"allow user, user interface, interface",Updating beliefs with incomplete observations,2,"network, problem"
432,Node discovery problem for a social network,"allow user, user interface, interface",Analyzing covert social network foundation behind terrorism disaster,2,"network, social network"
434,"Translating OWL and Semantic Web Rules into Prolog: Moving Toward
  Description Logic Programs","search problem, evaluation method, program","Abductive Logic Programs with Penalization: Semantics, Complexity and
  Implementation",3,"logic, logic program, logic programming"
434,"Translating OWL and Semantic Web Rules into Prolog: Moving Toward
  Description Logic Programs","search problem, evaluation method, program",Logic programs with propositional connectives and aggregates,3,"logic, logic program, logic programming"
434,"Translating OWL and Semantic Web Rules into Prolog: Moving Toward
  Description Logic Programs","search problem, evaluation method, program",A general approach to belief change in answer set programming,3,"logic, logic program, logic programming"
434,"Translating OWL and Semantic Web Rules into Prolog: Moving Toward
  Description Logic Programs","search problem, evaluation method, program","Well-Founded Semantics for Extended Logic Programs with Dynamic
  Preferences",2,"logic, logic program"
434,"Translating OWL and Semantic Web Rules into Prolog: Moving Toward
  Description Logic Programs","search problem, evaluation method, program",Practical Methods for Proving Termination of General Logic Programs,2,"logic, logic program"
435,Evolving localizations in reaction-diffusion cellular automata,"algorithm, transformational plan, domain - independent algorithm","Fitness landscape of the cellular automata majority problem: View from
  the Olympus",3,"automata, cellular, cellular automata"
436,Decomposition During Search for Propagation-Based Constraint Solvers,"language, account semantic property, decompose solve",Decomposition Based Search - A theoretical and experimental evaluation,2,"decomposition, search"
436,Decomposition During Search for Propagation-Based Constraint Solvers,"language, account semantic property, decompose solve",Decomposition of the NVALUE constraint,2,"constraint, decomposition"
436,Decomposition During Search for Propagation-Based Constraint Solvers,"language, account semantic property, decompose solve",On Improving Local Search for Unsatisfiability,2,"search, solver"
436,Decomposition During Search for Propagation-Based Constraint Solvers,"language, account semantic property, decompose solve",Toward an automaton Constraint for Local Search,2,"constraint, search"
436,Decomposition During Search for Propagation-Based Constraint Solvers,"language, account semantic property, decompose solve",Dominion -- A constraint solver generator,2,"constraint, constraint solver"
437,Universal Intelligence: A Definition of Machine Intelligence,"artificial intelligence, problem solver, intelligence",Tests of Machine Intelligence,4,"artificial intelligence, intelligence, machine, machine intelligence"
437,Universal Intelligence: A Definition of Machine Intelligence,"artificial intelligence, problem solver, intelligence",The Road to Quantum Artificial Intelligence,3,"artificial, artificial intelligence, intelligence"
437,Universal Intelligence: A Definition of Machine Intelligence,"artificial intelligence, problem solver, intelligence",Artificial Intelligence Techniques for Steam Generator Modelling,3,"artificial, artificial intelligence, intelligence"
437,Universal Intelligence: A Definition of Machine Intelligence,"artificial intelligence, problem solver, intelligence",A Hierarchy of Tractable Subsets for Computing Stable Models,2,"artificial intelligence, problem artificial"
437,Universal Intelligence: A Definition of Machine Intelligence,"artificial intelligence, problem solver, intelligence",Monotonicity and Persistence in Preferential Logics,2,"artificial, artificial intelligence"
438,Tests of Machine Intelligence,"paper, year, machine",Universal Intelligence: A Definition of Machine Intelligence,4,"artificial intelligence, intelligence, machine, machine intelligence"
438,Tests of Machine Intelligence,"paper, year, machine",A Formalization of the Turing Test,3,"machine, test, turing test"
438,Tests of Machine Intelligence,"paper, year, machine",Imagination as Holographic Processor for Text Animation,2,"artificial intelligence, intelligence"
438,Tests of Machine Intelligence,"paper, year, machine",The Road to Quantum Artificial Intelligence,2,"artificial intelligence, intelligence"
438,Tests of Machine Intelligence,"paper, year, machine",Artificial Intelligence Techniques for Steam Generator Modelling,2,"artificial intelligence, intelligence"
439,"Convergence of Expected Utilities with Algorithmic Probability
  Distributions","agent, formula phi hold, statistical fact",Convergence of Expected Utility for Universal AI,5,"agent, environment, function, utility, utility function"
439,"Convergence of Expected Utilities with Algorithmic Probability
  Distributions","agent, formula phi hold, statistical fact",Utility-Probability Duality,4,"function, probability, probability distribution, utility function"
439,"Convergence of Expected Utilities with Algorithmic Probability
  Distributions","agent, formula phi hold, statistical fact",From Statistical Knowledge Bases to Degrees of Belief,2,"agent, environment"
439,"Convergence of Expected Utilities with Algorithmic Probability
  Distributions","agent, formula phi hold, statistical fact",The Algebra of Utility Inference,2,"utility, utility function"
439,"Convergence of Expected Utilities with Algorithmic Probability
  Distributions","agent, formula phi hold, statistical fact",An information theory for preferences,2,"utility, utility function"
442,Anisotropic selection in cellular genetic algorithms,"algorithm, transformational plan, domain - independent algorithm","On the Influence of Selection Operators on Performances in Cellular
  Genetic Algorithms",9,"algorithm, cellular, cellular genetic, cellular genetic algorithm, genetic, genetic algorithm, pressure, selective, selective pressure"
442,Anisotropic selection in cellular genetic algorithms,"algorithm, transformational plan, domain - independent algorithm","Cost-Sensitive Classification: Empirical Evaluation of a Hybrid Genetic
  Decision Tree Induction Algorithm",3,"algorithm, genetic algorithm, paper introduce"
442,Anisotropic selection in cellular genetic algorithms,"algorithm, transformational plan, domain - independent algorithm",Genetic Algorithms for multiple objective vehicle routing,3,"algorithm, genetic, genetic algorithm"
442,Anisotropic selection in cellular genetic algorithms,"algorithm, transformational plan, domain - independent algorithm","Cauchy Annealing Schedule: An Annealing Schedule for Boltzmann Selection
  Scheme in Evolutionary Algorithms",2,"selection, selection scheme"
444,Serious Flaws in Korf et al.'s Analysis on Time Complexity of A*,"paper, year, machine",Decomposition of the NVALUE constraint,3,"complexity, time, time complexity"
444,Serious Flaws in Korf et al.'s Analysis on Time Complexity of A*,"paper, year, machine",Modelling Complexity in Musical Rhythm,2,"complexity, paper"
444,Serious Flaws in Korf et al.'s Analysis on Time Complexity of A*,"paper, year, machine",The model of quantum evolution,2,"paper, withdraw"
446,Node discovery in a networked organization,"allow user, user interface, interface",Node discovery problem for a social network,8,"covert, covert node, covert node refer, discovery, discovery problem, node, node discovery, node discovery problem"
447,"Multiagent Approach for the Representation of Information in a Decision
  Support System","tree, small consistent decision, consistent decision tree",Decision Support Systems (DSS) in Construction Tendering Processes,5,"decision, decision support, decision support system, support, support system"
447,"Multiagent Approach for the Representation of Information in a Decision
  Support System","tree, small consistent decision, consistent decision tree","Adaptation of Mamdani Fuzzy Inference System Using Neuro - Genetic
  Approach for Tactical Air Combat Decision Support System",4,"decision support, decision support system, support, support system"
447,"Multiagent Approach for the Representation of Information in a Decision
  Support System","tree, small consistent decision, consistent decision tree",Decision Support Systems Using Intelligent Paradigms,3,"decision support, decision support system, support system"
447,"Multiagent Approach for the Representation of Information in a Decision
  Support System","tree, small consistent decision, consistent decision tree",A System for Induction of Oblique Decision Trees,2,"decision, system"
447,"Multiagent Approach for the Representation of Information in a Decision
  Support System","tree, small consistent decision, consistent decision tree","Conscious Intelligent Systems - Part II - Mind, Thought, Language and
  Understanding",2,"part, system"
448,Reflective visualization and verbalization of unconscious preference,"search problem, evaluation method, program",Planning with Preferences using Logic Programming,2,"preference, present"
448,Reflective visualization and verbalization of unconscious preference,"search problem, evaluation method, program",Fusion for Evaluation of Image Classification in Uncertain Environments,2,"method, present"
449,Application of Rough Set Theory to Analysis of Hydrocyclone Operation,"information, modify, formulas","Analysis of hydrocyclone performance based on information granulation
  theory",5,"analysis, analysis hydrocyclone, describe application, paper describe, paper describe application"
449,Application of Rough Set Theory to Analysis of Hydrocyclone Operation,"information, modify, formulas",Back analysis based on SOM-RST system,4,"describe application, paper describe, paper describe application, rough set theory"
449,Application of Rough Set Theory to Analysis of Hydrocyclone Operation,"information, modify, formulas",Rock mechanics modeling based on soft granulation theory,3,"describe application, paper describe, paper describe application"
449,Application of Rough Set Theory to Analysis of Hydrocyclone Operation,"information, modify, formulas",Knowledge Discovery of Hydrocyclone s Circuit Based on SONFIS and SORST,3,"analysis hydrocyclone, describe application, rough set theory"
449,Application of Rough Set Theory to Analysis of Hydrocyclone Operation,"information, modify, formulas",An axiomatic approach to the roughness measure of rough sets,3,"rough set, rough set theory, set theory"
450,Agent-Based Perception of an Environment in an Emergency Situation,"property, desire property, optimality","Multiagent Approach for the Representation of Information in a Decision
  Support System",2,"emergency situation, situation"
451,"On the Influence of Selection Operators on Performances in Cellular
  Genetic Algorithms","algorithm, transformational plan, domain - independent algorithm",Anisotropic selection in cellular genetic algorithms,9,"algorithm, cellular, cellular genetic, cellular genetic algorithm, genetic, genetic algorithm, pressure, selective, selective pressure"
451,"On the Influence of Selection Operators on Performances in Cellular
  Genetic Algorithms","algorithm, transformational plan, domain - independent algorithm",Genetic Algorithms for multiple objective vehicle routing,3,"algorithm, genetic, genetic algorithm"
451,"On the Influence of Selection Operators on Performances in Cellular
  Genetic Algorithms","algorithm, transformational plan, domain - independent algorithm","Cost-Sensitive Classification: Empirical Evaluation of a Hybrid Genetic
  Decision Tree Induction Algorithm",2,"algorithm, genetic algorithm"
452,"Geometric Data Analysis, From Correspondence Analysis to Structured Data
  Analysis (book review)","analysis, structure datum, important problem",Iterative Optimization and Simplification of Hierarchical Clusterings,2,"datum, structure datum"
453,Phase transition in SONFIS&SORST,"information, modify, formulas",Intelligent Systems: Architectures and Perspectives,2,"intelligent, system"
453,Phase transition in SONFIS&SORST,"information, modify, formulas",Can an Organism Adapt Itself to Unforeseen Circumstances?,2,"intelligent, system"
453,Phase transition in SONFIS&SORST,"information, modify, formulas",Conscious Intelligent Systems - Part 1 : I X I,2,"intelligent, system"
453,Phase transition in SONFIS&SORST,"information, modify, formulas","Conscious Intelligent Systems - Part II - Mind, Thought, Language and
  Understanding",2,"intelligent, system"
456,Toward Fuzzy block theory,"subdue discovery system, substructure, identify interesting",Rock mechanics modeling based on soft granulation theory,2,"fuzzy, theory"
457,"Analysis of hydrocyclone performance based on information granulation
  theory","information, modify, formulas",Rock mechanics modeling based on soft granulation theory,7,"describe application, granulation theory, information granulation, information granulation theory, paper describe, paper describe application, theory"
457,"Analysis of hydrocyclone performance based on information granulation
  theory","information, modify, formulas",Application of Rough Set Theory to Analysis of Hydrocyclone Operation,5,"analysis, analysis hydrocyclone, describe application, paper describe, paper describe application"
457,"Analysis of hydrocyclone performance based on information granulation
  theory","information, modify, formulas",Back analysis based on SOM-RST system,5,"describe application, granulation theory, information granulation theory, paper describe, paper describe application"
457,"Analysis of hydrocyclone performance based on information granulation
  theory","information, modify, formulas",Knowledge Discovery of Hydrocyclone s Circuit Based on SONFIS and SORST,2,"analysis hydrocyclone, describe application"
458,Logic programming with social features,"search problem, evaluation method, program",Defeasible Logic Programming: An Argumentative Approach,3,"logic, logic programming, programming"
458,Logic programming with social features,"search problem, evaluation method, program",Parametric Connectives in Disjunctive Logic Programming,3,"logic, logic programming, programming"
458,Logic programming with social features,"search problem, evaluation method, program",A general approach to belief change in answer set programming,3,"logic, logic programming, programming"
458,Logic programming with social features,"search problem, evaluation method, program",ACLP: Integrating Abduction and Constraint Solving,2,"logic programming, programming"
458,Logic programming with social features,"search problem, evaluation method, program","Abductive Logic Programs with Penalization: Semantics, Complexity and
  Implementation",2,"logic, logic programming"
459,Constructing Folksonomies from User-specified Relations on Flickr,"allow user, user interface, interface","Growing a Tree in the Forest: Constructing Folksonomies by Integrating
  Structured Metadata",6,"construct folksonomy, content, descriptive metadata, social, social web, social web site"
462,Fusion for Evaluation of Image Classification in Uncertain Environments,"search problem, evaluation method, program",Reflective visualization and verbalization of unconscious preference,2,"method, present"
464,Rock mechanics modeling based on soft granulation theory,"information, modify, formulas","Analysis of hydrocyclone performance based on information granulation
  theory",7,"describe application, granulation theory, information granulation, information granulation theory, paper describe, paper describe application, theory"
464,Rock mechanics modeling based on soft granulation theory,"information, modify, formulas",Back analysis based on SOM-RST system,5,"describe application, granulation theory, information granulation theory, paper describe, paper describe application"
464,Rock mechanics modeling based on soft granulation theory,"information, modify, formulas",Application of Rough Set Theory to Analysis of Hydrocyclone Operation,3,"describe application, paper describe, paper describe application"
464,Rock mechanics modeling based on soft granulation theory,"information, modify, formulas",An improved axiomatic definition of information granulation,3,"granulation, information, information granulation"
464,Rock mechanics modeling based on soft granulation theory,"information, modify, formulas",Toward Fuzzy block theory,2,"fuzzy, theory"
467,"Toward a combination rule to deal with partial conflict and specificity
  in belief functions theory","proportional conflict, proportional conflict redistribution, conflict redistribution","A new generalization of the proportional conflict redistribution rule
  stable in terms of decision",3,"combination, conflict, present discuss"
467,"Toward a combination rule to deal with partial conflict and specificity
  in belief functions theory","proportional conflict, proportional conflict redistribution, conflict redistribution",Proportional Conflict Redistribution Rules for Information Fusion,2,"conflict, rule"
467,"Toward a combination rule to deal with partial conflict and specificity
  in belief functions theory","proportional conflict, proportional conflict redistribution, conflict redistribution","Une nouvelle règle de combinaison répartissant le conflit -
  Applications en imagerie Sonar et classification de cibles Radar",2,"combination, conflict"
467,"Toward a combination rule to deal with partial conflict and specificity
  in belief functions theory","proportional conflict, proportional conflict redistribution, conflict redistribution",General combination rules for qualitative and quantitative beliefs,2,"combination, rule"
468,"A new generalization of the proportional conflict redistribution rule
  stable in terms of decision","proportional conflict, proportional conflict redistribution, conflict redistribution",Proportional Conflict Redistribution Rules for Information Fusion,6,"conflict, conflict redistribution, conflict redistribution rule, proportional conflict, proportional conflict redistribution, redistribution rule"
468,"A new generalization of the proportional conflict redistribution rule
  stable in terms of decision","proportional conflict, proportional conflict redistribution, conflict redistribution",A Simple Proportional Conflict Redistribution Rule,5,"conflict redistribution, conflict redistribution rule, proportional conflict, proportional conflict redistribution, redistribution rule"
468,"A new generalization of the proportional conflict redistribution rule
  stable in terms of decision","proportional conflict, proportional conflict redistribution, conflict redistribution","Importance of Sources using the Repeated Fusion Method and the
  Proportional Conflict Redistribution Rules #5 and #6",5,"conflict redistribution, conflict redistribution rule, proportional conflict, proportional conflict redistribution, redistribution rule"
468,"A new generalization of the proportional conflict redistribution rule
  stable in terms of decision","proportional conflict, proportional conflict redistribution, conflict redistribution","Adaptative combination rule and proportional conflict redistribution
  rule for information fusion",4,"conflict redistribution, conflict redistribution rule, proportional conflict, proportional conflict redistribution"
468,"A new generalization of the proportional conflict redistribution rule
  stable in terms of decision","proportional conflict, proportional conflict redistribution, conflict redistribution","Toward a combination rule to deal with partial conflict and specificity
  in belief functions theory",3,"combination, conflict, present discuss"
469,"Une nouvelle règle de combinaison répartissant le conflit -
  Applications en imagerie Sonar et classification de cibles Radar","proportional conflict, proportional conflict redistribution, conflict redistribution","Toward a combination rule to deal with partial conflict and specificity
  in belief functions theory",2,"combination, conflict"
469,"Une nouvelle règle de combinaison répartissant le conflit -
  Applications en imagerie Sonar et classification de cibles Radar","proportional conflict, proportional conflict redistribution, conflict redistribution","A new generalization of the proportional conflict redistribution rule
  stable in terms of decision",2,"combination, conflict"
469,"Une nouvelle règle de combinaison répartissant le conflit -
  Applications en imagerie Sonar et classification de cibles Radar","proportional conflict, proportional conflict redistribution, conflict redistribution",General combination rules for qualitative and quantitative beliefs,2,"combination, manage conflict"
470,Perfect Derived Propagators,"language, account semantic property, decompose solve",View-based Propagator Derivation,7,"constraint, derive, derive propagators, implement, implement max, implement minute, variant"
472,The model of quantum evolution,"paper, year, machine",Serious Flaws in Korf et al.'s Analysis on Time Complexity of A*,2,"paper, withdraw"
473,Belief decision support and reject for textured images characterization,"tree, small consistent decision, consistent decision tree","Multiagent Approach for the Representation of Information in a Decision
  Support System",2,"decision, decision support"
473,Belief decision support and reject for textured images characterization,"tree, small consistent decision, consistent decision tree",Decision Support Systems (DSS) in Construction Tendering Processes,2,"decision, decision support"
476,"Implementing general belief function framework with a practical
  codification for low complexity","belief, paper introduce, class",Belief Calculus,2,"belief, general belief"
477,A new probabilistic transformation of belief mass assignment,"belief, paper introduce, class",Belief Calculus,2,"belief mass, frame discernment"
477,A new probabilistic transformation of belief mass assignment,"belief, paper introduce, class",Uniform and Partially Uniform Redistribution Rules,2,"basic belief, basic belief assignment"
479,Hacia una teoria de unificacion para los comportamientos cognitivos,"framework, seek improve, learning efficient problem",On the Notion of Cognition,2,"cognitive, cognitive science"
481,n-ary Fuzzy Logic and Neutrosophic Logic Operators,"search problem, evaluation method, program","N-norm and N-conorm in Neutrosophic Logic and Set, and the Neutrosophic
  Topologies",3,"fuzzy logic, logic, neutrosophic logic"
481,n-ary Fuzzy Logic and Neutrosophic Logic Operators,"search problem, evaluation method, program",On the relationship between fuzzy logic and four-valued relevance logic,2,"fuzzy logic, logic"
482,"Randomised Variable Neighbourhood Search for Multi Objective
  Optimisation","search, gsat perform greedy, procedure propositional",A Constraint-directed Local Search Approach to Nurse Rostering Problems,4,"local search, local search approach, neighbourhood, neighbourhood search"
483,Foundations of the Pareto Iterated Local Search Metaheuristic,"search, gsat perform greedy, procedure propositional","Improvements for multi-objective flow shop scheduling by Pareto Iterated
  Local Search",9,"describe proposition, iterated local search, local search, local search metaheuristic, multi - objective optimization, multi - objective optimization problem, pareto iterated, pareto iterated local, proposition application"
483,Foundations of the Pareto Iterated Local Search Metaheuristic,"search, gsat perform greedy, procedure propositional",When Gravity Fails: Local Search Topology,2,"local search, search"
483,Foundations of the Pareto Iterated Local Search Metaheuristic,"search, gsat perform greedy, procedure propositional",Islands for SAT,2,"local search, search"
483,Foundations of the Pareto Iterated Local Search Metaheuristic,"search, gsat perform greedy, procedure propositional","Variable Neighborhood Search for the University Lecturer-Student
  Assignment Problem",2,"local search, local search heuristics"
483,Foundations of the Pareto Iterated Local Search Metaheuristic,"search, gsat perform greedy, procedure propositional","A Local Search Modeling for Constrained Optimum Paths Problems (Extended
  Abstract)",2,"local search, search"
484,"A Computational Study of Genetic Crossover Operators for Multi-Objective
  Vehicle Routing Problem with Soft Time Windows","algorithm, transformational plan, domain - independent algorithm","A framework for the interactive resolution of multi-objective vehicle
  routing problems",4,"multi - objective vehicle routing, routing problem, vehicle routing, vehicle routing problem"
484,"A Computational Study of Genetic Crossover Operators for Multi-Objective
  Vehicle Routing Problem with Soft Time Windows","algorithm, transformational plan, domain - independent algorithm",Genetic Algorithms for multiple objective vehicle routing,2,"vehicle routing, vehicle routing problem"
485,Genetic Algorithms for multiple objective vehicle routing,"algorithm, transformational plan, domain - independent algorithm",Anisotropic selection in cellular genetic algorithms,3,"algorithm, genetic, genetic algorithm"
485,Genetic Algorithms for multiple objective vehicle routing,"algorithm, transformational plan, domain - independent algorithm","On the Influence of Selection Operators on Performances in Cellular
  Genetic Algorithms",3,"algorithm, genetic, genetic algorithm"
485,Genetic Algorithms for multiple objective vehicle routing,"algorithm, transformational plan, domain - independent algorithm","Cost-Sensitive Classification: Empirical Evaluation of a Hybrid Genetic
  Decision Tree Induction Algorithm",2,"algorithm, genetic algorithm"
485,Genetic Algorithms for multiple objective vehicle routing,"algorithm, transformational plan, domain - independent algorithm","A Computational Study of Genetic Crossover Operators for Multi-Objective
  Vehicle Routing Problem with Soft Time Windows",2,"vehicle routing, vehicle routing problem"
485,Genetic Algorithms for multiple objective vehicle routing,"algorithm, transformational plan, domain - independent algorithm","A framework for the interactive resolution of multi-objective vehicle
  routing problems",2,"vehicle routing, vehicle routing problem"
486,"A framework for the interactive resolution of multi-objective vehicle
  routing problems","algorithm, transformational plan, domain - independent algorithm","A Computational Study of Genetic Crossover Operators for Multi-Objective
  Vehicle Routing Problem with Soft Time Windows",4,"multi - objective vehicle routing, routing problem, vehicle routing, vehicle routing problem"
486,"A framework for the interactive resolution of multi-objective vehicle
  routing problems","algorithm, transformational plan, domain - independent algorithm",Genetic Algorithms for multiple objective vehicle routing,2,"vehicle routing, vehicle routing problem"
487,Improving Local Search for Fuzzy Scheduling Problems,"search, gsat perform greedy, procedure propositional",On Improving Local Search for Unsatisfiability,3,"improve local, improve local search, local search"
487,Improving Local Search for Fuzzy Scheduling Problems,"search, gsat perform greedy, procedure propositional",A Soft Computing Model for Physicians' Decision Process,3,"fuzzy set, fuzzy set theory, set theory"
487,Improving Local Search for Fuzzy Scheduling Problems,"search, gsat perform greedy, procedure propositional",A Constraint-directed Local Search Approach to Nurse Rostering Problems,2,"local search, local search technique"
487,Improving Local Search for Fuzzy Scheduling Problems,"search, gsat perform greedy, procedure propositional","Proceedings 6th International Workshop on Local Search Techniques in
  Constraint Satisfaction",2,"local search, local search technique"
490,"Variable Neighborhood Search for the University Lecturer-Student
  Assignment Problem","algorithm, transformational plan, domain - independent algorithm",Foundations of the Pareto Iterated Local Search Metaheuristic,2,"local search, local search heuristics"
490,"Variable Neighborhood Search for the University Lecturer-Student
  Assignment Problem","algorithm, transformational plan, domain - independent algorithm","The Single Machine Total Weighted Tardiness Problem - Is it (for
  Metaheuristics) a Solved Problem ?",2,"local search heuristics, variable neighborhood search"
491,Extended ASP tableaux and rule redundancy in normal logic programs,"search problem, evaluation method, program",Smodels: A System for Answer Set Programming,2,"answer set programming, normal logic program"
492,"Achieving compositionality of the stable model semantics for Smodels
  programs","search problem, evaluation method, program",Smodels: A System for Answer Set Programming,5,"model semantics, program, stable, stable model, stable model semantics"
492,"Achieving compositionality of the stable model semantics for Smodels
  programs","search problem, evaluation method, program",Unfolding Partiality and Disjunctions in Stable Model Semantics,4,"program, stable, stable model, stable model semantics"
492,"Achieving compositionality of the stable model semantics for Smodels
  programs","search problem, evaluation method, program",Epistemic Foundation of Stable Model Semantics,3,"model semantics, stable model, stable model semantics"
492,"Achieving compositionality of the stable model semantics for Smodels
  programs","search problem, evaluation method, program",Weight Constraints as Nested Expressions,2,"program, stable model"
493,"Determining the Unithood of Word Sequences using a Probabilistic
  Approach","determination termhood, determine, unithood","Determining the Unithood of Word Sequences using Mutual Information and
  Independence Measure",8,"conduct part, determination termhood, determine unithood, influence termhood, large effort, termhood, unithood, word sequence"
494,"Determining the Unithood of Word Sequences using Mutual Information and
  Independence Measure","determination termhood, determine, unithood","Determining the Unithood of Word Sequences using a Probabilistic
  Approach",8,"conduct part, determination termhood, determine unithood, influence termhood, large effort, termhood, unithood, word sequence"
495,Enhanced Integrated Scoring for Cleaning Dirty Texts,"probabilistic, number effort, effort",A Constrained Object Model for Configuration Based Workflow Composition,3,"wide web, world wide, world wide web"
496,On-the-fly Macros,"algorithm, transformational plan, domain - independent algorithm",A Domain-Independent Algorithm for Plan Adaptation,2,"algorithm, domain - independent"
497,Modeling of Social Transitions Using Intelligent Systems,"information, modify, formulas",Knowledge Discovery of Hydrocyclone s Circuit Based on SONFIS and SORST,4,"approximate reasoning method, reasoning method, rough set theory, sonfis sorst"
497,Modeling of Social Transitions Using Intelligent Systems,"information, modify, formulas",Application of Rough Set Theory to Analysis of Hydrocyclone Operation,2,"rough set theory, set theory"
497,Modeling of Social Transitions Using Intelligent Systems,"information, modify, formulas",An axiomatic approach to the roughness measure of rough sets,2,"rough set theory, set theory"
499,"Balancing Exploration and Exploitation by an Elitist Ant System with
  Exponential Pheromone Deposition Rule","underlying, classification, performance problem","Extension of Max-Min Ant System with Exponential Pheromone Deposition
  Rule",7,"ant system, ant system algorithm, constant deposition rule, exponential pheromone, exponential pheromone deposition, pheromone deposition, pheromone deposition rule"
501,"Extension of Max-Min Ant System with Exponential Pheromone Deposition
  Rule","underlying, classification, performance problem","Balancing Exploration and Exploitation by an Elitist Ant System with
  Exponential Pheromone Deposition Rule",7,"ant system, ant system algorithm, constant deposition rule, exponential pheromone, exponential pheromone deposition, pheromone deposition, pheromone deposition rule"
507,Artificial Intelligence Techniques for Steam Generator Modelling,"artificial intelligence, problem solver, intelligence",Artificial Intelligence for Conflict Management,3,"artificial, artificial intelligence, neural network"
507,Artificial Intelligence Techniques for Steam Generator Modelling,"artificial intelligence, problem solver, intelligence",The Road to Quantum Artificial Intelligence,3,"artificial, artificial intelligence, intelligence"
507,Artificial Intelligence Techniques for Steam Generator Modelling,"artificial intelligence, problem solver, intelligence",Universal Intelligence: A Definition of Machine Intelligence,3,"artificial, artificial intelligence, intelligence"
507,Artificial Intelligence Techniques for Steam Generator Modelling,"artificial intelligence, problem solver, intelligence",An Integrated Framework for Learning and Reasoning,2,"intelligence, neural network"
507,Artificial Intelligence Techniques for Steam Generator Modelling,"artificial intelligence, problem solver, intelligence",Monotonicity and Persistence in Preferential Logics,2,"artificial, artificial intelligence"
509,Logic programs with propositional connectives and aggregates,"search problem, evaluation method, program","Logic Programming Approaches for Representing and Solving Constraint
  Satisfaction Problems: A Comparison",4,"combinatorial search, combinatorial search problem, logic programming, search problem"
509,Logic programs with propositional connectives and aggregates,"search problem, evaluation method, program","A New Look at the Easy-Hard-Easy Pattern of Combinatorial Search
  Difficulty",3,"combinatorial search, combinatorial search problem, search problem"
509,Logic programs with propositional connectives and aggregates,"search problem, evaluation method, program",Smodels: A System for Answer Set Programming,3,"answer set programming, logic program, set programming"
509,Logic programs with propositional connectives and aggregates,"search problem, evaluation method, program","Abductive Logic Programs with Penalization: Semantics, Complexity and
  Implementation",3,"logic, logic program, logic programming"
509,Logic programs with propositional connectives and aggregates,"search problem, evaluation method, program","Towards Automated Integration of Guess and Check Programs in Answer Set
  Programming: A Meta-Interpreter and Applications",3,"answer set programming, logic program, set programming"
514,"Approximate inference on planar graphs using Loop Calculus and Belief
  Propagation","probabilistic network traditional, commonly support, network traditional database",Truncating the loop series expansion for Belief Propagation,2,"belief propagation, loop series"
515,"N-norm and N-conorm in Neutrosophic Logic and Set, and the Neutrosophic
  Topologies","search problem, evaluation method, program",n-ary Fuzzy Logic and Neutrosophic Logic Operators,3,"fuzzy logic, logic, neutrosophic logic"
515,"N-norm and N-conorm in Neutrosophic Logic and Set, and the Neutrosophic
  Topologies","search problem, evaluation method, program","Consistency Management of Normal Logic Program by Top-down Abductive
  Proof Procedure",2,"logic, paper present"
515,"N-norm and N-conorm in Neutrosophic Logic and Set, and the Neutrosophic
  Topologies","search problem, evaluation method, program",Logic Programs with Compiled Preferences,2,"logic, set"
515,"N-norm and N-conorm in Neutrosophic Logic and Set, and the Neutrosophic
  Topologies","search problem, evaluation method, program",On the relationship between fuzzy logic and four-valued relevance logic,2,"fuzzy logic, logic"
515,"N-norm and N-conorm in Neutrosophic Logic and Set, and the Neutrosophic
  Topologies","search problem, evaluation method, program",Embedding Default Logic in Propositional Argumentation Systems,2,"logic, paper present"
516,Deceptiveness and Neutrality - the ND family of fitness landscapes,"algorithm, transformational plan, domain - independent algorithm","Fitness landscape of the cellular automata majority problem: View from
  the Olympus",2,"fitness landscape, landscape"
516,Deceptiveness and Neutrality - the ND family of fitness landscapes,"algorithm, transformational plan, domain - independent algorithm",Local search heuristics: Fitness Cloud versus Fitness Landscape,2,"fitness, fitness landscape"
522,A Model for Managing Collections of Patterns,"allow user, user interface, interface",Quantifying and Visualizing Attribute Interactions,2,"datum, pattern"
522,A Model for Managing Collections of Patterns,"allow user, user interface, interface","Clustering Mixed Numeric and Categorical Data: A Cluster Ensemble
  Approach",2,"datum, datum mining"
522,A Model for Managing Collections of Patterns,"allow user, user interface, interface",K-Histograms: An Efficient Clustering Algorithm for Categorical Dataset,2,"datum, datum mining"
524,XML Representation of Constraint Networks: Format XCSP 2.1,"language, account semantic property, decompose solve",MUSE CSP: An Extension to the Constraint Satisfaction Problem,2,"constraint, csp"
526,Learning DTW Global Constraint for Time Series Classification,"language, account semantic property, decompose solve",A Generic Global Constraint based on MDDs,3,"constraint, global, global constraint"
526,Learning DTW Global Constraint for Time Series Classification,"language, account semantic property, decompose solve",Generic Global Constraints based on MDDs,3,"constraint, global, global constraint"
526,Learning DTW Global Constraint for Time Series Classification,"language, account semantic property, decompose solve",Reformulating Global Grammar Constraints,3,"constraint, global, global constraint"
526,Learning DTW Global Constraint for Time Series Classification,"language, account semantic property, decompose solve",Combining Symmetry Breaking and Global Constraints,3,"constraint, global, global constraint"
526,Learning DTW Global Constraint for Time Series Classification,"language, account semantic property, decompose solve",Decomposition of the NVALUE constraint,3,"constraint, global, global constraint"
527,"Range and Roots: Two Common Patterns for Specifying and Propagating
  Counting and Occurrence Constraints","solving multiclass learning, multiclass, concept learning algorithm",Decomposition of the NVALUE constraint,2,"constraint, wide range"
528,An introduction to DSmT,"proportional conflict, proportional conflict redistribution, conflict redistribution","The Combination of Paradoxical, Uncertain, and Imprecise Sources of
  Information based on DSmT and Neutro-Fuzzy Inference",13,"conflict source, development reliable, high conflict source, information system involve, involve artificial, involve artificial reasoning, modern information system, primal importance, reliable modern, reliable modern information, remain today, system involve, system involve artificial"
528,An introduction to DSmT,"proportional conflict, proportional conflict redistribution, conflict redistribution","An Introduction to the DSm Theory for the Combination of Paradoxical,
  Uncertain, and Imprecise Sources of Information",13,"conflict source, development reliable, high conflict source, information system involve, involve artificial, involve artificial reasoning, modern information system, primal importance, reliable modern, reliable modern information, remain today, system involve, system involve artificial"
528,An introduction to DSmT,"proportional conflict, proportional conflict redistribution, conflict redistribution",DSmT: A new paradigm shift for information fusion,4,"conflict source, development reliable, high conflict source, primal importance"
529,Granularity-Adaptive Proof Presentation,"knowledge basis, knowledge, adaptation",Knowledge Representation,2,"knowledge, present"
529,Granularity-Adaptive Proof Presentation,"knowledge basis, knowledge, adaptation","Automated Reasoning and Presentation Support for Formalizing Mathematics
  in Mizar",2,"presentation, proof presentation"
530,Breaking Value Symmetry,"language, account semantic property, decompose solve",MUSE CSP: An Extension to the Constraint Satisfaction Problem,6,"constraint, constraint satisfaction, constraint satisfaction problem, problem, satisfaction, satisfaction problem"
530,Breaking Value Symmetry,"language, account semantic property, decompose solve",Symmetry within Solutions,5,"constraint satisfaction, constraint satisfaction problem, problem, satisfaction problem, symmetry"
530,Breaking Value Symmetry,"language, account semantic property, decompose solve",The Exact Closest String Problem as a Constraint Satisfaction Problem,5,"constraint, constraint satisfaction, constraint satisfaction problem, satisfaction, satisfaction problem"
530,Breaking Value Symmetry,"language, account semantic property, decompose solve",Using Pivot Consistency to Decompose and Solve Functional CSPs,4,"constraint, constraint satisfaction, constraint satisfaction problem, satisfaction problem"
530,Breaking Value Symmetry,"language, account semantic property, decompose solve",Relation Variables in Qualitative Spatial Reasoning,4,"constraint satisfaction, constraint satisfaction problem, problem, satisfaction problem"
531,Reformulating Global Grammar Constraints,"language, account semantic property, decompose solve",A Generic Global Constraint based on MDDs,3,"constraint, global, global constraint"
531,Reformulating Global Grammar Constraints,"language, account semantic property, decompose solve",Generic Global Constraints based on MDDs,3,"constraint, global, global constraint"
531,Reformulating Global Grammar Constraints,"language, account semantic property, decompose solve",Learning DTW Global Constraint for Time Series Classification,3,"constraint, global, global constraint"
531,Reformulating Global Grammar Constraints,"language, account semantic property, decompose solve",Combining Symmetry Breaking and Global Constraints,3,"constraint, global, global constraint"
531,Reformulating Global Grammar Constraints,"language, account semantic property, decompose solve",Decomposition of the NVALUE constraint,3,"constraint, global, global constraint"
532,Combining Symmetry Breaking and Global Constraints,"language, account semantic property, decompose solve",Symmetries of Symmetry Breaking Constraints,4,"break, constraint, symmetry, symmetry break"
532,Combining Symmetry Breaking and Global Constraints,"language, account semantic property, decompose solve",Symmetries of Symmetry Breaking Constraints,4,"break, constraint, symmetry, symmetry break"
532,Combining Symmetry Breaking and Global Constraints,"language, account semantic property, decompose solve",A Generic Global Constraint based on MDDs,3,"constraint, global, global constraint"
532,Combining Symmetry Breaking and Global Constraints,"language, account semantic property, decompose solve",Generic Global Constraints based on MDDs,3,"constraint, global, global constraint"
532,Combining Symmetry Breaking and Global Constraints,"language, account semantic property, decompose solve",Learning DTW Global Constraint for Time Series Classification,3,"constraint, global, global constraint"
533,Online Estimation of SAT Solving Runtime,"erase meaningful progress, search tree, solving search",Online Search Cost Estimation for SAT Solvers,6,"cost, modern sit solver, online, sit, sit solver present, solving sit problem"
533,Online Estimation of SAT Solving Runtime,"erase meaningful progress, search tree, solving search",Islands for SAT,2,"sit, sit problem"
536,Stochastic Constraint Programming: A Scenario-Based Approach,"language, account semantic property, decompose solve",Stochastic Constraint Programming,10,"combinatorial decision problem, constraint, constraint program, constraint programming, decision problem involve, model combinatorial decision, stochastic, stochastic constraint, stochastic constraint program, stochastic constraint programming"
536,Stochastic Constraint Programming: A Scenario-Based Approach,"language, account semantic property, decompose solve",Scenario-based Stochastic Constraint Programming,7,"constraint, constraint programming, decision problem involve, model combinatorial decision, programming, stochastic constraint, stochastic constraint programming"
536,Stochastic Constraint Programming: A Scenario-Based Approach,"language, account semantic property, decompose solve",Model-Driven Constraint Programming,4,"constraint, constraint programming, program, programming"
536,Stochastic Constraint Programming: A Scenario-Based Approach,"language, account semantic property, decompose solve",Symmetries of Symmetry Breaking Constraints,3,"constraint, constraint program, program"
536,Stochastic Constraint Programming: A Scenario-Based Approach,"language, account semantic property, decompose solve",Symmetries of Symmetry Breaking Constraints,3,"constraint, constraint program, program"
537,Stochastic Constraint Programming,"language, account semantic property, decompose solve",Stochastic Constraint Programming: A Scenario-Based Approach,10,"combinatorial decision problem, constraint, constraint program, constraint programming, decision problem involve, model combinatorial decision, stochastic, stochastic constraint, stochastic constraint program, stochastic constraint programming"
537,Stochastic Constraint Programming,"language, account semantic property, decompose solve",Scenario-based Stochastic Constraint Programming,6,"constraint, constraint programming, decision problem involve, model combinatorial decision, stochastic constraint, stochastic constraint programming"
537,Stochastic Constraint Programming,"language, account semantic property, decompose solve",Modeling Object Oriented Constraint Programs in Z,2,"constraint program, constraint programming"
537,Stochastic Constraint Programming,"language, account semantic property, decompose solve",Generic Global Constraints based on MDDs,2,"constraint, constraint programming"
537,Stochastic Constraint Programming,"language, account semantic property, decompose solve",Symmetries of Symmetry Breaking Constraints,2,"constraint, constraint program"
543,Semantic Social Network Analysis,"allow user, user interface, interface",Node discovery problem for a social network,3,"network, social, social network"
543,Semantic Social Network Analysis,"allow user, user interface, interface",Analyzing covert social network foundation behind terrorism disaster,2,"network, social network"
544,Guarded resolution for answer set programming,"search problem, evaluation method, program",Smodels: A System for Answer Set Programming,4,"answer set, answer set programming, logic program, set programming"
544,Guarded resolution for answer set programming,"search problem, evaluation method, program","Towards Automated Integration of Guess and Check Programs in Answer Set
  Programming: A Meta-Interpreter and Applications",4,"answer set, answer set programming, logic program, set programming"
544,Guarded resolution for answer set programming,"search problem, evaluation method, program",An Application of Proof-Theory in Answer Set Programming,4,"answer set, answer set programming, logic program, set programming"
544,Guarded resolution for answer set programming,"search problem, evaluation method, program",Fages' Theorem and Answer Set Programming,3,"answer set, answer set programming, set programming"
544,Guarded resolution for answer set programming,"search problem, evaluation method, program",A semantic framework for preference handling in answer set programming,3,"answer set, answer set programming, set programming"
546,An Application of Proof-Theory in Answer Set Programming,"search problem, evaluation method, program",A semantic framework for preference handling in answer set programming,6,"answer, answer set, answer set programming, programming, set, set programming"
546,An Application of Proof-Theory in Answer Set Programming,"search problem, evaluation method, program",Open Answer Set Programming with Guarded Programs,6,"answer, answer set, answer set programming, programming, set, set programming"
546,An Application of Proof-Theory in Answer Set Programming,"search problem, evaluation method, program",Smodels: A System for Answer Set Programming,5,"answer set, answer set programming, logic program, set, set programming"
546,An Application of Proof-Theory in Answer Set Programming,"search problem, evaluation method, program",Fages' Theorem and Answer Set Programming,5,"answer, answer set, answer set programming, set, set programming"
546,An Application of Proof-Theory in Answer Set Programming,"search problem, evaluation method, program",Normal forms for Answer Sets Programming,5,"answer, answer set, answer set programming, set, set programming"
547,"Decompositions of All Different, Global Cardinality and Related
  Constraints","language, account semantic property, decompose solve",Multiset Ordering Constraints,2,"global, important global"
548,Scenario-based Stochastic Constraint Programming,"language, account semantic property, decompose solve",Stochastic Constraint Programming: A Scenario-Based Approach,7,"constraint, constraint programming, decision problem involve, model combinatorial decision, programming, stochastic constraint, stochastic constraint programming"
548,Scenario-based Stochastic Constraint Programming,"language, account semantic property, decompose solve",Stochastic Constraint Programming,6,"constraint, constraint programming, decision problem involve, model combinatorial decision, stochastic constraint, stochastic constraint programming"
548,Scenario-based Stochastic Constraint Programming,"language, account semantic property, decompose solve",Model-Driven Constraint Programming,3,"constraint, constraint programming, programming"
548,Scenario-based Stochastic Constraint Programming,"language, account semantic property, decompose solve",ACLP: Integrating Abduction and Constraint Solving,2,"constraint, programming"
548,Scenario-based Stochastic Constraint Programming,"language, account semantic property, decompose solve",dcs: An Implementation of DATALOG with Constraints,2,"constraint, programming"
549,"Reasoning about soft constraints and conditional preferences: complexity
  results and approximation techniques","language, account semantic property, decompose solve",Generic Global Constraints based on MDDs,2,"constraint, optimization problem"
549,"Reasoning about soft constraints and conditional preferences: complexity
  results and approximation techniques","language, account semantic property, decompose solve",Soft constraint abstraction based on semiring homomorphism,2,"soft, soft constraint"
550,Multiset Ordering Constraints,"language, account semantic property, decompose solve",Breaking Value Symmetry,3,"constraint, constraint satisfaction, important"
550,Multiset Ordering Constraints,"language, account semantic property, decompose solve",Combining Symmetry Breaking and Global Constraints,3,"constraint, global, order constraint"
550,Multiset Ordering Constraints,"language, account semantic property, decompose solve",Using Pivot Consistency to Decompose and Solve Functional CSPs,2,"constraint, constraint satisfaction"
550,Multiset Ordering Constraints,"language, account semantic property, decompose solve",MUSE CSP: An Extension to the Constraint Satisfaction Problem,2,"constraint, constraint satisfaction"
550,Multiset Ordering Constraints,"language, account semantic property, decompose solve",DATALOG with constraints - an answer-set programming system,2,"constraint, constraint satisfaction"
552,Considerations on Construction Ontologies,"underlying, classification, performance problem",An Efficient Technique for Similarity Identification between Ontologies,2,"ontology, semantic heterogeneity"
553,A Logic Programming Approach to Activity Recognition,"analysis, structure datum, important problem","Logic Programming Approaches for Representing and Solving Constraint
  Satisfaction Problems: A Comparison",2,"logic programming, logic programming approach"
554,"Knowledge Management in Economic Intelligence with Reasoning on Temporal
  Attributes","tree, small consistent decision, consistent decision tree",$α$-Discounting Multi-Criteria Decision Making ($α$-D MCDM),2,"decision, decision make"
555,Toward a Category Theory Design of Ontological Knowledge Bases,"knowledge basis, knowledge, adaptation",Decidable Reasoning in Terminological Knowledge Representation Systems,2,"knowledge, knowledge basis"
555,Toward a Category Theory Design of Ontological Knowledge Bases,"knowledge basis, knowledge, adaptation",Reasoning about Evolving Nonmonotonic Knowledge Bases,2,"knowledge, knowledge basis"
555,Toward a Category Theory Design of Ontological Knowledge Bases,"knowledge basis, knowledge, adaptation",Towards Closed World Reasoning in Dynamic Open Worlds (Extended Version),2,"knowledge, knowledge basis"
555,Toward a Category Theory Design of Ontological Knowledge Bases,"knowledge basis, knowledge, adaptation",On Building a Knowledge Base for Stability Theory,2,"knowledge, theory"
557,Semi-Myopic Sensing Plans for Value Optimization,"domain, plan, learning temporal difference",FLECS: Planning with a Flexible Commitment Strategy,2,"plan, problem"
557,Semi-Myopic Sensing Plans for Value Optimization,"domain, plan, learning temporal difference","Storing and Indexing Plan Derivations through Explanation-based Analysis
  of Retrieval Failures",2,"plan, problem"
557,Semi-Myopic Sensing Plans for Value Optimization,"domain, plan, learning temporal difference",Regression with respect to sensing actions and partial states,2,"plan, sensing"
558,Updating Sets of Probabilities,"quality, bayesian network, conditional probability",Using Sets of Probability Measures to Represent Uncertainty,5,"measure, probability, probability measure, set, set probability"
558,Updating Sets of Probabilities,"quality, bayesian network, conditional probability",Updating beliefs with incomplete observations,3,"observation, probability, updating"
558,Updating Sets of Probabilities,"quality, bayesian network, conditional probability",Conditional Plausibility Measures and Bayesian Networks,2,"measure, probability measure"
560,General combination rules for qualitative and quantitative beliefs,"proportional conflict, proportional conflict redistribution, conflict redistribution",The Cumulative Rule for Belief Fusion,2,"belief, rule"
560,General combination rules for qualitative and quantitative beliefs,"proportional conflict, proportional conflict redistribution, conflict redistribution",Belief Conditioning Rules (BCRs),2,"belief, rule"
560,General combination rules for qualitative and quantitative beliefs,"proportional conflict, proportional conflict redistribution, conflict redistribution",Qualitative Belief Conditioning Rules (QBCR),2,"belief, rule"
560,General combination rules for qualitative and quantitative beliefs,"proportional conflict, proportional conflict redistribution, conflict redistribution","Toward a combination rule to deal with partial conflict and specificity
  in belief functions theory",2,"combination, rule"
560,General combination rules for qualitative and quantitative beliefs,"proportional conflict, proportional conflict redistribution, conflict redistribution","A new generalization of the proportional conflict redistribution rule
  stable in terms of decision",2,"combination, combination rule"
561,"A Novel Two-Staged Decision Support based Threat Evaluation and Weapon
  Assignment Algorithm, Asset-based Dynamic Weapon Scheduling using Artificial
  Intelligence Techinques","induction, reasoning, temporal reasoning",Spatial Aggregation: Theory and Applications,2,"important role, play important"
561,"A Novel Two-Staged Decision Support based Threat Evaluation and Weapon
  Assignment Algorithm, Asset-based Dynamic Weapon Scheduling using Artificial
  Intelligence Techinques","induction, reasoning, temporal reasoning",Indexer Based Dynamic Web Services Discovery,2,"important role, play important"
564,Modelling Concurrent Behaviors in the Process Specification Language,"paper, year, machine",Modelling Complexity in Musical Rhythm,2,"modelling, paper"
565,"The Single Machine Total Weighted Tardiness Problem - Is it (for
  Metaheuristics) a Solved Problem ?","algorithm, transformational plan, domain - independent algorithm","Variable Neighborhood Search for the University Lecturer-Student
  Assignment Problem",2,"local search heuristics, variable neighborhood search"
566,"Improvements for multi-objective flow shop scheduling by Pareto Iterated
  Local Search","search, gsat perform greedy, procedure propositional",Foundations of the Pareto Iterated Local Search Metaheuristic,9,"describe proposition, iterated local search, local search, local search metaheuristic, multi - objective optimization, multi - objective optimization problem, pareto iterated, pareto iterated local, proposition application"
567,Beyond Turing Machines,"paper, year, machine",A Formalization of the Turing Test,3,"machine, turing, turing machine"
567,Beyond Turing Machines,"paper, year, machine","Convergence of Expected Utilities with Algorithmic Probability
  Distributions",2,"environment, function"
567,Beyond Turing Machines,"paper, year, machine",Convergence of Expected Utility for Universal AI,2,"environment, function"
568,Pattern Recognition Theory of Mind,"solving multiclass learning, multiclass, concept learning algorithm",DCT Based Texture Classification Using Soft Computing Approach,2,"pattern, pattern recognition"
569,Fact Sheet on Semantic Web,"learning, datum, model perspective",Probabilistic Semantic Web Mining Using Artificial Neural Analysis,3,"semantic, semantic web, web"
569,Fact Sheet on Semantic Web,"learning, datum, model perspective",Understanding Semantic Web and Ontologies: Theory and Applications,3,"semantic, semantic web, web"
569,Fact Sheet on Semantic Web,"learning, datum, model perspective","Toward the Implementation of Functions in the DLV System (Preliminary
  Technical Report)",2,"report, technical report"
569,Fact Sheet on Semantic Web,"learning, datum, model perspective",Modeling Computations in a Semantic Network,2,"semantic, semantic web"
570,Restart Strategy Selection using Machine Learning Techniques,"learning, datum, model perspective",Integrating Defeasible Argumentation and Machine Learning Techniques,3,"learning, machine learning, machine learning technique"
570,Restart Strategy Selection using Machine Learning Techniques,"learning, datum, model perspective",An Integrated Framework for Learning and Reasoning,2,"learning, machine learning"
570,Restart Strategy Selection using Machine Learning Techniques,"learning, datum, model perspective",Rule-based Machine Learning Methods for Functional Prediction,2,"learning, machine learning"
570,Restart Strategy Selection using Machine Learning Techniques,"learning, datum, model perspective",Reinforcement Learning: A Survey,2,"learning, machine learning"
571,Online Search Cost Estimation for SAT Solvers,"erase meaningful progress, search tree, solving search",Online Estimation of SAT Solving Runtime,6,"cost, modern sit solver, online, sit, sit solver present, solving sit problem"
571,Online Search Cost Estimation for SAT Solvers,"erase meaningful progress, search tree, solving search",Quantum Computing and Phase Transitions in Combinatorial Search,2,"problem, search"
571,Online Search Cost Estimation for SAT Solvers,"erase meaningful progress, search tree, solving search","A New Look at the Easy-Hard-Easy Pattern of Combinatorial Search
  Difficulty",2,"search, search cost"
571,Online Search Cost Estimation for SAT Solvers,"erase meaningful progress, search tree, solving search",A Framework for Searching AND/OR Graphs with Cycles,2,"problem, search"
571,Online Search Cost Estimation for SAT Solvers,"erase meaningful progress, search tree, solving search",Islands for SAT,2,"search, sit"
572,On Classification from Outlier View,"framework, seek improve, learning efficient problem","Cost-Sensitive Classification: Empirical Evaluation of a Hybrid Genetic
  Decision Tree Induction Algorithm",2,"algorithm, classification"
573,Convergence of Expected Utility for Universal AI,"agent, formula phi hold, statistical fact","Convergence of Expected Utilities with Algorithmic Probability
  Distributions",5,"agent, environment, function, utility, utility function"
573,Convergence of Expected Utility for Universal AI,"agent, formula phi hold, statistical fact","Great Expectations. Part II: Generalized Expected Utility as a Universal
  Decision Rule",4,"expect, expect utility, universal, utility"
573,Convergence of Expected Utility for Universal AI,"agent, formula phi hold, statistical fact",On rho in a Decision-Theoretic Apparatus of Dempster-Shafer Theory,3,"expect, expect utility, utility"
573,Convergence of Expected Utility for Universal AI,"agent, formula phi hold, statistical fact","Great Expectations. Part I: On the Customizability of Generalized
  Expected Utility",3,"expect utility, utility, utility function"
573,Convergence of Expected Utility for Universal AI,"agent, formula phi hold, statistical fact",From Statistical Knowledge Bases to Degrees of Belief,2,"agent, environment"
574,Knowledge Discovery of Hydrocyclone s Circuit Based on SONFIS and SORST,"information, modify, formulas",Modeling of Social Transitions Using Intelligent Systems,4,"approximate reasoning method, reasoning method, rough set theory, sonfis sorst"
574,Knowledge Discovery of Hydrocyclone s Circuit Based on SONFIS and SORST,"information, modify, formulas",Application of Rough Set Theory to Analysis of Hydrocyclone Operation,3,"analysis hydrocyclone, describe application, rough set theory"
574,Knowledge Discovery of Hydrocyclone s Circuit Based on SONFIS and SORST,"information, modify, formulas","Analysis of hydrocyclone performance based on information granulation
  theory",2,"analysis hydrocyclone, describe application"
574,Knowledge Discovery of Hydrocyclone s Circuit Based on SONFIS and SORST,"information, modify, formulas",Back analysis based on SOM-RST system,2,"describe application, rough set theory"
575,A Class of DSm Conditional Rules,"belief, paper introduce, class",Belief Conditioning Rules (BCRs),2,"conditioning, conditioning rule"
575,A Class of DSm Conditional Rules,"belief, paper introduce, class",Qualitative Belief Conditioning Rules (QBCR),2,"conditioning, conditioning rule"
576,View-based Propagator Derivation,"language, account semantic property, decompose solve",Perfect Derived Propagators,7,"constraint, derive, derive propagators, implement, implement max, implement minute, variant"
578,An improved axiomatic definition of information granulation,"information, modify, formulas",Rock mechanics modeling based on soft granulation theory,3,"granulation, information, information granulation"
578,An improved axiomatic definition of information granulation,"information, modify, formulas",Some improved results on communication between information systems,2,"information, information system"
578,An improved axiomatic definition of information granulation,"information, modify, formulas",Homomorphisms between fuzzy information systems revisited,2,"information, information system"
578,An improved axiomatic definition of information granulation,"information, modify, formulas",Game Information System,2,"information, information system"
578,An improved axiomatic definition of information granulation,"information, modify, formulas",Virtual information system on working area,2,"information, information system"
580,Reasoning about Cardinal Directions between Extended Objects,"system designer, control multi-agent, control","Integrating cardinal direction relations and other orientation relations
  in Qualitative Spatial Reasoning",2,"cardinal direction, direction relation"
580,Reasoning about Cardinal Directions between Extended Objects,"system designer, control multi-agent, control","Integrating existing cone-shaped and projection-based cardinal direction
  relations and a TCSP-like decidable generalisation",2,"cardinal direction, direction relation"
581,On Planning with Preferences in HTN,"control knowledge, virtual laboratory, result derive","Learning Probabilistic Hierarchical Task Networks to Capture User
  Preferences",3,"hierarchical task, hierarchical task network, task network"
583,A multiagent urban traffic simulation Part I: dealing with the ordinary,"present computing, teleo - reactive program, action autonomous","A multiagent urban traffic simulation. Part II: dealing with the
  extraordinary",5,"multiagent urban traffic, traffic simulation, urban, urban traffic, urban traffic simulation"
586,Back analysis based on SOM-RST system,"information, modify, formulas","Analysis of hydrocyclone performance based on information granulation
  theory",5,"describe application, granulation theory, information granulation theory, paper describe, paper describe application"
586,Back analysis based on SOM-RST system,"information, modify, formulas",Rock mechanics modeling based on soft granulation theory,5,"describe application, granulation theory, information granulation theory, paper describe, paper describe application"
586,Back analysis based on SOM-RST system,"information, modify, formulas",Application of Rough Set Theory to Analysis of Hydrocyclone Operation,4,"describe application, paper describe, paper describe application, rough set theory"
586,Back analysis based on SOM-RST system,"information, modify, formulas",Knowledge Discovery of Hydrocyclone s Circuit Based on SONFIS and SORST,2,"describe application, rough set theory"
589,Decomposition of the NVALUE constraint,"language, account semantic property, decompose solve",Decomposition of the NVALUE constraint,8,"constraint, decomposition, global, global nvalue, global nvalue constraint, nvalue, nvalue constraint, study decomposition"
589,Decomposition of the NVALUE constraint,"language, account semantic property, decompose solve",A Generic Global Constraint based on MDDs,2,"constraint, global"
589,Decomposition of the NVALUE constraint,"language, account semantic property, decompose solve",Generic Global Constraints based on MDDs,2,"constraint, global"
589,Decomposition of the NVALUE constraint,"language, account semantic property, decompose solve",Decomposition During Search for Propagation-Based Constraint Solvers,2,"constraint, decomposition"
589,Decomposition of the NVALUE constraint,"language, account semantic property, decompose solve",Learning DTW Global Constraint for Time Series Classification,2,"constraint, global"
590,Symmetries of Symmetry Breaking Constraints,"language, account semantic property, decompose solve",Symmetries of Symmetry Breaking Constraints,11,"break, break constraint, break constraint symmetry, constraint, constraint program, important feature, program, symmetries, symmetry, symmetry break, symmetry break constraint"
590,Symmetries of Symmetry Breaking Constraints,"language, account semantic property, decompose solve",Combining Symmetry Breaking and Global Constraints,4,"break, constraint, symmetry, symmetry break"
590,Symmetries of Symmetry Breaking Constraints,"language, account semantic property, decompose solve",Breaking Value Symmetry,3,"break, constraint, symmetry"
590,Symmetries of Symmetry Breaking Constraints,"language, account semantic property, decompose solve",Stochastic Constraint Programming: A Scenario-Based Approach,3,"constraint, constraint program, program"
590,Symmetries of Symmetry Breaking Constraints,"language, account semantic property, decompose solve",Weight Constraints as Nested Expressions,2,"constraint, program"
592,Flow-Based Propagators for the SEQUENCE and Related Global Constraints,"language, account semantic property, decompose solve",A Generic Global Constraint based on MDDs,2,"constraint base, global constraint"
593,The Weighted CFG Constraint,"language, account semantic property, decompose solve",The Essence of Constraint Propagation,2,"propagation, propagation algorithm"
595,"A multiagent urban traffic simulation. Part II: dealing with the
  extraordinary","present computing, teleo - reactive program, action autonomous",A multiagent urban traffic simulation Part I: dealing with the ordinary,5,"multiagent urban traffic, traffic simulation, urban, urban traffic, urban traffic simulation"
596,"A Local Search Modeling for Constrained Optimum Paths Problems (Extended
  Abstract)","search, gsat perform greedy, procedure propositional",When Gravity Fails: Local Search Topology,3,"local, local search, search"
596,"A Local Search Modeling for Constrained Optimum Paths Problems (Extended
  Abstract)","search, gsat perform greedy, procedure propositional",On Improving Local Search for Unsatisfiability,3,"local, local search, search"
596,"A Local Search Modeling for Constrained Optimum Paths Problems (Extended
  Abstract)","search, gsat perform greedy, procedure propositional",Toward an automaton Constraint for Local Search,3,"local, local search, search"
596,"A Local Search Modeling for Constrained Optimum Paths Problems (Extended
  Abstract)","search, gsat perform greedy, procedure propositional",Islands for SAT,2,"local search, search"
596,"A Local Search Modeling for Constrained Optimum Paths Problems (Extended
  Abstract)","search, gsat perform greedy, procedure propositional",Foundations of the Pareto Iterated Local Search Metaheuristic,2,"local search, search"
597,"Dynamic Demand-Capacity Balancing for Air Traffic Management Using
  Constraint-Based Local Search: First Results","search, gsat perform greedy, procedure propositional","Parallel local search for solving Constraint Problems on the Cell
  Broadband Engine (Preliminary Results)",3,"constraint - base local, constraint - base local search, local search"
598,On Improving Local Search for Unsatisfiability,"search, gsat perform greedy, procedure propositional",When Gravity Fails: Local Search Topology,3,"local, local search, search"
598,On Improving Local Search for Unsatisfiability,"search, gsat perform greedy, procedure propositional",Improving Local Search for Fuzzy Scheduling Problems,3,"improve local, improve local search, local search"
598,On Improving Local Search for Unsatisfiability,"search, gsat perform greedy, procedure propositional","A Local Search Modeling for Constrained Optimum Paths Problems (Extended
  Abstract)",3,"local, local search, search"
598,On Improving Local Search for Unsatisfiability,"search, gsat perform greedy, procedure propositional",Toward an automaton Constraint for Local Search,3,"local, local search, search"
598,On Improving Local Search for Unsatisfiability,"search, gsat perform greedy, procedure propositional",Islands for SAT,2,"local search, search"
600,A Constraint-directed Local Search Approach to Nurse Rostering Problems,"search, gsat perform greedy, procedure propositional","Randomised Variable Neighbourhood Search for Multi Objective
  Optimisation",4,"local search, local search approach, neighbourhood, neighbourhood search"
600,A Constraint-directed Local Search Approach to Nurse Rostering Problems,"search, gsat perform greedy, procedure propositional",Improving Local Search for Fuzzy Scheduling Problems,2,"local search, local search technique"
600,A Constraint-directed Local Search Approach to Nurse Rostering Problems,"search, gsat perform greedy, procedure propositional","Proceedings 6th International Workshop on Local Search Techniques in
  Constraint Satisfaction",2,"local search, local search technique"
602,"Parallel local search for solving Constraint Problems on the Cell
  Broadband Engine (Preliminary Results)","search, gsat perform greedy, procedure propositional","Dynamic Demand-Capacity Balancing for Air Traffic Management Using
  Constraint-Based Local Search: First Results",3,"constraint - base local, constraint - base local search, local search"
602,"Parallel local search for solving Constraint Problems on the Cell
  Broadband Engine (Preliminary Results)","search, gsat perform greedy, procedure propositional",When Gravity Fails: Local Search Topology,2,"local search, local search algorithm"
603,Toward an automaton Constraint for Local Search,"search, gsat perform greedy, procedure propositional",When Gravity Fails: Local Search Topology,3,"local, local search, search"
603,Toward an automaton Constraint for Local Search,"search, gsat perform greedy, procedure propositional","A Local Search Modeling for Constrained Optimum Paths Problems (Extended
  Abstract)",3,"local, local search, search"
603,Toward an automaton Constraint for Local Search,"search, gsat perform greedy, procedure propositional",On Improving Local Search for Unsatisfiability,3,"local, local search, search"
603,Toward an automaton Constraint for Local Search,"search, gsat perform greedy, procedure propositional",The Essence of Constraint Propagation,2,"constraint, local"
603,Toward an automaton Constraint for Local Search,"search, gsat perform greedy, procedure propositional",Islands for SAT,2,"local search, search"
604,"Proceedings 6th International Workshop on Local Search Techniques in
  Constraint Satisfaction","search, gsat perform greedy, procedure propositional",When Gravity Fails: Local Search Topology,2,"local search, search"
604,"Proceedings 6th International Workshop on Local Search Techniques in
  Constraint Satisfaction","search, gsat perform greedy, procedure propositional",Islands for SAT,2,"local search, search"
604,"Proceedings 6th International Workshop on Local Search Techniques in
  Constraint Satisfaction","search, gsat perform greedy, procedure propositional",Foundations of the Pareto Iterated Local Search Metaheuristic,2,"local search, search"
604,"Proceedings 6th International Workshop on Local Search Techniques in
  Constraint Satisfaction","search, gsat perform greedy, procedure propositional",Improving Local Search for Fuzzy Scheduling Problems,2,"local search, local search technique"
604,"Proceedings 6th International Workshop on Local Search Techniques in
  Constraint Satisfaction","search, gsat perform greedy, procedure propositional","A Local Search Modeling for Constrained Optimum Paths Problems (Extended
  Abstract)",2,"local search, search"
605,Tracking object's type changes with fuzzy based fusion rule,"fundamental principle underlying, comparative analysis, underlying partial - order plan","Target Type Tracking with PCR5 and Dempster's rules: A Comparative
  Analysis",5,"attribute datum, attribute datum fusion, dempster fusion rule, rule, target type estimation"
605,Tracking object's type changes with fuzzy based fusion rule,"fundamental principle underlying, comparative analysis, underlying partial - order plan","Importance of Sources using the Repeated Fusion Method and the
  Proportional Conflict Redistribution Rules #5 and #6",2,"fusion, fusion rule"
606,Finite element model selection using Particle Swarm Optimization,"algorithm, transformational plan, domain - independent algorithm",Truecluster: robust scalable clustering with model selection,2,"model, model selection"
606,Finite element model selection using Particle Swarm Optimization,"algorithm, transformational plan, domain - independent algorithm",Bayesian Approach to Neuro-Rough Models,2,"model, paper propose"
606,Finite element model selection using Particle Swarm Optimization,"algorithm, transformational plan, domain - independent algorithm",Dominion -- A constraint solver generator,2,"model, paper propose"
607,A Fuzzy Petri Nets Model for Computing With Words,"subdue discovery system, substructure, identify interesting",Retraction and Generalized Extension of Computing with Words,5,"computing, computing word, formal model, fuzzy, word"
608,"Emotion: Appraisal-coping model for the ""Cascades"" problem","introduce framework, model, foundation",Emotion : modèle d'appraisal-coping pour le problème des Cascades,5,"challenge nowadays, emotion, express human emotional, human emotional activity, model"
608,"Emotion: Appraisal-coping model for the ""Cascades"" problem","introduce framework, model, foundation",Translating between Horn Representations and their Characteristic Models,2,"model, problem"
608,"Emotion: Appraisal-coping model for the ""Cascades"" problem","introduce framework, model, foundation",Kalman-filtering using local interactions,2,"model, modelling"
608,"Emotion: Appraisal-coping model for the ""Cascades"" problem","introduce framework, model, foundation",Model-Driven Constraint Programming,2,"model, problem"
609,Emotion : modèle d'appraisal-coping pour le problème des Cascades,"introduce framework, model, foundation","Emotion: Appraisal-coping model for the ""Cascades"" problem",5,"challenge nowadays, emotion, express human emotional, human emotional activity, model"
610,"Covering rough sets based on neighborhoods: An approach without using
  neighborhoods","operation, model base, bayesian",Application of Rough Set Theory to Analysis of Hydrocyclone Operation,2,"rough set, rough set theory"
610,"Covering rough sets based on neighborhoods: An approach without using
  neighborhoods","operation, model base, bayesian",An axiomatic approach to the roughness measure of rough sets,2,"rough set, rough set theory"
611,An axiomatic approach to the roughness measure of rough sets,"information, modify, formulas",Application of Rough Set Theory to Analysis of Hydrocyclone Operation,3,"rough set, rough set theory, set theory"
611,An axiomatic approach to the roughness measure of rough sets,"information, modify, formulas",Modeling of Social Transitions Using Intelligent Systems,2,"rough set theory, set theory"
611,An axiomatic approach to the roughness measure of rough sets,"information, modify, formulas","Covering rough sets based on neighborhoods: An approach without using
  neighborhoods",2,"rough set, rough set theory"
612,Opportunistic Adaptation Knowledge Discovery,"knowledge basis, knowledge, adaptation",Adaptation Knowledge Discovery from a Case Base,4,"adaptation knowledge, adaptation knowledge discovery, case - base reasoning, knowledge discovery"
613,On Backtracking in Real-time Heuristic Search,"search, gsat perform greedy, procedure propositional",When Gravity Fails: Local Search Topology,2,"search, search algorithm"
613,On Backtracking in Real-time Heuristic Search,"search, gsat perform greedy, procedure propositional",Bidirectional Heuristic Search Reconsidered,2,"heuristic search, search"
614,New Generalization Bounds for Learning Kernels,"seemingly minor aspect, cognitive modeling, heat debate",Flexibly Instructable Agents,2,"learning, paper present"
614,New Generalization Bounds for Learning Kernels,"seemingly minor aspect, cognitive modeling, heat debate",Generalization of Clauses under Implication,2,"generalization, learning"
618,A general approach to belief change in answer set programming,"search problem, evaluation method, program",Logic Programs with Compiled Preferences,5,"answer set, answer set semantics, logic, logic program, program"
618,A general approach to belief change in answer set programming,"search problem, evaluation method, program",A Framework for Compiling Preferences in Logic Programs,5,"answer set, answer set semantics, logic, logic program, program"
618,A general approach to belief change in answer set programming,"search problem, evaluation method, program","Modeling Belief in Dynamic Systems, Part II: Revision and Update",4,"belief, belief change, belief revision, change"
618,A general approach to belief change in answer set programming,"search problem, evaluation method, program",A Compiler for Ordered Logic Programs,4,"answer set, answer set semantics, logic, logic program"
618,A general approach to belief change in answer set programming,"search problem, evaluation method, program",A Consistency-Based Model for Belief Change: Preliminary Report,4,"belief, belief change, change, revision"
619,"Oriented Straight Line Segment Algebra: Qualitative Spatial Reasoning
  about Oriented Objects","system designer, control multi-agent, control","Integrating cardinal direction relations and other orientation relations
  in Qualitative Spatial Reasoning",2,"qualitative spatial, qualitative spatial reasoning"
619,"Oriented Straight Line Segment Algebra: Qualitative Spatial Reasoning
  about Oriented Objects","system designer, control multi-agent, control",Relation Variables in Qualitative Spatial Reasoning,2,"qualitative spatial, qualitative spatial reasoning"
620,On a Model for Integrated Information,"solving multiclass learning, multiclass, concept learning algorithm","Causes and Explanations: A Structural-Model Approach, Part I: Causes",2,"model, part"
620,On a Model for Integrated Information,"solving multiclass learning, multiclass, concept learning algorithm",Model-Driven Constraint Programming,2,"model, modeling"
623,Web-Based Expert System for Civil Service Regulations: RCSES,"processing, intelligent agent, expect episode length",LEXSYS: Architecture and Implication for Intelligent Agent systems,2,"expert system, system"
626,$α$-Discounting Multi-Criteria Decision Making ($α$-D MCDM),"tree, small consistent decision, consistent decision tree","Knowledge Management in Economic Intelligence with Reasoning on Temporal
  Attributes",2,"decision, decision make"
627,Dominion -- A constraint solver generator,"operation, model base, bayesian",Bayesian Approach to Neuro-Rough Models,2,"model, paper propose"
627,Dominion -- A constraint solver generator,"operation, model base, bayesian",Decomposition During Search for Propagation-Based Constraint Solvers,2,"constraint, constraint solver"
627,Dominion -- A constraint solver generator,"operation, model base, bayesian",Finite element model selection using Particle Swarm Optimization,2,"model, paper propose"
627,Dominion -- A constraint solver generator,"operation, model base, bayesian",Model-Driven Constraint Programming,2,"constraint, model"
627,Dominion -- A constraint solver generator,"operation, model base, bayesian",Rewriting Constraint Models with Metamodels,2,"constraint, model"
629,Some improved results on communication between information systems,"information, modify, formulas",Homomorphisms between fuzzy information systems revisited,3,"consistent function, information, information system"
629,Some improved results on communication between information systems,"information, modify, formulas",Game Information System,3,"information, information system, system"
629,Some improved results on communication between information systems,"information, modify, formulas",Virtual information system on working area,3,"information, information system, system"
629,Some improved results on communication between information systems,"information, modify, formulas","Toward the Implementation of Functions in the DLV System (Preliminary
  Technical Report)",2,"function, system"
629,Some improved results on communication between information systems,"information, modify, formulas",An improved axiomatic definition of information granulation,2,"information, information system"
630,Homomorphisms between fuzzy information systems revisited,"information, modify, formulas",Some improved results on communication between information systems,3,"consistent function, information, information system"
630,Homomorphisms between fuzzy information systems revisited,"information, modify, formulas",An improved axiomatic definition of information granulation,2,"information, information system"
630,Homomorphisms between fuzzy information systems revisited,"information, modify, formulas",Game Information System,2,"information, information system"
630,Homomorphisms between fuzzy information systems revisited,"information, modify, formulas",Virtual information system on working area,2,"information, information system"
633,Model-Driven Constraint Programming,"language, account semantic property, decompose solve",Stochastic Constraint Programming: A Scenario-Based Approach,4,"constraint, constraint programming, program, programming"
633,Model-Driven Constraint Programming,"language, account semantic property, decompose solve",Scenario-based Stochastic Constraint Programming,3,"constraint, constraint programming, programming"
633,Model-Driven Constraint Programming,"language, account semantic property, decompose solve",Rewriting Constraint Models with Metamodels,3,"constraint, constraint programming, model"
633,Model-Driven Constraint Programming,"language, account semantic property, decompose solve",Translating between Horn Representations and their Characteristic Models,2,"model, problem"
633,Model-Driven Constraint Programming,"language, account semantic property, decompose solve",MUSE CSP: An Extension to the Constraint Satisfaction Problem,2,"constraint, problem"
634,Rewriting Constraint Models with Metamodels,"language, account semantic property, decompose solve",Model-Driven Constraint Programming,3,"constraint, constraint programming, model"
634,Rewriting Constraint Models with Metamodels,"language, account semantic property, decompose solve",Generic Global Constraints based on MDDs,2,"constraint, constraint programming"
634,Rewriting Constraint Models with Metamodels,"language, account semantic property, decompose solve",Reformulating Global Grammar Constraints,2,"constraint, language"
634,Rewriting Constraint Models with Metamodels,"language, account semantic property, decompose solve",Stochastic Constraint Programming: A Scenario-Based Approach,2,"constraint, constraint programming"
634,Rewriting Constraint Models with Metamodels,"language, account semantic property, decompose solve",Stochastic Constraint Programming,2,"constraint, constraint programming"
637,A new model for solution of complex distributed constrained problems,"language, account semantic property, decompose solve",Using Pivot Consistency to Decompose and Solve Functional CSPs,2,"constraint, constraint satisfaction"
637,A new model for solution of complex distributed constrained problems,"language, account semantic property, decompose solve",MUSE CSP: An Extension to the Constraint Satisfaction Problem,2,"constraint, constraint satisfaction"
637,A new model for solution of complex distributed constrained problems,"language, account semantic property, decompose solve",DATALOG with constraints - an answer-set programming system,2,"constraint, constraint satisfaction"
637,A new model for solution of complex distributed constrained problems,"language, account semantic property, decompose solve",Breaking Value Symmetry,2,"constraint, constraint satisfaction"
637,A new model for solution of complex distributed constrained problems,"language, account semantic property, decompose solve",Multiset Ordering Constraints,2,"constraint, constraint satisfaction"
640,Indexer Based Dynamic Web Services Discovery,"subdue discovery system, substructure, identify interesting",Spatial Aggregation: Theory and Applications,2,"important role, play important"
640,Indexer Based Dynamic Web Services Discovery,"subdue discovery system, substructure, identify interesting",Semantic Description of Parameters in Web Service Annotations,2,"service, web service"
640,Indexer Based Dynamic Web Services Discovery,"subdue discovery system, substructure, identify interesting","A Novel Two-Staged Decision Support based Threat Evaluation and Weapon
  Assignment Algorithm, Asset-based Dynamic Weapon Scheduling using Artificial
  Intelligence Techinques",2,"important role, play important"
641,"On the Failure of the Finite Model Property in some Fuzzy Description
  Logics","subdue discovery system, substructure, identify interesting",A Neutrosophic Description Logic,2,"fuzzy, structure knowledge"
642,A multivalued knowledge-base model,"fundamental principle underlying, comparative analysis, underlying partial - order plan",Retraction and Generalized Extension of Computing with Words,2,"fuzzy, model"
642,A multivalued knowledge-base model,"fundamental principle underlying, comparative analysis, underlying partial - order plan",A Neutrosophic Description Logic,2,"concept, fuzzy"
644,LEXSYS: Architecture and Implication for Intelligent Agent systems,"processing, intelligent agent, expect episode length",Web-Based Expert System for Civil Service Regulations: RCSES,2,"expert system, system"
647,"Importance of Sources using the Repeated Fusion Method and the
  Proportional Conflict Redistribution Rules #5 and #6","proportional conflict, proportional conflict redistribution, conflict redistribution",A Simple Proportional Conflict Redistribution Rule,5,"conflict redistribution, conflict redistribution rule, proportional conflict, proportional conflict redistribution, redistribution rule"
647,"Importance of Sources using the Repeated Fusion Method and the
  Proportional Conflict Redistribution Rules #5 and #6","proportional conflict, proportional conflict redistribution, conflict redistribution",Proportional Conflict Redistribution Rules for Information Fusion,5,"conflict redistribution, conflict redistribution rule, proportional conflict, proportional conflict redistribution, redistribution rule"
647,"Importance of Sources using the Repeated Fusion Method and the
  Proportional Conflict Redistribution Rules #5 and #6","proportional conflict, proportional conflict redistribution, conflict redistribution","A new generalization of the proportional conflict redistribution rule
  stable in terms of decision",5,"conflict redistribution, conflict redistribution rule, proportional conflict, proportional conflict redistribution, redistribution rule"
647,"Importance of Sources using the Repeated Fusion Method and the
  Proportional Conflict Redistribution Rules #5 and #6","proportional conflict, proportional conflict redistribution, conflict redistribution","Adaptative combination rule and proportional conflict redistribution
  rule for information fusion",4,"conflict redistribution, conflict redistribution rule, proportional conflict, proportional conflict redistribution"
647,"Importance of Sources using the Repeated Fusion Method and the
  Proportional Conflict Redistribution Rules #5 and #6","proportional conflict, proportional conflict redistribution, conflict redistribution","An In-Depth Look at Information Fusion Rules & the Unification of Fusion
  Theories",2,"conflict redistribution rule, proportional conflict redistribution"
648,Terrorism Event Classification Using Fuzzy Inference Systems,"learning, datum, model perspective","EvoNF: A Framework for Optimization of Fuzzy Inference Systems Using
  Neural Network Learning and Evolutionary Computation",4,"fuzzy, fuzzy inference, fuzzy inference system, inference system"
648,Terrorism Event Classification Using Fuzzy Inference Systems,"learning, datum, model perspective",On the relationship between fuzzy logic and four-valued relevance logic,2,"fuzzy, fuzzy logic"
648,Terrorism Event Classification Using Fuzzy Inference Systems,"learning, datum, model perspective",Business Intelligence from Web Usage Mining,2,"fuzzy inference, fuzzy inference system"
648,Terrorism Event Classification Using Fuzzy Inference Systems,"learning, datum, model perspective","Adaptation of Mamdani Fuzzy Inference System Using Neuro - Genetic
  Approach for Tactical Air Combat Decision Support System",2,"fuzzy inference, fuzzy inference system"
649,Probabilistic Semantic Web Mining Using Artificial Neural Analysis,"learning, datum, model perspective",Fact Sheet on Semantic Web,3,"semantic, semantic web, web"
649,Probabilistic Semantic Web Mining Using Artificial Neural Analysis,"learning, datum, model perspective",Understanding Semantic Web and Ontologies: Theory and Applications,3,"semantic, semantic web, web"
649,Probabilistic Semantic Web Mining Using Artificial Neural Analysis,"learning, datum, model perspective",Iterative Optimization and Simplification of Hierarchical Clusterings,2,"datum, search"
649,Probabilistic Semantic Web Mining Using Artificial Neural Analysis,"learning, datum, model perspective",Is Neural Network a Reliable Forecaster on Earth? A MARS Query!,2,"artificial neural, datum"
649,Probabilistic Semantic Web Mining Using Artificial Neural Analysis,"learning, datum, model perspective",Modeling Computations in a Semantic Network,2,"semantic, semantic web"
651,Symmetry within Solutions,"language, account semantic property, decompose solve",Breaking Value Symmetry,5,"constraint satisfaction, constraint satisfaction problem, problem, satisfaction problem, symmetry"
651,Symmetry within Solutions,"language, account semantic property, decompose solve",MUSE CSP: An Extension to the Constraint Satisfaction Problem,4,"constraint satisfaction, constraint satisfaction problem, problem, satisfaction problem"
651,Symmetry within Solutions,"language, account semantic property, decompose solve",Relation Variables in Qualitative Spatial Reasoning,4,"constraint satisfaction, constraint satisfaction problem, problem, satisfaction problem"
651,Symmetry within Solutions,"language, account semantic property, decompose solve",Symmetry within and between solutions,4,"problem, solution, solution symmetry, symmetry"
651,Symmetry within Solutions,"language, account semantic property, decompose solve",Using Pivot Consistency to Decompose and Solve Functional CSPs,3,"constraint satisfaction, constraint satisfaction problem, satisfaction problem"
652,Propagating Conjunctions of AllDifferent Constraints,"language, account semantic property, decompose solve",The Essence of Constraint Propagation,2,"constraint, propagation algorithm"
653,Decision Support Systems (DSS) in Construction Tendering Processes,"tree, small consistent decision, consistent decision tree","Multiagent Approach for the Representation of Information in a Decision
  Support System",5,"decision, decision support, decision support system, support, support system"
653,Decision Support Systems (DSS) in Construction Tendering Processes,"tree, small consistent decision, consistent decision tree","Adaptation of Mamdani Fuzzy Inference System Using Neuro - Genetic
  Approach for Tactical Air Combat Decision Support System",4,"decision support, decision support system, support, support system"
653,Decision Support Systems (DSS) in Construction Tendering Processes,"tree, small consistent decision, consistent decision tree",Decision Support Systems Using Intelligent Paradigms,3,"decision support, decision support system, support system"
653,Decision Support Systems (DSS) in Construction Tendering Processes,"tree, small consistent decision, consistent decision tree",Belief decision support and reject for textured images characterization,2,"decision, decision support"
653,Decision Support Systems (DSS) in Construction Tendering Processes,"tree, small consistent decision, consistent decision tree",Indonesian Earthquake Decision Support System,2,"decision support, decision support system"
654,Towards Closed World Reasoning in Dynamic Open Worlds (Extended Version),"knowledge basis, knowledge, adaptation",Decidable Reasoning in Terminological Knowledge Representation Systems,2,"knowledge, knowledge basis"
654,Towards Closed World Reasoning in Dynamic Open Worlds (Extended Version),"knowledge basis, knowledge, adaptation",Reasoning about Evolving Nonmonotonic Knowledge Bases,2,"knowledge, knowledge basis"
654,Towards Closed World Reasoning in Dynamic Open Worlds (Extended Version),"knowledge basis, knowledge, adaptation",Toward a Category Theory Design of Ontological Knowledge Bases,2,"knowledge, knowledge basis"
656,Ontology-based inference for causal explanation,"operation, model base, bayesian","Causes and Explanations: A Structural-Model Approach. Part II:
  Explanations",2,"causal, fact"
656,Ontology-based inference for causal explanation,"operation, model base, bayesian","EvoNF: A Framework for Optimization of Fuzzy Inference Systems Using
  Neural Network Learning and Evolutionary Computation",2,"inference, inference system"
657,The Exact Closest String Problem as a Constraint Satisfaction Problem,"language, account semantic property, decompose solve",MUSE CSP: An Extension to the Constraint Satisfaction Problem,5,"constraint, constraint satisfaction, constraint satisfaction problem, satisfaction, satisfaction problem"
657,The Exact Closest String Problem as a Constraint Satisfaction Problem,"language, account semantic property, decompose solve",Breaking Value Symmetry,5,"constraint, constraint satisfaction, constraint satisfaction problem, satisfaction, satisfaction problem"
657,The Exact Closest String Problem as a Constraint Satisfaction Problem,"language, account semantic property, decompose solve",Using Pivot Consistency to Decompose and Solve Functional CSPs,4,"constraint, constraint satisfaction, constraint satisfaction problem, satisfaction problem"
657,The Exact Closest String Problem as a Constraint Satisfaction Problem,"language, account semantic property, decompose solve","Logic Programming Approaches for Representing and Solving Constraint
  Satisfaction Problems: A Comparison",3,"constraint satisfaction, constraint satisfaction problem, satisfaction problem"
657,The Exact Closest String Problem as a Constraint Satisfaction Problem,"language, account semantic property, decompose solve",Relation Variables in Qualitative Spatial Reasoning,3,"constraint satisfaction, constraint satisfaction problem, satisfaction problem"
662,On Building a Knowledge Base for Stability Theory,"deficient domain, theory revision, revision problem",A Hierarchy of Tractable Subsets for Computing Stable Models,2,"knowledge, knowledge base"
662,On Building a Knowledge Base for Stability Theory,"deficient domain, theory revision, revision problem",A Consistency-Based Model for Belief Change: Preliminary Report,2,"knowledge, knowledge base"
662,On Building a Knowledge Base for Stability Theory,"deficient domain, theory revision, revision problem",What does a conditional knowledge base entail?,2,"knowledge, knowledge base"
662,On Building a Knowledge Base for Stability Theory,"deficient domain, theory revision, revision problem",Mathematical Models in Schema Theory,2,"mathematical, theory"
662,On Building a Knowledge Base for Stability Theory,"deficient domain, theory revision, revision problem",Toward a Category Theory Design of Ontological Knowledge Bases,2,"knowledge, theory"
664,"Feature Selection Using Regularization in Approximate Linear Programs
  for Markov Decision Processes","agent, formula phi hold, statistical fact","A Model Approximation Scheme for Planning in Partially Observable
  Stochastic Domains",3,"decision process, markov decision, markov decision process"
664,"Feature Selection Using Regularization in Approximate Linear Programs
  for Markov Decision Processes","agent, formula phi hold, statistical fact",MDPs with Unawareness,3,"decision process, markov decision, markov decision process"
667,A Soft Computing Model for Physicians' Decision Process,"solving multiclass learning, multiclass, concept learning algorithm",Improving Local Search for Fuzzy Scheduling Problems,3,"fuzzy set, fuzzy set theory, set theory"
667,A Soft Computing Model for Physicians' Decision Process,"solving multiclass learning, multiclass, concept learning algorithm",DCT Based Texture Classification Using Soft Computing Approach,2,"soft computing, soft computing model"
667,A Soft Computing Model for Physicians' Decision Process,"solving multiclass learning, multiclass, concept learning algorithm","Short Term Load Forecasting Models in Czech Republic Using Soft
  Computing Paradigms",2,"soft computing, soft computing model"
669,"Inaccuracy Minimization by Partioning Fuzzy Data Sets - Validation of
  Analystical Methodology","probabilistic network traditional, commonly support, network traditional database","Artificial Neural Networks and Support Vector Machines for Water Demand
  Time Series Forecasting",2,"time series, time series forecasting"
671,"Automated Reasoning and Presentation Support for Formalizing Mathematics
  in Mizar","knowledge basis, knowledge, adaptation",Granularity-Adaptive Proof Presentation,2,"presentation, proof presentation"
672,Integrating Structured Metadata with Relational Affinity Propagation,"allow user, user interface, interface","Growing a Tree in the Forest: Constructing Folksonomies by Integrating
  Structured Metadata",3,"integrating structure, integrating structure metadata, structure"
673,A Formalization of the Turing Test,"paper, year, machine",Tests of Machine Intelligence,3,"machine, test, turing test"
673,A Formalization of the Turing Test,"paper, year, machine",Beyond Turing Machines,3,"machine, turing, turing machine"
674,"Growing a Tree in the Forest: Constructing Folksonomies by Integrating
  Structured Metadata","allow user, user interface, interface",Constructing Folksonomies from User-specified Relations on Flickr,6,"construct folksonomy, content, descriptive metadata, social, social web, social web site"
674,"Growing a Tree in the Forest: Constructing Folksonomies by Integrating
  Structured Metadata","allow user, user interface, interface",Integrating Structured Metadata with Relational Affinity Propagation,3,"integrating structure, integrating structure metadata, structure"
675,Symmetries of Symmetry Breaking Constraints,"language, account semantic property, decompose solve",Symmetries of Symmetry Breaking Constraints,11,"break, break constraint, break constraint symmetry, constraint, constraint program, important feature, program, symmetries, symmetry, symmetry break, symmetry break constraint"
675,Symmetries of Symmetry Breaking Constraints,"language, account semantic property, decompose solve",Breaking Value Symmetry,4,"break, constraint, important, symmetry"
675,Symmetries of Symmetry Breaking Constraints,"language, account semantic property, decompose solve",Combining Symmetry Breaking and Global Constraints,4,"break, constraint, symmetry, symmetry break"
675,Symmetries of Symmetry Breaking Constraints,"language, account semantic property, decompose solve",Stochastic Constraint Programming: A Scenario-Based Approach,3,"constraint, constraint program, program"
675,Symmetries of Symmetry Breaking Constraints,"language, account semantic property, decompose solve",Weight Constraints as Nested Expressions,2,"constraint, program"
676,"Learning Probabilistic Hierarchical Task Networks to Capture User
  Preferences","control knowledge, virtual laboratory, result derive",On Planning with Preferences in HTN,3,"hierarchical task, hierarchical task network, task network"
678,Variational Program Inference,"introduce framework, model, foundation",Unfolding Partiality and Disjunctions in Stable Model Semantics,2,"model, program"
678,Variational Program Inference,"introduce framework, model, foundation",Model-Driven Constraint Programming,2,"model, program"
680,Game Information System,"information, modify, formulas",Some improved results on communication between information systems,3,"information, information system, system"
680,Game Information System,"information, modify, formulas",Virtual information system on working area,3,"information, information system, system"
680,Game Information System,"information, modify, formulas",An improved axiomatic definition of information granulation,2,"information, information system"
680,Game Information System,"information, modify, formulas",Homomorphisms between fuzzy information systems revisited,2,"information, information system"
681,Virtual information system on working area,"information, modify, formulas",Some improved results on communication between information systems,3,"information, information system, system"
681,Virtual information system on working area,"information, modify, formulas",Game Information System,3,"information, information system, system"
681,Virtual information system on working area,"information, modify, formulas",An improved axiomatic definition of information granulation,2,"information, information system"
681,Virtual information system on working area,"information, modify, formulas",Homomorphisms between fuzzy information systems revisited,2,"information, information system"
682,Indonesian Earthquake Decision Support System,"tree, small consistent decision, consistent decision tree","Adaptation of Mamdani Fuzzy Inference System Using Neuro - Genetic
  Approach for Tactical Air Combat Decision Support System",2,"decision support, decision support system"
682,Indonesian Earthquake Decision Support System,"tree, small consistent decision, consistent decision tree",Decision Support Systems Using Intelligent Paradigms,2,"decision support, decision support system"
682,Indonesian Earthquake Decision Support System,"tree, small consistent decision, consistent decision tree","Multiagent Approach for the Representation of Information in a Decision
  Support System",2,"decision support, decision support system"
682,Indonesian Earthquake Decision Support System,"tree, small consistent decision, consistent decision tree",Decision Support Systems (DSS) in Construction Tendering Processes,2,"decision support, decision support system"
683,MDPs with Unawareness,"agent, formula phi hold, statistical fact","A Model Approximation Scheme for Planning in Partially Observable
  Stochastic Domains",3,"decision process, markov decision, markov decision process"
683,MDPs with Unawareness,"agent, formula phi hold, statistical fact","Feature Selection Using Regularization in Approximate Linear Programs
  for Markov Decision Processes",3,"decision process, markov decision, markov decision process"
685,"A General Framework for Equivalences in Answer-Set Programming by
  Countermodels in the Logic of Here-and-There","search problem, evaluation method, program","Well-Founded Semantics for Extended Logic Programs with Dynamic
  Preferences",3,"logic, program, semantics"
685,"A General Framework for Equivalences in Answer-Set Programming by
  Countermodels in the Logic of Here-and-There","search problem, evaluation method, program","Comparisons and Computation of Well-founded Semantics for Disjunctive
  Logic Programs",3,"logic, program, semantics"
685,"A General Framework for Equivalences in Answer-Set Programming by
  Countermodels in the Logic of Here-and-There","search problem, evaluation method, program",A general approach to belief change in answer set programming,3,"logic, program, programming"
685,"A General Framework for Equivalences in Answer-Set Programming by
  Countermodels in the Logic of Here-and-There","search problem, evaluation method, program",Practical Methods for Proving Termination of General Logic Programs,2,"logic, program"
685,"A General Framework for Equivalences in Answer-Set Programming by
  Countermodels in the Logic of Here-and-There","search problem, evaluation method, program",Uniform semantic treatment of default and autoepistemic logics,2,"logic, semantics"
687,Vagueness of Linguistic variable,"deficient domain, theory revision, revision problem","2006: Celebrating 75 years of AI - History and Outlook: the Next 25
  Years",2,"computer science, theory"
688,An Efficient Technique for Similarity Identification between Ontologies,"underlying, classification, performance problem",Considerations on Construction Ontologies,2,"ontology, semantic heterogeneity"
688,An Efficient Technique for Similarity Identification between Ontologies,"underlying, classification, performance problem",Understanding Semantic Web and Ontologies: Theory and Applications,2,"ontology, semantic"
689,The State of the Art: Ontology Web-Based Languages: XML Based,"language, account semantic property, decompose solve",Reformulating Global Grammar Constraints,2,"formal language, language"
690,Understanding Semantic Web and Ontologies: Theory and Applications,"learning, datum, model perspective",Fact Sheet on Semantic Web,3,"semantic, semantic web, web"
690,Understanding Semantic Web and Ontologies: Theory and Applications,"learning, datum, model perspective",Probabilistic Semantic Web Mining Using Artificial Neural Analysis,3,"semantic, semantic web, web"
690,Understanding Semantic Web and Ontologies: Theory and Applications,"learning, datum, model perspective",Modeling Computations in a Semantic Network,2,"semantic, semantic web"
690,Understanding Semantic Web and Ontologies: Theory and Applications,"learning, datum, model perspective",An Efficient Technique for Similarity Identification between Ontologies,2,"ontology, semantic"
691,GroupLiNGAM: Linear non-Gaussian acyclic models for sets of variables,"graphical model, graphical, case study",Operations for Learning with Graphical Models,2,"algorithm, graphical model"
695,Decomposition of the NVALUE constraint,"language, account semantic property, decompose solve",Decomposition of the NVALUE constraint,8,"constraint, decomposition, global, global nvalue, global nvalue constraint, nvalue, nvalue constraint, study decomposition"
695,Decomposition of the NVALUE constraint,"language, account semantic property, decompose solve",A Generic Global Constraint based on MDDs,3,"constraint, global, global constraint"
695,Decomposition of the NVALUE constraint,"language, account semantic property, decompose solve",Generic Global Constraints based on MDDs,3,"constraint, global, global constraint"
695,Decomposition of the NVALUE constraint,"language, account semantic property, decompose solve",Serious Flaws in Korf et al.'s Analysis on Time Complexity of A*,3,"complexity, time, time complexity"
695,Decomposition of the NVALUE constraint,"language, account semantic property, decompose solve",Learning DTW Global Constraint for Time Series Classification,3,"constraint, global, global constraint"
696,Symmetry within and between solutions,"language, account semantic property, decompose solve",Symmetry within Solutions,4,"problem, solution, solution symmetry, symmetry"
696,Symmetry within and between solutions,"language, account semantic property, decompose solve",Breaking Value Symmetry,3,"constraint, problem, symmetry"
696,Symmetry within and between solutions,"language, account semantic property, decompose solve",MUSE CSP: An Extension to the Constraint Satisfaction Problem,2,"constraint, problem"
696,Symmetry within and between solutions,"language, account semantic property, decompose solve",Probabilistic Default Reasoning with Conditional Constraints,2,"constraint, reasoning"
696,Symmetry within and between solutions,"language, account semantic property, decompose solve",Relation Variables in Qualitative Spatial Reasoning,2,"problem, reasoning"
698,Local search for stable marriage problems with ties and incomplete lists,"knowledge representation system, knowledge representation, representation system",On the Expressibility of Stable Logic Programming,2,"problem, stable"
